id,neighborhood,house_style,lot_area,gr_liv_area,total_bsmt_sf,garage_area,year_built,year_remod,overall_qual,overall_cond,full_bath,half_bath,bedroom_abvgr,totrms_abvgrd,fireplaces,distance_to_downtown_km,school_rating,crime_index,median_income_area,has_pool,noise_1,noise_2,noise_3,sale_price,true_price_no_noise
1,Suburbia,SplitLevel,5637.0,1640.0,1017.0,527.0,1929,1969,5,2,1,1,6,8,2,3.21,1.0,35.7,94.4,False,0.992,0.163,95.0,341000.0,323771.0
2,Hillcrest,1Story,9594.0,1220.0,1325.0,742.0,1900,1904,3,5,1,1,5,5,1,24.34,,32.4,90.6,True,-0.157,0.107,8.0,344800.0,357466.0
3,Suburbia,2Story,6551.0,2976.0,1204.0,0.0,1952,1956,10,3,1,2,3,4,0,4.16,1.0,8.7,93.8,True,-0.243,0.463,2.0,481900.0,458794.0
4,Suburbia,1.5Story,4550.0,1837.0,,120.0,1907,1926,4,1,2,2,4,6,0,12.13,4.0,68.6,67.2,False,-0.392,0.345,53.0,262700.0,266138.0
5,Downtown,2Story,7327.0,2619.0,1384.0,506.0,1946,1974,10,3,1,1,5,6,1,9.37,9.0,54.0,53.9,False,-1.721,0.045,48.0,477400.0,472942.0
6,Old Town,1.5Story,12883.0,2341.0,827.0,429.0,1979,1988,6,10,2,1,6,9,2,8.01,1.0,27.2,51.9,False,-0.099,0.065,52.0,346500.0,347376.0
7,Suburbia,1Story,9521.0,1564.0,1054.0,284.0,1947,1951,10,6,1,0,4,4,0,3.5,10.0,0.0,88.5,False,0.483,0.299,99.0,384600.0,394106.0
8,Suburbia,2Story,16420.0,1568.0,819.0,517.0,1985,1986,6,8,2,0,2,6,2,6.11,10.0,0.0,96.9,False,0.232,0.783,42.0,390400.0,405184.0
9,Downtown,2Story,8622.0,2645.0,1144.0,601.0,1937,1959,2,6,2,1,6,9,2,4.07,9.0,75.1,51.4,False,0.693,0.851,84.0,416700.0,414118.0
10,Hillcrest,1.5Story,19086.0,2654.0,792.0,353.0,1950,1990,7,4,3,1,4,6,0,0.57,7.0,31.5,22.6,False,0.741,0.066,68.0,602000.0,398472.0
11,Hillcrest,2Story,8623.0,818.0,1642.0,0.0,2010,2026,5,5,3,1,2,6,1,10.85,2.0,50.3,67.7,False,2.198,0.172,6.0,293300.0,296070.0
12,Old Town,SplitLevel,8167.0,2152.0,1797.0,138.0,1930,1960,9,10,1,0,3,3,0,17.27,1.0,16.0,51.7,False,-1.129,0.339,41.0,348600.0,353686.0
13,Suburbia,1.5Story,5178.0,1783.0,1317.0,353.0,1963,1965,4,3,1,0,4,4,2,12.09,10.0,28.9,55.3,False,0.235,0.65,13.0,238900.0,321075.0
14,Suburbia,1.5Story,11953.0,1282.0,1597.0,,1990,1998,2,4,2,1,6,9,1,11.79,4.0,29.9,63.7,False,0.347,0.285,85.0,268200.0,290451.0
15,Hillcrest,2Story,6797.0,1994.0,304.0,377.0,1945,1972,2,9,2,2,6,7,1,3.89,5.0,39.8,75.4,True,-0.32,0.222,36.0,325400.0,364606.0
16,Lakeside,1.5Story,6461.0,1108.0,353.0,351.0,1938,1954,8,4,3,2,2,6,0,1.65,1.0,36.8,53.9,False,-0.632,0.588,77.0,338500.0,328146.0
17,Riverside,SplitLevel,12688.0,1593.0,815.0,551.0,1987,1988,3,10,1,0,5,6,1,5.18,1.0,16.6,70.4,False,0.499,0.681,7.0,345100.0,331207.0
18,Downtown,2Story,12154.0,1411.0,967.0,534.0,1909,1918,7,10,2,1,6,8,2,1.0,6.0,16.3,65.7,False,0.403,0.487,33.0,386300.0,418021.0
19,Suburbia,1Story,12043.0,1575.0,867.0,492.0,1933,1965,2,1,2,1,5,8,2,0.47,5.0,33.4,26.5,False,-1.053,0.668,80.0,259000.0,253850.0
20,Suburbia,2Story,7138.0,1811.0,260.0,591.0,1951,1979,1,7,2,0,5,8,0,7.05,8.0,0.0,77.8,True,-1.798,0.004,89.0,343400.0,340722.0
21,Suburbia,1Story,7960.0,1291.0,1434.0,355.0,1927,1960,8,1,2,1,5,6,1,2.23,9.0,18.5,59.9,False,-0.492,0.328,2.0,319900.0,336294.0
22,Hillcrest,1.5Story,7935.0,2715.0,1855.0,285.0,1967,1981,4,9,2,0,4,8,2,3.27,1.0,31.9,45.3,False,-0.673,0.609,49.0,423900.0,412815.0
23,Old Town,1Story,10656.0,2121.0,1488.0,376.0,1978,2016,6,2,1,1,5,7,0,13.85,10.0,42.9,54.9,False,0.603,0.651,87.0,352000.0,337933.0
24,Old Town,1Story,13957.0,2837.0,1406.0,0.0,2021,2026,1,9,2,2,4,6,2,1.57,10.0,65.1,71.7,False,-0.924,0.194,46.0,373300.0,360226.0
25,Suburbia,1Story,9217.0,1762.0,1045.0,132.0,1975,1990,2,8,2,2,6,7,1,5.55,6.0,25.5,68.8,False,-0.178,0.332,29.0,325800.0,304207.0
26,Lakeside,2Story,16175.0,1548.0,596.0,373.0,1974,1982,1,6,1,0,3,4,1,5.86,4.0,35.7,79.6,False,-1.707,0.226,72.0,368700.0,356330.0
27,Riverside,2Story,11092.0,2817.0,980.0,637.0,1991,2026,3,3,3,1,5,9,2,0.42,2.0,0.0,75.9,False,-1.551,0.899,79.0,422700.0,432978.0
28,Downtown,SplitLevel,7464.0,1532.0,1834.0,588.0,1926,1940,3,3,2,2,2,3,1,3.2,3.0,41.7,46.9,False,-0.769,0.296,95.0,442500.0,348112.0
29,Downtown,1Story,10830.0,1752.0,802.0,544.0,1959,1979,4,5,3,2,4,7,0,1.78,8.0,16.8,22.0,False,-0.251,0.882,91.0,352300.0,347581.0
30,Suburbia,1Story,14722.0,2246.0,,481.0,2004,2026,3,9,2,0,6,10,0,4.25,2.0,28.8,70.2,False,-0.82,0.884,3.0,362400.0,343574.0
31,Suburbia,1.5Story,16308.0,1169.0,1415.0,692.0,1922,1933,5,9,3,1,3,5,2,6.02,10.0,,79.4,False,0.143,0.526,81.0,364800.0,367898.0
32,Old Town,2Story,12276.0,2241.0,,290.0,1936,1972,10,6,1,2,5,8,1,3.08,2.0,45.4,64.4,False,-1.701,0.871,17.0,382400.0,390255.0
33,Hillcrest,2Story,8176.0,2171.0,594.0,306.0,1927,1933,1,3,3,2,4,6,2,4.64,8.0,5.9,79.9,True,-0.215,0.077,83.0,368100.0,388572.0
34,Hillcrest,2Story,7511.0,2548.0,840.0,0.0,2020,2026,9,6,1,0,2,4,2,15.43,9.0,51.0,50.0,True,-0.203,0.126,80.0,429100.0,418251.0
35,Riverside,SplitLevel,9913.0,2340.0,739.0,464.0,1944,1959,5,9,3,0,2,7,2,3.14,3.0,34.2,61.8,False,-1.448,0.407,23.0,379400.0,376815.0
36,Lakeside,1.5Story,14558.0,2565.0,979.0,0.0,1940,1959,6,6,1,0,2,5,2,10.67,5.0,60.3,51.4,False,0.228,0.692,44.0,394300.0,405052.0
37,Downtown,1Story,9432.0,1789.0,1414.0,0.0,2002,2011,7,9,1,2,4,6,2,1.06,6.0,64.2,80.6,False,-2.169,0.971,77.0,409800.0,400306.0
38,Riverside,2Story,9500.0,1376.0,612.0,0.0,2014,2026,8,1,2,0,3,4,1,0.81,8.0,67.1,51.6,False,-0.685,0.467,85.0,294300.0,298505.0
39,Lakeside,2Story,8250.0,3010.0,1408.0,326.0,1900,1927,10,6,2,1,6,7,1,2.86,1.0,6.5,105.1,False,0.787,0.007,87.0,543600.0,559948.0
40,Suburbia,1Story,7225.0,1010.0,993.0,322.0,2010,2026,10,1,1,0,5,7,2,2.98,3.0,43.0,59.0,False,-2.225,0.182,35.0,305900.0,289425.0
41,Hillcrest,1Story,7656.0,1065.0,1927.0,0.0,1989,2019,1,7,2,2,2,5,2,3.3,2.0,3.5,82.4,False,0.671,0.438,7.0,293100.0,318649.0
42,Suburbia,SplitLevel,8496.0,2161.0,1084.0,493.0,2008,2026,5,7,3,0,4,9,2,2.99,4.0,61.0,59.2,False,-1.166,0.69,97.0,343600.0,341816.0
43,Suburbia,1.5Story,14785.0,2744.0,909.0,,1910,1936,6,4,1,1,5,8,2,2.28,7.0,63.9,92.1,False,-0.59,0.587,86.0,427700.0,429096.0
44,Hillcrest,1Story,7451.0,1954.0,1191.0,414.0,1904,1931,6,8,3,0,5,10,0,7.64,5.0,54.6,91.4,False,1.407,0.876,21.0,378300.0,398615.0
45,Suburbia,1.5Story,8254.0,2400.0,808.0,411.0,1942,1971,10,10,3,1,2,6,1,5.2,5.0,26.5,62.2,False,-0.627,0.266,58.0,416800.0,412799.0
46,Suburbia,SplitLevel,5986.0,752.0,196.0,690.0,2007,2026,7,5,3,1,2,6,2,8.58,5.0,45.9,72.9,True,1.614,0.54,94.0,274700.0,283246.0
47,Hillcrest,1Story,10413.0,1575.0,849.0,618.0,1962,1970,5,5,3,2,4,8,0,0.73,1.0,24.0,90.9,False,-0.305,0.144,32.0,392300.0,371484.0
48,Hillcrest,1Story,13073.0,819.0,842.0,483.0,1990,2011,10,2,1,1,6,6,0,11.56,1.0,35.3,73.5,False,-0.085,0.645,78.0,333200.0,320730.0
49,Suburbia,SplitLevel,14308.0,2279.0,281.0,210.0,1930,1937,8,1,3,1,2,5,2,0.82,3.0,33.2,51.4,True,0.842,0.762,48.0,344600.0,341871.0
50,Downtown,2Story,8701.0,999.0,919.0,330.0,1942,1949,8,5,2,0,2,3,2,2.72,1.0,0.0,69.3,False,0.544,0.513,97.0,334600.0,365408.0
51,Lakeside,SplitLevel,9907.0,1147.0,82.0,291.0,2010,2026,7,5,1,2,2,3,1,6.11,9.0,18.8,54.5,False,0.154,0.448,40.0,329100.0,336018.0
52,Downtown,2Story,7679.0,2133.0,804.0,466.0,1961,1980,1,8,3,2,3,5,2,1.88,10.0,80.4,70.7,False,-0.463,0.186,16.0,375900.0,383766.0
53,Suburbia,1Story,9748.0,2434.0,1052.0,379.0,1998,2026,10,9,2,2,6,10,1,7.55,5.0,33.3,53.8,False,-1.551,0.934,95.0,418200.0,403272.0
54,Suburbia,1.5Story,9044.0,1763.0,991.0,716.0,1980,2009,8,2,3,2,6,11,1,6.45,7.0,38.2,74.7,False,-1.502,0.606,35.0,377100.0,374912.0
55,Suburbia,1Story,8270.0,2164.0,777.0,209.0,1922,1923,2,2,2,0,3,6,2,9.88,1.0,34.8,35.8,False,1.313,0.815,27.0,259200.0,255264.0
56,Suburbia,1Story,8503.0,2146.0,914.0,274.0,2018,2026,3,6,1,2,5,6,1,2.02,1.0,26.8,47.8,False,1.699,0.024,19.0,311500.0,298930.0
57,Hillcrest,1Story,9492.0,1732.0,621.0,499.0,2019,2026,4,4,3,2,2,4,2,4.88,7.0,35.7,53.7,True,0.13,0.251,41.0,373200.0,353022.0
58,Riverside,2Story,7310.0,1248.0,955.0,543.0,1998,2010,3,8,3,1,4,8,2,10.43,8.0,26.9,65.1,False,-1.774,0.482,82.0,352300.0,334263.0
59,Downtown,2Story,7444.0,2161.0,974.0,120.0,1959,1966,7,4,2,0,5,6,2,1.49,10.0,0.0,40.8,False,-0.772,0.536,34.0,420500.0,413696.0
60,Downtown,2Story,14729.0,2187.0,572.0,0.0,1953,1980,6,5,2,1,6,7,0,11.31,4.0,50.7,52.1,False,-0.822,0.405,26.0,353600.0,356964.0
61,Suburbia,1Story,20925.0,2342.0,1062.0,418.0,1937,1942,3,5,1,1,6,6,2,1.71,5.0,67.3,82.0,False,-0.556,0.337,44.0,365900.0,360545.0
62,Riverside,1Story,5316.0,2022.0,1060.0,677.0,1981,1999,7,7,3,2,2,5,1,1.88,8.0,,84.1,False,-0.885,0.45,52.0,433200.0,433612.0
63,Riverside,2Story,5214.0,1207.0,880.0,762.0,1939,1951,3,1,3,0,4,8,0,5.89,2.0,26.7,22.4,False,0.521,0.366,82.0,274400.0,264718.0
64,Suburbia,SplitLevel,5796.0,2230.0,1967.0,394.0,1923,1962,2,9,3,2,2,5,1,10.63,10.0,65.0,57.4,True,0.247,0.04,19.0,366200.0,373270.0
65,Suburbia,1Story,7815.0,1849.0,891.0,0.0,1907,1939,10,4,2,0,2,6,1,1.17,3.0,19.6,90.9,False,1.58,0.693,32.0,374100.0,362967.0
66,Riverside,1Story,11087.0,1584.0,833.0,326.0,1953,1967,4,3,3,2,2,6,1,1.51,1.0,42.8,74.9,False,-0.389,0.771,70.0,312700.0,312077.0
67,Riverside,1Story,9966.0,1688.0,773.0,0.0,2002,2014,3,7,3,2,6,11,2,5.62,8.0,100.0,75.3,False,0.2,0.311,42.0,300400.0,295656.0
68,Hillcrest,2Story,8606.0,1470.0,542.0,705.0,1999,2026,8,2,2,1,3,5,0,1.06,10.0,47.6,78.2,False,0.741,0.966,74.0,373100.0,387871.0
69,Downtown,1.5Story,9751.0,2339.0,1238.0,661.0,2007,2026,8,6,3,0,5,8,1,1.96,5.0,36.4,50.7,False,1.022,0.987,44.0,445000.0,448431.0
70,Hillcrest,1Story,6360.0,1070.0,662.0,455.0,1976,1998,2,1,1,1,5,5,0,6.4,2.0,52.6,71.9,False,-1.235,0.569,11.0,259300.0,253734.0
71,Lakeside,2Story,7439.0,1304.0,711.0,326.0,2009,2011,1,3,3,2,6,8,2,0.69,2.0,50.5,76.5,False,0.405,0.794,86.0,320900.0,323191.0
72,Hillcrest,SplitLevel,8046.0,1669.0,724.0,461.0,1998,2001,9,8,2,2,4,5,2,3.11,3.0,21.8,69.9,False,0.147,0.546,68.0,359100.0,388163.0
73,Suburbia,SplitLevel,4654.0,2738.0,536.0,681.0,2001,2026,6,4,2,1,6,7,1,3.98,6.0,0.3,60.9,False,0.303,0.261,13.0,375700.0,390938.0
74,Lakeside,1.5Story,5397.0,2430.0,215.0,396.0,1964,1983,5,10,2,1,4,8,2,0.47,,46.9,67.1,True,0.06,0.07,16.0,442000.0,437748.0
75,Downtown,SplitLevel,5472.0,948.0,756.0,170.0,1910,1944,5,4,3,1,5,9,0,22.58,7.0,49.9,47.5,False,1.713,0.344,33.0,282200.0,263611.0
76,Hillcrest,SplitLevel,10588.0,2593.0,1317.0,402.0,1947,1948,6,7,2,0,5,8,2,1.35,8.0,29.0,79.1,False,-0.891,0.185,95.0,450800.0,453663.0
77,Hillcrest,1Story,8830.0,2592.0,1033.0,415.0,2006,2013,7,1,2,1,4,6,1,1.35,3.0,67.9,42.2,False,-0.95,0.922,29.0,367700.0,373728.0
78,Suburbia,1Story,10035.0,1204.0,1605.0,169.0,1993,2025,1,10,2,2,3,6,1,3.07,2.0,63.9,53.3,True,-0.821,0.971,87.0,281500.0,268443.0
79,Riverside,1Story,4256.0,500.0,1265.0,497.0,1901,1941,3,7,2,0,2,5,0,15.03,10.0,50.5,80.3,False,-0.29,0.532,48.0,279900.0,279759.0
80,Suburbia,2Story,4821.0,1810.0,1170.0,541.0,1911,1941,10,8,2,2,2,6,1,3.38,2.0,29.4,73.2,False,0.293,0.563,20.0,406100.0,396862.0
81,Suburbia,2Story,10220.0,2467.0,1741.0,758.0,1982,1982,2,4,1,0,4,7,2,8.28,6.0,0.0,59.3,False,-0.456,0.93,11.0,400100.0,403765.0
82,Hillcrest,2Story,3064.0,2725.0,909.0,247.0,2023,2025,10,3,2,0,3,6,1,3.37,3.0,31.5,37.2,False,1.006,0.747,34.0,405800.0,410832.0
83,Suburbia,1.5Story,12439.0,1371.0,976.0,577.0,1992,2026,5,5,1,2,3,6,0,5.97,8.0,0.0,67.2,False,-0.004,0.162,22.0,347700.0,337527.0
84,Lakeside,1.5Story,4281.0,2814.0,945.0,615.0,2019,2026,2,3,3,0,5,9,2,4.12,4.0,0.0,56.7,False,-0.096,0.952,59.0,444400.0,436112.0
85,Downtown,1.5Story,10885.0,625.0,1598.0,543.0,1908,1928,6,1,2,1,2,6,1,7.54,2.0,47.9,76.6,False,-1.33,0.571,97.0,326600.0,330522.0
86,Downtown,1Story,5937.0,1648.0,951.0,0.0,2010,2026,7,7,3,2,4,8,2,11.74,4.0,58.4,58.7,False,1.821,0.021,80.0,326700.0,340636.0
87,Suburbia,2Story,11697.0,1621.0,678.0,290.0,1916,1926,4,8,2,1,4,8,2,3.79,2.0,0.0,36.5,False,-0.047,0.196,31.0,275400.0,296076.0
88,Riverside,1Story,24906.0,2484.0,1197.0,0.0,2011,2022,8,7,2,0,6,7,0,15.93,2.0,29.9,43.1,False,1.637,0.797,94.0,359700.0,378679.0
89,Lakeside,1Story,3657.0,2564.0,607.0,474.0,2022,2026,1,6,1,0,2,3,0,10.47,5.0,34.7,60.3,False,-0.622,0.128,96.0,368900.0,376760.0
90,Riverside,SplitLevel,10336.0,2375.0,1174.0,370.0,1964,2001,2,6,2,2,6,8,2,11.07,10.0,29.2,70.0,False,0.831,0.851,41.0,384000.0,380099.0
91,Downtown,SplitLevel,4303.0,1107.0,1124.0,667.0,1967,1981,7,10,2,0,5,9,0,7.88,3.0,7.4,47.1,False,-0.563,0.786,48.0,335700.0,356287.0
92,Suburbia,SplitLevel,9409.0,2324.0,870.0,0.0,1962,1968,6,6,2,0,5,9,2,1.02,8.0,61.6,54.3,False,1.819,0.035,48.0,310400.0,330171.0
93,Hillcrest,SplitLevel,7537.0,2130.0,1188.0,157.0,1969,1971,7,8,3,1,5,8,0,11.52,6.0,8.0,82.3,True,1.121,0.331,41.0,432700.0,428043.0
94,Hillcrest,SplitLevel,8480.0,931.0,325.0,424.0,2003,2003,9,5,2,0,5,7,1,12.35,10.0,0.0,88.0,False,0.85,0.507,15.0,375000.0,355593.0
95,Hillcrest,1Story,5889.0,713.0,1018.0,537.0,1935,1950,10,1,3,2,4,7,0,0.81,6.0,7.5,73.0,False,-0.725,0.076,89.0,365800.0,352282.0
96,Suburbia,2Story,10649.0,2421.0,756.0,0.0,1935,1956,6,4,1,2,4,4,2,10.5,2.0,,62.9,False,1.907,0.58,34.0,309500.0,332243.0
97,Hillcrest,2Story,4881.0,1751.0,2152.0,,2022,2026,6,8,2,2,3,6,1,7.34,5.0,29.7,56.8,False,2.038,0.98,8.0,421700.0,416804.0
98,Downtown,1Story,12514.0,1143.0,1015.0,699.0,2007,2016,10,7,3,2,6,11,2,4.81,1.0,19.6,77.7,False,-0.38,0.6,99.0,424500.0,412676.0
99,Downtown,2Story,7022.0,1736.0,700.0,282.0,1968,1995,10,7,2,2,3,7,0,1.91,3.0,45.6,62.3,False,0.162,0.494,12.0,388800.0,394887.0
100,Old Town,2Story,4959.0,2050.0,371.0,392.0,1925,1961,1,8,3,1,4,6,0,3.66,6.0,41.7,84.6,False,0.927,0.867,93.0,302800.0,305729.0
101,Old Town,SplitLevel,14161.0,1804.0,1498.0,0.0,2020,2026,6,3,2,0,3,5,1,5.08,10.0,0.0,85.5,False,-1.972,0.964,13.0,361500.0,357394.0
102,Suburbia,2Story,7914.0,996.0,803.0,145.0,2010,2026,10,9,2,0,3,6,0,2.31,,45.4,75.4,False,1.146,0.901,41.0,333200.0,327183.0
103,Lakeside,SplitLevel,15799.0,2887.0,618.0,451.0,1941,1963,1,8,2,0,6,9,1,0.57,4.0,58.6,59.0,False,1.024,0.037,52.0,412400.0,407731.0
104,Old Town,1.5Story,12425.0,2402.0,1091.0,0.0,1968,1996,10,4,3,0,2,6,2,7.03,7.0,32.5,60.4,False,-0.563,0.1,22.0,386600.0,377667.0
105,Suburbia,1Story,6128.0,1666.0,1223.0,654.0,1952,1952,8,6,3,2,6,10,1,10.16,3.0,30.3,38.4,False,-2.192,0.615,57.0,336600.0,333921.0
106,Suburbia,1.5Story,7866.0,1688.0,1216.0,566.0,2006,2026,2,9,3,0,6,9,2,1.74,1.0,72.9,67.1,False,0.333,0.227,57.0,296300.0,304031.0
107,Hillcrest,1Story,8454.0,2048.0,958.0,570.0,1986,2016,7,2,1,0,3,4,0,3.87,8.0,20.8,66.5,False,-1.134,0.521,86.0,392300.0,397814.0
108,Lakeside,1Story,13825.0,1229.0,1017.0,293.0,1962,1989,5,4,3,2,3,5,0,21.89,9.0,31.7,43.2,False,-1.588,0.839,42.0,326200.0,335845.0
109,Downtown,2Story,9444.0,2027.0,1047.0,680.0,2021,2026,4,2,3,1,2,6,0,17.1,7.0,41.6,110.6,False,0.371,0.938,87.0,427400.0,433080.0
110,Old Town,SplitLevel,8619.0,1118.0,1091.0,268.0,1976,2006,7,4,3,1,5,8,1,5.04,5.0,36.0,78.0,False,1.318,0.334,75.0,297000.0,290038.0
111,Hillcrest,1Story,7556.0,1811.0,1128.0,278.0,1960,2000,8,3,2,0,5,7,1,1.91,5.0,29.6,52.9,False,-0.219,0.849,80.0,355900.0,365429.0
112,Lakeside,2Story,7961.0,1207.0,1410.0,522.0,2016,2026,9,9,2,2,6,10,1,5.47,4.0,36.8,105.0,False,1.185,0.504,62.0,474200.0,460978.0
113,Hillcrest,1.5Story,12792.0,1235.0,974.0,381.0,1956,1974,5,10,2,1,3,7,0,1.22,10.0,66.4,59.1,False,0.664,0.659,18.0,328400.0,340664.0
114,Riverside,1.5Story,8114.0,2755.0,607.0,493.0,1952,1986,2,10,3,2,3,8,1,16.66,6.0,51.2,82.9,False,-1.373,0.125,66.0,393400.0,390915.0
115,Lakeside,1Story,7057.0,1883.0,889.0,529.0,1948,1976,9,4,3,2,5,7,2,2.56,9.0,33.5,69.6,False,-0.554,0.063,71.0,459900.0,449608.0
116,Suburbia,1Story,6650.0,1964.0,1267.0,744.0,1927,1949,4,10,3,1,3,8,0,6.4,1.0,17.7,59.7,False,1.079,0.78,37.0,359900.0,354315.0
117,Suburbia,2Story,6675.0,744.0,200.0,529.0,1935,1958,8,1,3,2,3,7,2,5.5,4.0,20.4,61.9,False,-0.562,0.598,63.0,249500.0,272368.0
118,Suburbia,1.5Story,4961.0,1522.0,202.0,361.0,1911,1925,8,2,2,0,2,3,0,4.38,3.0,54.0,93.9,False,0.819,0.824,61.0,304900.0,303243.0
119,Hillcrest,2Story,6231.0,2104.0,1336.0,568.0,1991,2016,1,4,1,2,6,7,2,2.05,2.0,3.1,83.8,False,-0.41,0.116,64.0,383800.0,392946.0
120,Suburbia,2Story,13690.0,1957.0,,327.0,1974,1993,5,3,1,2,4,4,2,1.64,10.0,83.1,65.8,False,0.721,0.172,68.0,345100.0,361438.0
121,Riverside,2Story,7538.0,665.0,419.0,606.0,2017,2022,1,10,3,0,5,8,1,3.76,1.0,34.4,31.1,False,0.429,0.063,67.0,226900.0,224138.0
122,Suburbia,1Story,10369.0,1964.0,992.0,470.0,1976,1994,7,8,1,0,5,7,0,13.03,6.0,7.4,73.5,False,-0.248,0.65,64.0,357400.0,372844.0
123,Downtown,1Story,3403.0,2052.0,782.0,0.0,1910,1948,8,8,1,0,4,5,1,3.59,3.0,38.6,45.6,True,0.693,0.616,31.0,377000.0,373933.0
124,Hillcrest,1Story,9886.0,2556.0,840.0,175.0,1978,1991,6,9,2,2,3,6,1,4.47,1.0,19.0,77.7,False,-2.16,0.426,69.0,427400.0,409410.0
125,Downtown,2Story,7658.0,1490.0,1078.0,0.0,1922,1949,4,8,3,0,3,8,1,0.88,10.0,26.6,55.1,False,-1.086,0.135,14.0,363500.0,359810.0
126,Riverside,2Story,6847.0,617.0,407.0,220.0,1904,1921,10,6,3,1,4,6,1,2.78,3.0,4.8,57.0,True,-0.464,0.024,89.0,316300.0,319159.0
127,Hillcrest,1Story,8633.0,1302.0,485.0,739.0,1983,1994,1,1,1,1,2,5,2,13.15,4.0,30.2,56.5,False,1.173,0.259,79.0,269200.0,271173.0
128,Downtown,2Story,6812.0,1247.0,823.0,276.0,1903,1918,2,1,2,0,4,5,2,0.57,2.0,0.0,86.4,False,-1.446,0.003,26.0,342900.0,331625.0
129,Downtown,1.5Story,3853.0,2255.0,889.0,577.0,1951,1990,4,10,3,0,2,4,1,0.85,,23.0,36.2,True,-0.035,0.949,7.0,411400.0,415210.0
130,Riverside,SplitLevel,11190.0,500.0,477.0,357.0,2012,2016,10,6,3,1,3,5,2,13.31,10.0,18.5,81.3,False,0.317,0.17,15.0,321000.0,326776.0
131,Lakeside,1Story,8822.0,1603.0,1282.0,422.0,1932,1959,9,10,3,2,5,7,0,7.14,4.0,25.0,74.2,False,0.248,0.265,68.0,429900.0,441411.0
132,Old Town,SplitLevel,7260.0,2634.0,775.0,453.0,1987,2021,6,1,3,1,2,5,2,3.3,9.0,19.7,66.7,False,-0.099,0.799,3.0,361600.0,372661.0
133,Riverside,2Story,5778.0,1854.0,773.0,723.0,1947,1954,10,7,1,2,2,5,0,22.98,5.0,35.7,59.9,False,-0.621,0.995,9.0,400500.0,389436.0
134,Hillcrest,2Story,4844.0,2343.0,1069.0,554.0,1914,1945,10,3,1,2,3,5,1,1.5,6.0,52.8,76.8,False,-0.247,0.621,70.0,442800.0,448786.0
135,Riverside,1.5Story,8764.0,947.0,896.0,522.0,1924,1950,6,4,1,2,5,6,2,3.09,9.0,42.2,60.1,False,0.975,0.253,49.0,323000.0,316125.0
136,Downtown,1.5Story,14253.0,969.0,1302.0,,1909,1922,2,7,1,1,6,9,0,6.95,10.0,61.0,59.9,False,-0.688,0.453,33.0,342700.0,334865.0
137,Old Town,SplitLevel,8700.0,2640.0,558.0,359.0,1919,1926,9,5,3,1,2,5,1,2.95,7.0,25.0,69.1,False,-2.159,0.06,27.0,376300.0,388143.0
138,Riverside,2Story,4994.0,1906.0,363.0,631.0,1920,1958,7,2,3,0,3,5,0,6.0,4.0,41.5,99.0,True,0.466,0.109,50.0,387100.0,396923.0
139,Suburbia,1.5Story,8767.0,1907.0,820.0,604.0,2011,2019,2,10,3,0,2,4,2,1.21,5.0,42.3,40.8,False,1.496,0.71,29.0,318000.0,310829.0
140,Downtown,1Story,7953.0,1235.0,975.0,0.0,2001,2026,9,8,1,1,2,4,1,28.0,9.0,58.0,77.0,False,-1.051,0.829,7.0,350300.0,348568.0
141,Riverside,1Story,10964.0,1905.0,429.0,435.0,1944,1970,4,4,3,1,6,8,0,0.76,4.0,20.4,65.4,False,1.361,0.27,45.0,330400.0,332653.0
142,Riverside,2Story,10020.0,1220.0,367.0,390.0,1991,2026,8,7,3,1,4,7,0,9.49,5.0,50.8,64.0,False,0.521,0.738,92.0,326500.0,320760.0
143,Old Town,SplitLevel,2850.0,2503.0,1027.0,321.0,1925,1937,3,2,1,1,5,6,0,2.16,8.0,17.9,40.5,False,-1.156,0.64,51.0,319900.0,307343.0
144,Riverside,2Story,9807.0,3350.0,632.0,331.0,1980,1981,1,5,3,2,5,8,0,16.08,9.0,23.6,36.4,False,-0.704,0.51,58.0,384300.0,384780.0
145,Riverside,SplitLevel,5703.0,2116.0,340.0,313.0,1925,1951,5,5,1,1,4,7,1,3.98,5.0,27.8,74.1,False,-0.748,0.289,33.0,332900.0,339891.0
146,Lakeside,1Story,4927.0,1501.0,1355.0,0.0,1980,1995,5,4,2,2,5,6,0,9.84,10.0,44.1,45.2,False,0.169,0.985,12.0,345600.0,344116.0
147,Hillcrest,1.5Story,7586.0,500.0,685.0,423.0,1945,1967,9,5,1,2,3,3,0,15.66,,13.3,86.3,True,-0.181,0.248,74.0,339600.0,349563.0
148,Riverside,1.5Story,9357.0,924.0,1433.0,529.0,2008,2026,2,10,2,1,4,6,1,4.65,5.0,16.0,49.7,False,1.106,0.209,40.0,306800.0,305064.0
149,Hillcrest,SplitLevel,4563.0,2705.0,962.0,538.0,2005,2018,10,1,1,0,3,5,1,1.24,3.0,22.1,77.9,False,0.849,0.11,7.0,447800.0,447752.0
150,Downtown,2Story,10369.0,1284.0,1074.0,290.0,1942,1971,2,6,3,2,4,7,1,7.68,2.0,36.0,57.6,False,-1.545,0.659,31.0,306700.0,316816.0
151,Suburbia,2Story,10585.0,1646.0,861.0,286.0,1905,1925,10,10,2,1,3,4,1,10.05,2.0,16.3,56.8,False,-1.419,0.901,3.0,354300.0,359310.0
152,Old Town,1Story,8237.0,2210.0,0.0,423.0,1940,1966,8,9,3,1,5,9,2,7.86,2.0,40.3,51.6,False,0.614,0.134,86.0,311500.0,315474.0
153,Downtown,1Story,5981.0,2665.0,473.0,0.0,1935,1962,4,9,2,1,6,9,1,2.39,1.0,27.8,75.9,False,-0.515,0.104,98.0,393900.0,384872.0
154,Riverside,2Story,5752.0,1740.0,,319.0,1953,1980,10,5,2,0,6,9,1,2.05,3.0,48.2,80.9,False,-0.175,0.904,87.0,375800.0,386612.0
155,Downtown,2Story,11604.0,1627.0,1103.0,,1972,1985,4,6,3,1,6,10,1,4.32,10.0,36.3,62.3,False,0.547,0.661,81.0,398500.0,408506.0
156,Suburbia,1Story,4775.0,1889.0,198.0,215.0,2024,2026,7,6,3,0,5,9,0,2.91,3.0,70.0,78.6,False,0.858,0.969,79.0,293500.0,298134.0
157,Hillcrest,2Story,11761.0,1505.0,927.0,784.0,1907,1916,1,9,2,2,5,8,2,1.37,4.0,37.4,68.2,False,-1.233,0.71,47.0,363100.0,356156.0
158,Suburbia,2Story,7648.0,1534.0,479.0,,1969,2007,2,10,2,2,5,8,1,1.02,4.0,10.6,44.0,False,-2.222,0.772,38.0,298900.0,289949.0
159,Suburbia,SplitLevel,7836.0,2077.0,1049.0,618.0,1921,1954,4,3,1,1,6,9,1,7.43,6.0,30.7,74.8,False,-0.113,0.462,7.0,349600.0,346355.0
160,Suburbia,1Story,4457.0,1952.0,942.0,599.0,1968,1990,3,2,1,1,2,3,1,3.23,6.0,35.4,62.6,True,-0.855,0.238,94.0,339200.0,330360.0
161,Downtown,SplitLevel,7697.0,3022.0,1262.0,559.0,1980,1987,3,3,3,2,2,5,1,3.01,6.0,16.8,22.0,False,0.066,0.569,1.0,427800.0,413390.0
162,Old Town,SplitLevel,10044.0,2091.0,1398.0,726.0,2002,2026,4,3,2,2,4,5,2,3.63,1.0,65.3,61.0,False,-0.089,0.358,27.0,322600.0,320644.0
163,Lakeside,2Story,5076.0,2483.0,1143.0,287.0,1970,1992,7,4,2,0,5,9,1,4.86,4.0,28.8,37.5,False,-0.975,0.47,43.0,414100.0,423981.0
164,Downtown,1.5Story,9648.0,1261.0,1311.0,435.0,1922,1955,2,10,3,1,6,8,1,1.49,10.0,22.1,45.8,False,2.087,0.516,66.0,355100.0,356033.0
165,Riverside,1Story,8360.0,2139.0,803.0,324.0,2015,2016,8,3,3,0,2,4,0,1.16,10.0,38.6,63.5,False,0.017,0.027,99.0,369000.0,385894.0
166,Hillcrest,1.5Story,6468.0,1452.0,2136.0,189.0,1951,1964,9,5,3,0,2,4,0,1.25,1.0,16.9,66.6,False,-0.574,0.609,52.0,399700.0,394838.0
167,Suburbia,2Story,10929.0,2067.0,438.0,354.0,1960,1972,9,4,2,0,6,8,2,4.5,7.0,54.3,53.0,False,0.101,0.359,81.0,346100.0,352197.0
168,Suburbia,2Story,3749.0,2229.0,728.0,760.0,1980,2013,2,3,1,1,3,3,2,1.38,2.0,50.3,77.5,False,0.53,0.812,43.0,337000.0,335654.0
169,Hillcrest,2Story,9148.0,1877.0,1329.0,432.0,1933,1952,9,2,2,2,2,5,2,5.28,6.0,37.6,65.9,True,-0.633,0.056,98.0,432500.0,433513.0
170,Old Town,1Story,14283.0,3174.0,1266.0,777.0,2024,2026,2,10,2,1,5,9,1,4.22,1.0,46.8,60.4,False,2.32,0.556,18.0,390400.0,395161.0
171,Hillcrest,SplitLevel,13413.0,2635.0,1155.0,794.0,1905,1930,2,7,1,0,6,7,2,1.08,8.0,25.0,68.8,True,-1.523,0.36,40.0,452700.0,449908.0
172,Riverside,1.5Story,9288.0,2497.0,1234.0,939.0,1919,1925,8,2,2,1,6,10,1,17.28,10.0,4.9,89.7,True,-1.453,0.093,23.0,498300.0,499835.0
173,Lakeside,1.5Story,7291.0,2270.0,75.0,765.0,2024,2026,8,7,2,2,6,8,0,8.34,2.0,28.5,29.3,False,-1.599,0.414,26.0,387400.0,395206.0
174,Old Town,SplitLevel,6486.0,2820.0,1618.0,837.0,1956,1996,2,7,3,2,2,7,0,26.21,5.0,25.0,91.4,False,0.004,0.409,82.0,388700.0,402316.0
175,Lakeside,1.5Story,7288.0,1060.0,864.0,512.0,2012,2026,5,4,1,0,2,3,1,7.46,2.0,0.0,56.9,False,0.473,0.753,71.0,345900.0,341467.0
176,Downtown,2Story,9802.0,2604.0,1473.0,497.0,2014,2026,5,8,3,1,6,10,1,1.23,2.0,,54.0,False,-0.33,0.152,66.0,442000.0,456894.0
177,Hillcrest,SplitLevel,6109.0,1305.0,96.0,507.0,2024,2025,8,9,2,1,5,9,0,2.19,8.0,10.4,60.8,True,0.47,0.83,8.0,384700.0,362533.0
178,Old Town,1Story,10563.0,1540.0,1058.0,460.0,1991,2009,6,8,1,1,3,5,0,8.91,2.0,13.9,52.0,False,0.457,0.048,93.0,315300.0,299352.0
179,Old Town,2Story,17096.0,2159.0,713.0,484.0,1986,2025,7,7,2,1,3,7,1,5.28,2.0,61.7,49.3,False,-0.361,0.516,94.0,315300.0,334925.0
180,Suburbia,1Story,7929.0,2528.0,1190.0,580.0,1977,2015,1,5,3,2,6,10,2,2.52,4.0,45.2,83.2,False,0.427,0.649,68.0,373400.0,365652.0
181,Old Town,SplitLevel,5062.0,1216.0,1083.0,385.0,1986,2025,10,3,2,2,6,9,0,1.61,4.0,54.3,70.9,False,-0.196,0.014,40.0,315000.0,300957.0
182,Old Town,2Story,5061.0,1568.0,1104.0,240.0,1932,1946,6,1,2,0,6,9,0,5.76,10.0,45.2,33.5,True,-0.409,0.069,6.0,285700.0,292967.0
183,Riverside,1Story,10634.0,1904.0,505.0,518.0,2002,2004,7,10,2,2,4,6,1,10.81,4.0,56.7,80.1,False,-0.499,0.274,44.0,374400.0,370008.0
184,Hillcrest,2Story,7935.0,1747.0,926.0,349.0,1923,1932,5,9,3,2,5,7,0,6.92,6.0,35.5,77.5,False,0.233,0.381,11.0,381000.0,382506.0
185,Suburbia,2Story,11014.0,2320.0,874.0,366.0,1960,1968,3,3,2,0,2,6,2,2.06,2.0,65.3,41.3,False,1.218,0.347,65.0,311800.0,303353.0
186,Suburbia,2Story,6723.0,3740.0,1158.0,437.0,1947,1950,7,9,3,0,6,11,1,6.67,,10.4,71.2,False,-1.205,0.971,72.0,487500.0,493010.0
187,Hillcrest,1.5Story,10837.0,2081.0,1366.0,,1995,2024,3,1,3,1,3,8,1,12.44,3.0,33.6,79.2,False,-0.48,0.167,7.0,381100.0,368578.0
188,Downtown,SplitLevel,7666.0,1446.0,1013.0,0.0,1932,1953,3,3,1,1,6,9,1,1.21,4.0,14.5,39.1,False,0.163,0.891,25.0,287100.0,288911.0
189,Suburbia,2Story,6271.0,1137.0,414.0,433.0,1926,1955,6,2,3,0,2,4,0,28.0,4.0,59.8,73.1,False,1.757,0.945,64.0,248200.0,252074.0
190,Lakeside,2Story,7042.0,1671.0,995.0,646.0,2001,2009,4,4,3,1,6,8,0,9.55,2.0,43.4,55.8,False,0.432,0.176,24.0,379100.0,371077.0
191,Old Town,2Story,5330.0,1333.0,,493.0,1961,1989,9,4,1,0,4,5,1,1.14,6.0,58.7,77.8,False,-0.813,0.759,85.0,377200.0,366090.0
192,Lakeside,2Story,16257.0,2107.0,1641.0,0.0,1990,1992,7,6,2,0,4,7,2,5.12,6.0,6.9,51.2,False,-0.924,0.998,40.0,421200.0,450124.0
193,Downtown,1Story,7834.0,2099.0,0.0,485.0,2010,2026,4,5,1,1,5,5,2,22.1,6.0,23.0,86.8,False,0.985,0.248,67.0,329200.0,365172.0
194,Suburbia,1.5Story,10154.0,1595.0,977.0,253.0,2005,2026,1,2,3,1,4,9,1,7.02,5.0,0.0,63.6,False,-0.314,0.503,74.0,287500.0,283299.0
195,Downtown,1Story,6715.0,2942.0,1341.0,514.0,1950,1960,4,2,2,1,6,7,1,1.87,6.0,42.2,56.9,False,-1.231,0.759,60.0,425900.0,434049.0
196,Lakeside,1Story,5607.0,1446.0,873.0,596.0,1921,1934,2,9,1,1,2,5,2,1.59,8.0,26.4,55.0,False,1.014,0.735,63.0,348200.0,364554.0
197,Riverside,1Story,7466.0,1784.0,757.0,0.0,2020,2026,3,6,1,1,5,6,0,1.49,3.0,50.1,83.7,False,0.308,0.833,57.0,297800.0,302438.0
198,Suburbia,2Story,11913.0,2202.0,838.0,244.0,1939,1962,3,10,3,1,3,6,0,1.61,2.0,35.6,55.0,False,-1.194,0.348,19.0,367300.0,331280.0
199,Lakeside,2Story,6753.0,2341.0,1182.0,217.0,1996,2017,7,2,1,2,2,3,1,4.26,7.0,0.0,87.1,False,-1.34,0.121,29.0,457500.0,473944.0
200,Hillcrest,SplitLevel,5975.0,2553.0,468.0,374.0,1996,2000,2,4,1,1,5,6,1,13.1,2.0,1.8,71.8,False,-2.168,0.676,89.0,361400.0,350398.0
201,Suburbia,1.5Story,8556.0,2086.0,1449.0,682.0,1955,1970,2,2,2,0,5,8,2,8.77,4.0,36.6,43.1,False,-0.622,0.34,35.0,309800.0,319246.0
202,Old Town,SplitLevel,9649.0,2428.0,926.0,495.0,1920,1940,1,10,1,0,2,3,1,2.82,6.0,44.3,68.5,False,0.305,0.646,97.0,311600.0,329609.0
203,Riverside,SplitLevel,14400.0,1484.0,557.0,336.0,1959,1984,10,2,1,1,5,6,2,7.08,6.0,0.0,68.8,False,0.961,0.473,57.0,356500.0,364114.0
204,Downtown,1Story,9171.0,2355.0,1422.0,228.0,1918,1943,10,9,3,0,6,9,1,3.43,8.0,33.3,42.5,False,0.425,0.459,79.0,435200.0,452763.0
205,Downtown,SplitLevel,10152.0,2348.0,301.0,351.0,1944,1971,3,2,2,1,5,6,1,2.49,5.0,,68.1,False,-1.305,0.882,23.0,346300.0,365658.0
206,Lakeside,1Story,10423.0,2682.0,717.0,340.0,1948,1966,5,8,1,2,3,3,0,1.82,5.0,12.8,77.8,True,-0.284,0.64,19.0,464200.0,473168.0
207,Downtown,2Story,5412.0,932.0,710.0,610.0,1965,1985,4,5,3,0,2,5,0,4.25,1.0,21.9,88.3,False,1.429,0.625,38.0,324200.0,337676.0
208,Suburbia,2Story,5784.0,1351.0,1850.0,622.0,1923,1936,6,10,1,1,2,3,0,3.26,8.0,37.5,87.5,True,-0.512,0.971,79.0,408200.0,409988.0
209,Downtown,2Story,5545.0,2303.0,662.0,,2006,2017,6,1,1,0,5,6,0,8.98,3.0,20.9,111.0,False,0.769,0.27,68.0,423700.0,421588.0
210,Riverside,2Story,5083.0,500.0,45.0,581.0,1909,1921,3,4,3,1,3,6,2,3.61,9.0,0.0,68.0,False,0.645,0.689,52.0,261200.0,271000.0
211,Suburbia,1Story,10704.0,2121.0,706.0,564.0,2024,2026,7,8,3,1,3,5,1,12.75,7.0,37.3,78.0,False,0.76,0.356,18.0,388200.0,380448.0
212,Riverside,1.5Story,8969.0,2433.0,1141.0,,1939,1943,1,10,2,0,2,4,2,7.09,10.0,28.0,57.1,False,0.431,0.599,2.0,366900.0,375106.0
213,Lakeside,1.5Story,8332.0,1533.0,1279.0,447.0,1961,1969,7,6,3,1,4,8,0,1.47,9.0,16.2,101.9,False,0.757,0.817,12.0,460100.0,462015.0
214,Suburbia,1Story,3270.0,1613.0,1906.0,515.0,2010,2014,8,1,2,0,2,6,0,4.09,4.0,28.8,52.0,True,-1.482,0.923,66.0,333200.0,360022.0
215,Suburbia,2Story,16638.0,1259.0,1541.0,486.0,1982,1998,1,7,3,2,4,7,0,1.51,4.0,28.0,101.1,False,1.515,0.427,95.0,346800.0,345747.0
216,Suburbia,1.5Story,5925.0,1563.0,1029.0,186.0,1907,1927,8,5,3,2,4,8,0,2.33,10.0,35.9,98.8,False,-1.807,0.832,97.0,398800.0,370907.0
217,Downtown,1Story,16616.0,1579.0,576.0,481.0,1976,1982,8,8,2,0,6,7,0,4.16,9.0,30.0,53.9,False,0.312,0.335,76.0,401000.0,391197.0
218,Downtown,2Story,4879.0,1474.0,1632.0,562.0,1971,1976,10,6,2,2,3,5,0,0.87,8.0,38.3,86.7,False,-0.048,0.661,43.0,459500.0,461604.0
219,Old Town,2Story,6098.0,1444.0,795.0,713.0,2017,2026,9,9,2,0,3,6,0,1.82,10.0,34.0,76.2,False,-0.626,0.878,71.0,360600.0,374939.0
220,Hillcrest,1Story,3748.0,1701.0,674.0,353.0,1970,1979,1,2,1,1,6,7,1,8.84,7.0,51.4,60.6,False,-0.975,0.685,6.0,302400.0,282195.0
221,Hillcrest,2Story,9198.0,1694.0,775.0,373.0,2025,2026,1,7,2,2,6,10,2,11.14,1.0,66.7,65.6,False,0.55,0.706,35.0,298600.0,300581.0
222,Riverside,SplitLevel,5511.0,2881.0,424.0,0.0,1966,1972,2,8,3,1,4,9,0,21.61,6.0,34.7,72.8,False,0.801,0.838,23.0,332800.0,341179.0
223,Suburbia,1.5Story,5566.0,1633.0,755.0,507.0,1924,1943,6,5,2,1,3,7,2,12.9,,22.6,74.5,False,-0.103,0.252,97.0,319700.0,327689.0
224,Old Town,1.5Story,5012.0,2039.0,852.0,476.0,1963,1995,8,5,3,1,5,8,2,5.3,1.0,6.3,94.9,False,-0.289,0.747,55.0,403800.0,378149.0
225,Hillcrest,2Story,10637.0,1533.0,1257.0,557.0,2015,2019,7,7,2,0,5,6,0,28.0,6.0,47.9,78.3,False,1.281,0.638,93.0,379900.0,381330.0
226,Old Town,SplitLevel,10394.0,1526.0,787.0,280.0,1902,1920,4,5,1,2,5,7,0,23.97,6.0,17.0,54.1,False,-0.422,0.546,79.0,260000.0,254400.0
227,Downtown,1.5Story,15279.0,913.0,418.0,523.0,1950,1969,3,4,1,2,5,8,0,11.19,8.0,82.0,81.4,True,-0.042,0.975,73.0,310600.0,313108.0
228,Riverside,2Story,6374.0,986.0,276.0,341.0,1905,1927,1,6,2,2,2,3,2,8.93,8.0,90.6,36.5,False,-0.204,0.413,18.0,210500.0,211342.0
229,Suburbia,1Story,8748.0,1186.0,1038.0,437.0,2006,2026,4,9,1,0,3,6,2,6.39,4.0,30.7,61.0,False,2.471,0.235,7.0,282800.0,288077.0
230,Downtown,1Story,5160.0,1951.0,981.0,733.0,1964,1987,4,2,2,0,2,3,2,1.34,10.0,1.7,62.8,False,-0.84,0.839,21.0,427400.0,409837.0
231,Downtown,1Story,7206.0,2442.0,,236.0,1990,2005,4,9,2,2,3,6,1,15.67,5.0,48.1,79.8,False,0.831,0.185,82.0,392600.0,392023.0
232,Hillcrest,2Story,6757.0,867.0,754.0,0.0,2022,2026,1,3,1,2,6,9,0,27.45,5.0,77.0,99.9,False,-1.699,0.745,92.0,220200.0,237637.0
233,Old Town,1Story,9533.0,1548.0,1113.0,256.0,2004,2026,3,1,2,1,3,4,2,4.93,2.0,8.8,71.9,True,-0.958,0.928,69.0,297700.0,292822.0
234,Riverside,2Story,11568.0,1098.0,1534.0,0.0,1951,1963,9,2,1,0,5,6,2,3.22,10.0,73.0,61.5,False,-0.309,0.822,88.0,336300.0,337768.0
235,Old Town,2Story,11463.0,1705.0,622.0,628.0,2017,2026,3,1,1,1,4,7,2,0.73,4.0,0.0,55.4,False,-0.131,0.633,7.0,304400.0,299646.0
236,Suburbia,2Story,6033.0,2442.0,987.0,0.0,1959,1974,9,10,3,0,2,5,2,1.51,2.0,5.9,83.0,False,-0.274,0.923,91.0,414900.0,418984.0
237,Riverside,SplitLevel,11493.0,1604.0,1352.0,441.0,2023,2025,1,3,3,0,3,7,0,8.7,9.0,41.2,64.5,False,-0.099,0.489,10.0,310100.0,316784.0
238,Suburbia,2Story,7979.0,1824.0,624.0,673.0,2023,2026,7,8,1,0,5,5,1,7.17,10.0,55.3,58.9,False,-0.689,0.076,17.0,370600.0,359487.0
239,Downtown,1Story,7233.0,2650.0,943.0,513.0,1927,1937,2,2,3,2,5,9,1,7.92,3.0,33.7,85.1,True,1.288,0.735,82.0,445100.0,422136.0
240,Downtown,1Story,6323.0,2102.0,934.0,591.0,1998,2012,4,6,1,0,3,5,0,6.31,6.0,44.0,89.0,False,-1.0,0.717,93.0,381200.0,404200.0
241,Suburbia,SplitLevel,6661.0,1432.0,399.0,574.0,1987,2000,10,5,2,1,6,9,2,1.75,,57.1,50.7,False,0.744,0.865,15.0,327000.0,326002.0
242,Suburbia,1Story,14910.0,1937.0,1021.0,120.0,1997,2002,8,7,3,0,2,6,1,7.44,7.0,59.4,41.1,False,0.678,0.406,33.0,321400.0,328101.0
243,Lakeside,SplitLevel,9024.0,1395.0,963.0,448.0,1921,1932,6,10,1,2,4,5,2,7.42,5.0,22.6,66.2,False,-0.948,0.145,82.0,380100.0,391369.0
244,Riverside,2Story,8614.0,2081.0,1183.0,288.0,1963,2000,7,7,2,0,3,6,0,1.05,6.0,,47.5,False,-0.367,0.103,51.0,362500.0,389184.0
245,Suburbia,2Story,7392.0,2133.0,452.0,327.0,1919,1932,7,8,3,2,6,9,1,5.06,2.0,56.1,45.0,False,-0.002,0.345,40.0,328100.0,323610.0
246,Suburbia,1Story,19074.0,1098.0,954.0,696.0,2013,2026,8,3,3,0,5,10,2,8.98,10.0,44.1,49.3,False,1.675,0.793,45.0,321000.0,326967.0
247,Suburbia,1Story,12794.0,1946.0,1530.0,0.0,2010,2026,6,2,3,2,2,6,0,4.99,6.0,46.8,86.8,False,-0.369,0.521,29.0,344600.0,351297.0
248,Hillcrest,SplitLevel,6296.0,1785.0,1823.0,763.0,1973,1975,6,1,3,0,3,6,1,10.99,1.0,21.8,79.7,False,3.624,0.17,97.0,413300.0,398411.0
249,Hillcrest,SplitLevel,7363.0,2150.0,1488.0,0.0,1916,1950,1,4,3,0,5,10,2,2.14,4.0,47.8,112.2,True,0.768,0.242,52.0,381400.0,386798.0
250,Hillcrest,1Story,7518.0,2307.0,456.0,287.0,1982,2019,10,6,2,0,4,6,2,5.52,5.0,13.1,56.4,True,0.343,0.348,26.0,416300.0,422306.0
251,Suburbia,SplitLevel,8528.0,2113.0,1139.0,582.0,1955,1964,6,1,1,2,4,7,2,19.13,10.0,39.9,91.9,False,0.884,0.48,89.0,361800.0,378303.0
252,Suburbia,1Story,6340.0,1683.0,747.0,405.0,1999,2005,3,3,2,1,2,6,1,7.85,9.0,37.2,76.9,False,-1.719,0.839,95.0,293400.0,304679.0
253,Hillcrest,2Story,9448.0,2363.0,1069.0,0.0,1912,1950,2,7,1,1,4,6,0,11.37,4.0,37.4,58.0,False,1.172,0.992,6.0,362800.0,344700.0
254,Lakeside,1Story,13470.0,1370.0,626.0,442.0,1951,1955,7,9,1,2,2,3,0,10.65,2.0,50.6,65.4,True,-1.323,0.599,95.0,386700.0,379116.0
255,Lakeside,2Story,5117.0,1124.0,230.0,0.0,1945,1981,8,10,3,0,3,6,2,10.42,1.0,14.6,57.9,False,0.87,0.389,96.0,353300.0,337330.0
256,Suburbia,SplitLevel,5460.0,500.0,805.0,,2020,2026,9,3,1,1,3,6,1,1.88,6.0,48.5,72.7,False,-0.593,0.183,91.0,257300.0,267699.0
257,Suburbia,2Story,6842.0,1811.0,1253.0,489.0,1937,1972,9,2,2,0,5,7,1,1.67,5.0,35.4,85.8,False,-0.799,0.511,14.0,396800.0,392311.0
258,Downtown,1Story,6954.0,1398.0,1071.0,563.0,2024,2026,9,6,1,0,4,6,2,0.99,6.0,19.2,61.4,False,1.773,0.613,35.0,415600.0,402626.0
259,Downtown,1Story,16309.0,2069.0,1119.0,718.0,2016,2025,7,10,2,2,4,8,1,3.89,3.0,8.6,83.3,False,-0.1,0.327,86.0,476800.0,469649.0
260,Riverside,2Story,11506.0,766.0,1041.0,0.0,1973,1982,10,5,2,1,6,7,1,1.51,9.0,72.8,90.9,False,-1.531,0.324,37.0,361000.0,341486.0
261,Downtown,2Story,11277.0,1494.0,1120.0,397.0,1922,1926,1,10,1,2,3,3,1,2.84,6.0,33.6,94.9,True,0.975,0.829,43.0,406100.0,401174.0
262,Suburbia,1.5Story,7387.0,2109.0,1172.0,376.0,1927,1959,4,8,2,1,5,9,1,7.4,10.0,27.9,46.9,False,-1.221,0.66,20.0,349400.0,349388.0
263,Hillcrest,2Story,7330.0,1284.0,835.0,695.0,1902,1916,5,9,3,2,6,11,1,4.68,,12.1,67.1,False,1.361,0.45,41.0,337600.0,366716.0
264,Downtown,1Story,4875.0,2075.0,,570.0,1997,2023,7,10,3,0,2,5,2,4.35,3.0,56.8,80.8,False,-0.016,0.558,47.0,430500.0,425338.0
265,Old Town,1Story,10653.0,1544.0,1682.0,156.0,1991,2016,3,2,1,1,5,5,2,1.11,6.0,55.2,48.4,False,-1.274,0.505,40.0,274400.0,266978.0
266,Lakeside,2Story,9623.0,1832.0,1010.0,149.0,1940,1961,3,5,1,1,2,4,1,10.06,7.0,51.4,44.4,False,0.821,0.174,24.0,364400.0,350174.0
267,Hillcrest,2Story,12709.0,2177.0,,327.0,1992,2001,10,1,3,2,5,9,1,6.22,3.0,33.8,67.5,False,0.521,0.87,8.0,408200.0,418058.0
268,Downtown,1.5Story,7527.0,2374.0,993.0,497.0,1972,1986,7,1,2,1,3,5,2,1.5,6.0,50.0,60.6,False,-2.123,0.091,62.0,417200.0,417591.0
269,Downtown,SplitLevel,7711.0,1901.0,858.0,455.0,2002,2022,7,5,1,2,3,3,1,9.83,6.0,18.5,64.9,False,-0.063,0.213,6.0,373500.0,393158.0
270,Downtown,2Story,8600.0,1402.0,767.0,542.0,1910,1913,2,7,1,1,6,8,0,8.59,7.0,39.4,59.5,False,0.299,0.562,86.0,315100.0,335075.0
271,Downtown,SplitLevel,11072.0,1598.0,1038.0,432.0,1925,1941,6,9,2,1,2,4,1,2.24,7.0,33.9,106.9,False,0.241,0.461,7.0,433100.0,426802.0
272,Lakeside,1Story,4844.0,2200.0,738.0,684.0,2001,2026,5,2,1,2,4,6,2,2.55,3.0,40.3,59.7,False,-0.185,0.595,94.0,413500.0,397817.0
273,Downtown,1Story,10484.0,1288.0,889.0,584.0,1946,1963,7,1,1,1,5,7,1,9.13,2.0,0.0,78.5,True,0.745,0.92,55.0,401200.0,385116.0
274,Riverside,1.5Story,8045.0,1752.0,618.0,472.0,2020,2026,10,2,3,1,6,9,1,3.28,3.0,72.4,77.3,False,0.569,0.286,43.0,367400.0,361996.0
275,Suburbia,1.5Story,5594.0,1638.0,995.0,643.0,2010,2026,3,10,2,0,3,6,2,1.85,2.0,67.4,37.6,False,0.031,0.151,84.0,308800.0,283467.0
276,Hillcrest,SplitLevel,3906.0,1793.0,1195.0,196.0,1911,1932,9,7,3,0,3,8,0,4.25,6.0,12.0,94.4,False,-0.236,0.121,43.0,412100.0,416994.0
277,Hillcrest,1Story,7725.0,1295.0,861.0,0.0,1950,1980,7,5,1,1,4,6,2,3.2,6.0,46.5,79.3,False,0.148,0.059,13.0,339200.0,328082.0
278,Riverside,1Story,13450.0,831.0,106.0,482.0,1992,1994,5,2,2,0,4,5,0,3.3,1.0,5.3,70.8,False,-0.604,0.791,51.0,248000.0,264306.0
279,Suburbia,1Story,14562.0,2136.0,1198.0,0.0,1917,1955,10,4,2,1,2,5,0,1.66,9.0,36.7,87.0,False,-1.023,0.457,48.0,363200.0,402086.0
280,Suburbia,2Story,9176.0,2380.0,1000.0,186.0,2008,2026,2,2,2,2,4,6,0,7.93,,0.0,67.1,False,-1.124,0.256,91.0,343100.0,349055.0
281,Downtown,1.5Story,16102.0,864.0,533.0,418.0,1912,1945,7,1,3,2,2,6,0,15.01,5.0,29.2,83.9,False,-0.1,0.674,51.0,330900.0,332399.0
282,Lakeside,2Story,7982.0,2053.0,1275.0,524.0,1913,1941,4,5,2,2,5,6,1,3.32,2.0,25.2,34.2,False,-0.858,0.777,7.0,397100.0,394227.0
283,Lakeside,2Story,11312.0,2446.0,363.0,536.0,1968,1990,7,6,2,0,5,8,1,5.8,2.0,58.1,82.7,False,-0.159,0.937,33.0,439400.0,441747.0
284,Lakeside,2Story,6919.0,2178.0,1389.0,650.0,1931,1952,2,5,3,1,4,8,1,1.64,10.0,68.4,71.3,True,1.33,0.399,30.0,456700.0,452279.0
285,Riverside,2Story,6768.0,1621.0,926.0,582.0,1980,2005,8,9,2,0,3,4,2,3.45,3.0,68.8,71.6,False,-0.207,0.689,22.0,397500.0,375980.0
286,Hillcrest,1Story,6392.0,1331.0,0.0,450.0,1949,1969,1,10,2,2,3,5,0,15.9,9.0,58.2,52.8,False,0.138,0.271,19.0,268200.0,259101.0
287,Downtown,1Story,3940.0,1895.0,,568.0,1934,1963,4,2,1,0,5,6,2,1.8,7.0,36.6,64.1,False,-0.229,0.865,7.0,363700.0,373181.0
288,Hillcrest,1Story,12714.0,1986.0,779.0,428.0,2005,2018,10,3,3,1,4,8,1,3.52,7.0,42.8,63.5,False,1.307,0.909,77.0,374000.0,405101.0
289,Riverside,2Story,6473.0,1903.0,716.0,0.0,1920,1951,7,6,1,1,6,8,2,1.52,9.0,42.7,47.5,False,1.658,0.63,39.0,331400.0,344691.0
290,Downtown,1Story,6121.0,1751.0,640.0,587.0,1962,1976,5,5,1,0,6,8,2,2.25,9.0,11.4,74.4,True,-0.47,0.659,37.0,429100.0,412485.0
291,Suburbia,1Story,5362.0,1255.0,897.0,453.0,1921,1940,4,5,2,0,4,8,0,9.39,3.0,57.9,96.3,False,0.728,0.66,43.0,279800.0,286069.0
292,Downtown,1.5Story,7544.0,2082.0,746.0,518.0,1917,1919,1,8,2,2,3,7,0,15.98,10.0,48.8,42.4,True,2.091,0.592,96.0,370400.0,362024.0
293,Old Town,1Story,15021.0,2109.0,170.0,614.0,1925,1961,2,2,1,1,6,7,2,6.93,2.0,49.7,76.8,False,-1.161,0.439,70.0,288700.0,280799.0
294,Downtown,1Story,16862.0,1960.0,1484.0,574.0,1932,1960,8,9,2,0,5,9,1,1.17,8.0,0.0,60.4,False,0.98,0.74,97.0,471700.0,472380.0
295,Suburbia,1Story,4531.0,1911.0,847.0,657.0,1951,1961,3,3,3,0,2,5,0,2.07,4.0,44.1,58.4,False,-1.741,0.977,59.0,302100.0,303168.0
296,Old Town,SplitLevel,7158.0,2774.0,643.0,,1958,1959,1,4,1,1,6,9,2,1.61,7.0,55.1,69.3,False,0.03,0.746,88.0,334800.0,343047.0
297,Old Town,1.5Story,5642.0,1507.0,476.0,572.0,1917,1951,5,3,2,1,3,5,2,6.75,9.0,34.7,69.6,False,-0.14,0.31,92.0,325100.0,297516.0
298,Suburbia,1Story,11452.0,2555.0,1274.0,386.0,1904,1904,4,7,2,1,4,6,1,0.76,5.0,25.0,71.3,False,-1.707,0.5,50.0,378200.0,389991.0
299,Suburbia,1Story,8958.0,1446.0,405.0,542.0,1911,1930,10,7,1,0,2,4,0,19.81,1.0,7.8,47.6,False,1.089,0.597,49.0,317200.0,303314.0
300,Suburbia,2Story,6485.0,2460.0,1006.0,535.0,1979,1980,3,7,2,0,4,7,2,1.35,9.0,6.3,87.6,False,0.148,0.082,93.0,426600.0,416348.0
301,Suburbia,SplitLevel,8312.0,2528.0,705.0,0.0,2022,2026,3,5,2,0,5,6,1,0.58,2.0,38.1,69.5,False,-0.927,0.492,72.0,319200.0,311619.0
302,Downtown,1Story,6856.0,1689.0,729.0,699.0,1903,1911,2,4,1,0,2,3,1,1.21,8.0,,78.7,False,0.329,0.102,37.0,365900.0,367347.0
303,Riverside,2Story,14257.0,2764.0,487.0,191.0,1904,1921,2,7,3,1,3,8,0,11.51,5.0,30.0,89.9,True,0.904,0.511,31.0,389000.0,407293.0
304,Riverside,SplitLevel,9813.0,2108.0,689.0,0.0,1998,2021,6,2,3,1,5,7,2,1.86,,65.6,33.4,False,-1.769,0.087,39.0,282100.0,296256.0
305,Suburbia,1.5Story,10244.0,1368.0,954.0,756.0,1991,2006,3,4,2,0,6,8,2,13.06,3.0,9.9,79.3,True,-3.148,0.361,25.0,323100.0,332704.0
306,Riverside,2Story,3186.0,1644.0,1049.0,0.0,1992,2019,8,7,1,1,6,7,2,7.45,6.0,28.1,65.0,False,-0.042,0.954,47.0,360400.0,355871.0
307,Hillcrest,2Story,7916.0,2473.0,620.0,555.0,1921,1941,9,7,1,2,5,6,1,1.65,2.0,68.9,86.3,False,-0.768,0.007,67.0,447700.0,436662.0
308,Suburbia,2Story,16800.0,2358.0,912.0,,2009,2026,5,3,3,0,6,9,0,4.03,,28.8,53.6,False,1.338,0.274,69.0,360900.0,357038.0
309,Lakeside,1Story,12889.0,1268.0,1323.0,461.0,1978,1991,3,4,3,1,2,7,1,10.12,,36.3,84.8,False,-0.37,0.372,4.0,377100.0,373848.0
310,Downtown,2Story,4245.0,1773.0,252.0,572.0,1919,1935,9,4,2,0,3,6,1,2.74,8.0,31.5,49.0,True,0.309,0.59,6.0,418000.0,405079.0
311,Riverside,SplitLevel,7261.0,1962.0,947.0,,1914,1927,10,9,3,1,4,9,0,2.11,,49.1,75.2,False,-0.187,0.965,62.0,389000.0,414833.0
312,Hillcrest,SplitLevel,5321.0,1571.0,551.0,575.0,1975,1998,10,6,1,1,6,7,1,2.68,9.0,0.0,73.1,False,-1.546,0.64,53.0,379000.0,406287.0
313,Lakeside,1Story,14748.0,3147.0,508.0,560.0,1998,2026,10,2,2,0,5,7,2,18.15,,,65.2,False,0.031,0.894,5.0,467300.0,486469.0
314,Hillcrest,1Story,8826.0,1979.0,1060.0,604.0,1998,2022,9,2,1,2,3,5,0,7.1,1.0,36.1,49.4,False,-1.326,0.163,96.0,384200.0,372740.0
315,Hillcrest,2Story,6194.0,1816.0,721.0,586.0,1974,1975,8,1,2,0,2,3,0,8.03,4.0,15.0,61.4,True,-1.375,0.289,97.0,368500.0,393390.0
316,Hillcrest,2Story,8201.0,2505.0,439.0,296.0,1964,1998,10,3,3,2,5,10,1,12.22,2.0,41.9,84.6,False,-1.098,0.887,6.0,421400.0,421558.0
317,Hillcrest,1.5Story,3253.0,1649.0,1506.0,593.0,1987,2019,4,3,3,1,3,8,0,8.18,6.0,50.7,94.8,False,-1.185,0.005,0.0,369000.0,380298.0
318,Suburbia,2Story,5543.0,2404.0,1336.0,757.0,1916,1949,10,5,3,2,3,5,2,0.98,10.0,44.0,103.2,False,-0.21,0.454,8.0,494700.0,492768.0
319,Hillcrest,2Story,8207.0,933.0,,456.0,1945,1947,1,8,2,2,3,4,0,9.22,5.0,70.6,77.5,False,-0.392,0.453,65.0,257900.0,259651.0
320,Old Town,1Story,10894.0,1600.0,331.0,700.0,1912,1945,9,9,3,1,3,6,0,1.76,2.0,26.3,72.5,False,0.284,0.946,94.0,343300.0,340207.0
321,Old Town,2Story,4107.0,2427.0,1199.0,313.0,2005,2024,4,6,2,2,3,4,1,7.68,,45.0,76.1,False,-1.574,0.449,40.0,352900.0,357801.0
322,Riverside,1Story,7091.0,2714.0,830.0,455.0,1976,2010,3,8,2,1,5,6,1,0.72,8.0,44.5,102.7,False,-0.252,0.906,83.0,435700.0,426940.0
323,Hillcrest,1.5Story,11538.0,1425.0,1580.0,357.0,1997,2026,7,7,2,1,2,6,2,6.78,9.0,30.3,77.4,False,-0.481,0.585,21.0,424400.0,406243.0
324,Riverside,SplitLevel,4876.0,1361.0,1209.0,681.0,1962,1998,2,4,1,0,4,4,0,2.5,,57.7,69.6,False,0.201,0.3,0.0,316300.0,300658.0
325,Suburbia,1Story,8780.0,2162.0,1076.0,722.0,2017,2021,10,7,1,1,6,7,2,2.66,5.0,40.8,63.0,False,0.249,0.148,48.0,405400.0,409855.0
326,Suburbia,SplitLevel,8292.0,1507.0,521.0,444.0,2017,2026,8,4,3,0,6,11,0,2.21,6.0,11.0,65.1,False,0.156,0.49,45.0,314200.0,324864.0
327,Suburbia,1Story,14765.0,1702.0,1156.0,0.0,1977,2006,1,4,2,1,6,8,2,1.86,3.0,50.0,75.0,False,-0.99,0.018,99.0,277400.0,275021.0
328,Riverside,SplitLevel,7476.0,2332.0,414.0,724.0,2005,2026,9,10,3,0,3,5,1,8.32,,25.0,54.5,False,0.025,0.335,30.0,424000.0,399521.0
329,Suburbia,1Story,7631.0,1551.0,1498.0,0.0,1983,2016,2,10,1,1,2,3,2,1.67,8.0,28.5,56.7,False,-0.513,0.523,43.0,298800.0,299496.0
330,Hillcrest,2Story,10930.0,769.0,1127.0,481.0,1991,2020,9,7,2,2,6,7,0,8.07,,30.0,66.9,False,1.314,0.558,16.0,357800.0,347406.0
331,Suburbia,SplitLevel,5094.0,1134.0,604.0,577.0,1931,1932,9,6,1,1,4,6,2,5.39,7.0,49.7,59.9,False,0.11,0.444,40.0,315500.0,305818.0
332,Lakeside,2Story,7500.0,1855.0,1288.0,,2023,2026,7,7,3,1,4,7,1,1.22,6.0,56.6,78.7,False,0.079,0.964,5.0,450800.0,441278.0
333,Suburbia,2Story,6908.0,825.0,1891.0,478.0,1923,1949,7,8,2,2,4,5,1,1.09,5.0,31.8,80.1,False,-1.281,0.148,34.0,370500.0,354792.0
334,Suburbia,2Story,7719.0,1687.0,859.0,803.0,1987,2001,9,1,2,0,2,4,0,10.8,4.0,30.7,72.7,False,-0.59,0.997,24.0,348500.0,364746.0
335,Downtown,1Story,10905.0,1084.0,1181.0,380.0,1976,1990,9,4,1,2,5,6,1,7.78,,0.0,76.8,False,0.259,0.691,37.0,391900.0,403839.0
336,Suburbia,1Story,9837.0,2752.0,769.0,597.0,1911,1948,8,2,2,1,3,6,2,4.34,8.0,20.8,70.1,False,-0.079,0.825,65.0,423200.0,422622.0
337,Downtown,1Story,6235.0,3041.0,986.0,544.0,1997,2000,2,6,2,1,3,5,2,3.39,,16.1,22.0,False,-0.09,0.634,78.0,407700.0,392445.0
338,Suburbia,SplitLevel,8500.0,1268.0,,0.0,1909,1930,7,3,2,0,5,9,2,4.55,10.0,41.2,52.2,False,-1.754,0.215,30.0,274400.0,259165.0
339,Downtown,2Story,13652.0,1991.0,950.0,495.0,1964,1976,3,4,2,1,5,7,2,4.67,2.0,32.9,80.7,False,-0.814,0.751,87.0,393400.0,393928.0
340,Old Town,1Story,6057.0,1322.0,968.0,740.0,2002,2004,1,9,1,1,6,8,0,17.43,9.0,,52.9,False,-0.275,0.848,30.0,283600.0,271290.0
341,Downtown,1Story,8525.0,1680.0,1706.0,549.0,1915,1930,2,3,1,1,5,7,1,5.01,5.0,38.1,83.4,False,1.202,0.752,7.0,375800.0,381056.0
342,Old Town,SplitLevel,7573.0,2842.0,196.0,574.0,1945,1961,5,10,1,2,2,3,0,1.77,5.0,33.6,84.4,False,-1.891,0.874,26.0,368200.0,378422.0
343,Suburbia,2Story,7926.0,1593.0,832.0,716.0,1964,1982,10,5,1,1,4,4,0,5.45,6.0,0.0,63.2,True,-1.044,0.064,24.0,385300.0,401764.0
344,Riverside,2Story,4579.0,1693.0,,414.0,2016,2022,1,2,3,2,4,8,0,20.05,5.0,57.2,57.4,False,-1.898,0.962,9.0,296800.0,298492.0
345,Suburbia,1Story,13277.0,1332.0,848.0,292.0,1948,1977,1,2,1,0,3,6,2,4.09,2.0,55.2,68.2,False,0.325,0.939,65.0,232200.0,236524.0
346,Suburbia,1.5Story,6179.0,2480.0,,0.0,1914,1928,1,8,3,2,4,9,0,17.99,2.0,30.2,67.2,False,1.186,0.897,59.0,246500.0,301239.0
347,Old Town,1.5Story,11604.0,500.0,600.0,482.0,1916,1939,2,10,1,1,4,7,2,17.06,8.0,42.1,79.3,False,0.361,0.637,30.0,237900.0,230968.0
348,Lakeside,1Story,6519.0,1606.0,558.0,603.0,1925,1947,6,9,2,2,5,6,2,2.31,7.0,28.5,25.9,True,0.577,0.847,73.0,387700.0,387012.0
349,Riverside,1.5Story,6510.0,1825.0,183.0,0.0,2009,2026,9,2,3,1,6,9,2,9.43,4.0,2.9,54.8,False,-1.032,0.605,22.0,326700.0,325955.0
350,Downtown,1Story,12389.0,1486.0,686.0,522.0,1997,2017,1,9,1,0,5,7,1,9.74,5.0,78.3,49.8,False,0.369,0.492,98.0,290000.0,295156.0
351,Suburbia,2Story,11474.0,2325.0,534.0,284.0,1952,1964,9,3,2,1,6,9,0,0.41,4.0,50.0,22.7,False,-0.772,0.931,34.0,307100.0,329127.0
352,Lakeside,2Story,8717.0,2511.0,1000.0,0.0,2006,2026,10,5,1,1,6,8,1,27.08,9.0,53.8,59.1,False,0.06,0.208,22.0,425700.0,440313.0
353,Riverside,2Story,10577.0,1073.0,619.0,356.0,2015,2026,1,1,3,1,5,7,1,3.5,1.0,29.3,41.0,False,0.502,0.852,74.0,242400.0,232652.0
354,Riverside,1Story,7325.0,3001.0,,320.0,2009,2009,5,3,2,2,3,6,2,7.36,7.0,57.5,61.0,False,-0.292,0.441,16.0,388500.0,390186.0
355,Riverside,1Story,8079.0,1067.0,760.0,0.0,1900,1929,9,4,3,0,4,8,2,7.41,4.0,7.6,59.2,True,0.82,0.292,95.0,307300.0,323561.0
356,Riverside,1Story,6428.0,2559.0,930.0,120.0,1912,1930,7,10,2,0,2,3,2,0.44,2.0,30.1,76.2,False,-0.164,0.506,70.0,423400.0,406443.0
357,Suburbia,1Story,11119.0,1932.0,728.0,274.0,1991,2003,2,3,1,2,6,8,1,2.1,2.0,49.8,63.5,False,0.274,0.637,20.0,295400.0,274408.0
358,Suburbia,1Story,6357.0,1573.0,504.0,585.0,1948,1949,2,3,1,2,2,4,1,6.75,5.0,22.5,37.6,False,1.891,0.183,32.0,266600.0,251720.0
359,Riverside,1.5Story,13627.0,1625.0,986.0,516.0,1920,1932,5,3,1,0,3,6,2,1.74,2.0,53.2,74.2,False,0.497,0.751,96.0,344300.0,339028.0
360,Riverside,1.5Story,7255.0,1832.0,1398.0,0.0,1981,1997,9,3,1,2,6,9,1,7.45,7.0,41.1,111.6,False,-0.749,0.395,50.0,412500.0,408918.0
361,Old Town,1Story,8161.0,1965.0,1004.0,548.0,1944,1978,10,6,1,1,2,3,1,7.21,4.0,39.2,87.4,False,-0.48,0.704,54.0,381000.0,381265.0
362,Downtown,1Story,10568.0,1344.0,694.0,319.0,2015,2026,5,3,3,1,4,8,1,0.75,9.0,20.6,80.2,False,0.873,0.157,70.0,366400.0,364411.0
363,Downtown,1Story,8171.0,1721.0,898.0,576.0,1972,1989,6,3,2,0,4,7,1,9.74,2.0,43.1,64.5,False,1.043,0.056,25.0,366900.0,359095.0
364,Downtown,1Story,7301.0,1426.0,89.0,0.0,1930,1935,6,6,1,0,3,3,1,8.79,4.0,73.7,59.2,False,-0.036,0.162,41.0,285800.0,277026.0
365,Suburbia,1Story,8018.0,1182.0,891.0,0.0,2017,2026,5,8,1,2,3,6,1,1.71,4.0,38.5,57.9,False,-1.527,0.181,41.0,266500.0,260874.0
366,Hillcrest,1Story,11079.0,1400.0,782.0,445.0,1975,2012,7,2,2,0,5,6,0,4.99,7.0,46.1,72.3,False,-0.95,0.762,37.0,302700.0,343208.0
367,Suburbia,1.5Story,6425.0,1218.0,558.0,870.0,1937,1942,3,4,1,0,5,8,2,3.05,,,47.6,False,0.181,0.493,31.0,272400.0,258166.0
368,Suburbia,1Story,7753.0,1619.0,634.0,339.0,1918,1943,6,6,3,2,4,8,0,1.54,,12.1,72.0,False,0.58,0.764,43.0,320100.0,317609.0
369,Hillcrest,2Story,8132.0,2088.0,778.0,496.0,1969,1990,7,10,2,0,4,8,0,6.12,5.0,32.3,56.1,True,1.005,0.747,78.0,399800.0,416622.0
370,Old Town,1Story,10967.0,1916.0,1367.0,585.0,1994,2002,6,10,1,2,3,5,0,5.83,10.0,31.7,37.1,False,-2.032,0.245,45.0,353300.0,350877.0
371,Suburbia,SplitLevel,7825.0,2936.0,1409.0,306.0,2005,2026,10,9,1,0,5,5,2,16.36,9.0,0.0,55.8,False,0.871,0.911,8.0,458700.0,454967.0
372,Lakeside,2Story,15259.0,634.0,560.0,0.0,1916,1932,8,6,2,0,2,6,0,7.26,6.0,50.8,90.5,False,1.427,0.769,0.0,324300.0,343741.0
373,Hillcrest,SplitLevel,7671.0,2108.0,732.0,364.0,1954,1981,8,1,1,1,2,3,2,0.41,10.0,16.4,70.5,False,-2.394,0.085,2.0,396300.0,404231.0
374,Hillcrest,2Story,7456.0,1854.0,743.0,582.0,2025,2026,9,10,1,0,5,6,1,3.41,8.0,48.6,22.0,False,-0.005,0.572,18.0,366800.0,380530.0
375,Downtown,1Story,7632.0,2299.0,1290.0,405.0,1983,2022,6,7,3,1,2,7,1,2.82,8.0,19.8,55.9,False,0.758,0.413,76.0,422500.0,434568.0
376,Downtown,1Story,5111.0,2244.0,1011.0,423.0,1911,1911,4,10,2,0,5,6,2,7.76,4.0,75.8,84.3,False,-1.411,0.459,60.0,404200.0,397163.0
377,Old Town,2Story,5637.0,1759.0,989.0,606.0,2015,2026,6,10,3,2,2,6,0,17.93,5.0,29.4,62.6,False,-0.499,0.367,34.0,331700.0,339351.0
378,Hillcrest,SplitLevel,6730.0,1945.0,1175.0,331.0,1986,2023,10,8,3,1,3,8,1,11.12,10.0,73.4,77.4,False,0.56,0.496,1.0,417900.0,416738.0
379,Hillcrest,1Story,12059.0,1441.0,700.0,446.0,1957,1983,9,5,1,2,6,8,2,14.45,10.0,31.5,60.9,False,-0.523,0.356,32.0,379900.0,370810.0
380,Suburbia,SplitLevel,8010.0,2188.0,1523.0,218.0,1997,2024,4,7,3,2,3,7,2,4.06,8.0,33.9,71.3,False,-0.364,0.463,27.0,363600.0,368992.0
381,Riverside,2Story,6839.0,817.0,949.0,511.0,1981,1993,5,7,3,2,6,10,2,0.96,1.0,66.3,68.6,False,0.221,0.545,49.0,304700.0,295080.0
382,Old Town,SplitLevel,12448.0,2277.0,591.0,0.0,1932,1963,3,9,1,1,3,5,0,2.2,2.0,16.6,56.4,False,-1.17,0.731,44.0,303900.0,287149.0
383,Suburbia,SplitLevel,13945.0,1837.0,854.0,587.0,2000,2026,1,3,1,0,5,5,0,1.21,5.0,36.0,78.3,False,-1.067,0.151,17.0,317500.0,307074.0
384,Riverside,1Story,12574.0,1582.0,1467.0,277.0,1932,1957,4,6,1,1,5,7,2,1.41,6.0,45.8,95.6,True,0.468,0.134,44.0,392800.0,385385.0
385,Hillcrest,2Story,6011.0,1722.0,771.0,429.0,1928,1936,2,6,1,1,5,8,2,1.59,7.0,43.1,74.9,False,0.949,0.498,12.0,357600.0,347069.0
386,Old Town,1.5Story,6814.0,1762.0,1349.0,255.0,1975,2012,4,3,1,1,3,4,0,8.19,3.0,35.9,69.9,False,0.399,0.475,4.0,297100.0,292188.0
387,Suburbia,1Story,15288.0,2564.0,687.0,421.0,1902,1902,1,5,1,0,5,8,1,15.33,8.0,33.1,52.8,False,1.361,0.564,92.0,333100.0,322579.0
388,Old Town,SplitLevel,8817.0,3628.0,628.0,697.0,1979,2015,4,10,3,1,3,5,0,0.89,9.0,51.9,84.9,False,0.42,0.613,87.0,433200.0,447700.0
389,Downtown,1Story,7379.0,2521.0,1227.0,409.0,1969,1969,8,1,1,2,6,6,0,3.07,3.0,38.5,58.8,False,1.847,0.274,99.0,418500.0,419374.0
390,Suburbia,2Story,10419.0,1539.0,583.0,241.0,1990,1992,9,6,3,2,3,5,0,7.34,8.0,54.3,78.1,False,0.066,0.648,9.0,350200.0,345359.0
391,Suburbia,2Story,11528.0,2196.0,1295.0,351.0,1920,1921,9,7,1,2,6,8,1,1.39,2.0,42.8,81.7,False,0.253,0.496,67.0,410300.0,411201.0
392,Downtown,1.5Story,6634.0,2220.0,1098.0,202.0,1973,1980,6,10,2,0,6,8,0,2.42,5.0,48.0,85.8,False,0.403,0.496,87.0,454300.0,423328.0
393,Riverside,SplitLevel,8750.0,1341.0,583.0,0.0,1955,1984,6,3,3,1,5,9,2,7.57,9.0,57.7,86.1,False,-0.628,0.594,40.0,303700.0,306030.0
394,Suburbia,2Story,11207.0,1157.0,920.0,567.0,1921,1937,10,4,1,0,4,6,0,3.04,4.0,28.8,85.5,False,-0.776,0.612,99.0,336300.0,358404.0
395,Downtown,1.5Story,5399.0,1815.0,720.0,229.0,1956,1959,6,1,2,0,4,6,0,13.81,7.0,,45.4,False,-0.9,0.617,96.0,322500.0,321849.0
396,Hillcrest,SplitLevel,8138.0,2294.0,1097.0,510.0,2016,2026,1,4,3,2,3,6,1,13.73,9.0,31.9,52.5,False,-0.556,0.831,17.0,365100.0,354818.0
397,Suburbia,2Story,5486.0,964.0,1743.0,464.0,2003,2026,10,10,2,0,3,7,1,4.95,5.0,7.0,43.3,False,2.071,0.5,86.0,347100.0,357869.0
398,Hillcrest,2Story,5743.0,1454.0,794.0,375.0,1920,1941,7,8,3,1,4,9,0,1.23,9.0,28.4,42.1,False,1.821,0.941,7.0,357000.0,357494.0
399,Hillcrest,1.5Story,6654.0,2165.0,1174.0,496.0,2006,2026,7,5,2,0,4,6,0,0.83,7.0,20.5,95.5,False,-0.328,0.946,15.0,443700.0,444568.0
400,Hillcrest,1Story,9576.0,1873.0,960.0,310.0,1971,1981,1,7,1,0,5,5,0,3.24,6.0,42.5,50.3,False,-0.421,0.335,12.0,311700.0,312466.0
401,Hillcrest,2Story,7239.0,2629.0,960.0,595.0,1905,1926,5,10,2,0,6,10,0,1.22,2.0,29.3,47.7,False,-2.147,0.881,98.0,408000.0,415444.0
402,Old Town,SplitLevel,6458.0,1074.0,881.0,348.0,2015,2026,5,5,2,1,6,9,0,2.21,8.0,37.6,67.0,False,-0.994,0.421,85.0,279000.0,265390.0
403,Suburbia,1Story,8251.0,3144.0,590.0,,1966,1993,9,3,3,1,5,8,1,8.01,4.0,55.3,54.6,False,-0.809,0.974,27.0,420900.0,394079.0
404,Downtown,SplitLevel,5424.0,1004.0,1091.0,379.0,2015,2015,4,9,2,1,6,9,2,9.34,3.0,64.7,108.7,True,-0.44,0.927,97.0,348900.0,359334.0
405,Old Town,SplitLevel,9415.0,734.0,829.0,570.0,1912,1936,4,9,2,2,6,9,0,13.34,10.0,40.9,63.1,True,-0.57,0.44,12.0,255700.0,271887.0
406,Suburbia,SplitLevel,12040.0,1818.0,570.0,547.0,1921,1953,7,6,2,0,4,5,1,15.13,4.0,56.7,76.0,False,0.215,0.349,59.0,321700.0,327135.0
407,Hillcrest,1Story,7882.0,1226.0,,120.0,2013,2018,1,1,2,1,4,8,1,0.45,4.0,31.5,54.0,False,0.775,0.686,86.0,287300.0,269856.0
408,Suburbia,2Story,7548.0,1829.0,992.0,501.0,1930,1946,8,1,2,1,4,7,0,3.04,10.0,3.7,38.1,False,-0.728,0.368,94.0,355400.0,358577.0
409,Downtown,1Story,9235.0,1809.0,854.0,0.0,1969,1995,1,2,3,0,2,4,1,1.76,3.0,11.4,54.9,False,1.437,0.66,22.0,310100.0,305613.0
410,Old Town,2Story,3984.0,1742.0,1513.0,405.0,1975,1975,3,7,1,0,3,6,0,0.89,8.0,31.1,55.1,False,0.346,0.421,76.0,309600.0,320927.0
411,Suburbia,1.5Story,9778.0,1387.0,179.0,443.0,2019,2026,5,2,2,0,3,7,0,19.61,6.0,50.9,55.0,False,0.888,0.502,68.0,267500.0,245438.0
412,Suburbia,2Story,23996.0,2088.0,1485.0,0.0,1942,1976,2,1,3,2,5,10,2,0.57,1.0,31.1,39.2,False,-0.44,0.379,56.0,302200.0,305868.0
413,Downtown,1Story,7763.0,1675.0,580.0,540.0,1994,2015,1,7,1,1,3,5,0,8.14,6.0,58.7,70.4,False,0.546,0.797,80.0,325800.0,322691.0
414,Old Town,2Story,7772.0,2457.0,1039.0,575.0,1992,2010,5,5,3,1,5,8,2,18.01,5.0,71.6,61.9,True,0.454,0.601,91.0,353800.0,363655.0
415,Downtown,2Story,10512.0,1751.0,703.0,336.0,1988,1991,8,6,3,1,3,7,0,15.28,8.0,17.2,40.2,False,1.468,0.683,14.0,371300.0,382357.0
416,Lakeside,2Story,14413.0,1319.0,562.0,330.0,1965,1994,3,2,2,2,3,6,1,0.92,4.0,,69.9,False,0.653,0.821,46.0,325400.0,325425.0
417,Downtown,1Story,11399.0,922.0,1502.0,454.0,1908,1946,3,3,2,1,2,5,2,3.32,3.0,2.3,81.7,False,0.854,0.796,21.0,350100.0,348779.0
418,Suburbia,1.5Story,3811.0,1755.0,1730.0,213.0,1933,1969,7,3,2,2,4,5,1,0.76,3.0,72.0,89.6,False,-0.529,0.51,41.0,361100.0,350416.0
419,Lakeside,2Story,9869.0,1152.0,857.0,384.0,1970,1992,10,7,2,0,2,4,2,10.22,6.0,34.3,24.4,False,1.196,0.254,37.0,349800.0,370723.0
420,Old Town,SplitLevel,19934.0,1108.0,1091.0,676.0,1951,1952,6,10,1,2,3,4,0,6.87,10.0,30.3,54.8,False,-1.276,0.363,71.0,309900.0,321660.0
421,Suburbia,SplitLevel,10075.0,2140.0,974.0,219.0,1923,1934,6,10,2,0,4,7,0,2.95,5.0,34.8,43.3,False,-0.573,0.552,61.0,323700.0,332216.0
422,Downtown,1Story,5409.0,872.0,1677.0,406.0,1987,1997,9,2,2,1,5,7,1,0.42,2.0,19.0,56.3,False,0.281,0.239,74.0,357700.0,356257.0
423,Downtown,1.5Story,8943.0,2627.0,62.0,0.0,1958,1958,1,7,1,0,4,6,0,7.1,9.0,65.0,93.0,False,-1.153,0.781,70.0,347700.0,361683.0
424,Downtown,1Story,5176.0,1938.0,1108.0,,1998,2002,10,8,3,0,3,8,2,3.05,4.0,21.2,54.9,True,-0.923,0.229,35.0,464100.0,465317.0
425,Suburbia,2Story,12475.0,1826.0,645.0,374.0,1969,1992,5,1,1,1,6,7,1,0.73,5.0,23.7,59.4,False,-0.923,0.335,64.0,311300.0,319272.0
426,Suburbia,1Story,5799.0,1281.0,0.0,383.0,1946,1950,4,7,2,2,3,6,2,10.64,9.0,7.4,53.1,False,0.379,0.633,47.0,263300.0,264996.0
427,Lakeside,2Story,8316.0,2270.0,799.0,295.0,1913,1914,7,5,3,0,3,5,0,0.83,2.0,20.4,97.3,False,-0.159,0.698,53.0,449100.0,458638.0
428,Suburbia,SplitLevel,6002.0,1848.0,,461.0,1913,1951,10,2,3,2,2,4,1,1.48,2.0,21.0,26.6,False,0.964,0.395,21.0,338200.0,350753.0
429,Downtown,SplitLevel,6693.0,1473.0,674.0,503.0,1963,1987,10,8,2,2,3,4,0,7.46,3.0,19.7,58.0,False,1.881,0.756,27.0,384200.0,380692.0
430,Suburbia,SplitLevel,13632.0,1960.0,1282.0,318.0,1944,1977,8,10,3,2,3,8,2,11.22,4.0,31.5,52.4,True,0.27,0.902,11.0,397100.0,383355.0
431,Old Town,1Story,8402.0,924.0,1453.0,,1990,2000,5,6,2,0,3,5,0,1.18,9.0,12.7,37.0,True,-0.511,0.164,15.0,312200.0,302139.0
432,Suburbia,1Story,6663.0,951.0,945.0,503.0,1979,1993,2,3,3,2,2,6,1,4.52,7.0,66.9,87.8,False,0.368,0.916,35.0,277500.0,263774.0
433,Suburbia,SplitLevel,5427.0,1234.0,1001.0,596.0,1935,1960,2,5,3,1,2,6,1,2.62,,31.9,35.5,False,-0.896,0.538,18.0,275600.0,260378.0
434,Suburbia,2Story,4209.0,2042.0,229.0,407.0,1995,2023,9,6,2,1,5,6,2,0.69,4.0,42.5,59.7,False,-0.064,0.449,49.0,348100.0,350103.0
435,Downtown,2Story,5229.0,1848.0,649.0,499.0,1971,1986,2,10,2,0,4,5,1,6.83,5.0,52.2,66.6,True,2.462,0.796,71.0,397700.0,374520.0
436,Lakeside,1Story,8427.0,2427.0,1331.0,426.0,2010,2026,5,8,1,1,5,8,2,0.48,5.0,75.5,54.5,False,-0.203,0.784,15.0,433500.0,424105.0
437,Downtown,1Story,11420.0,1344.0,975.0,693.0,2020,2026,5,7,3,1,4,9,0,5.42,2.0,53.2,36.8,False,0.303,0.683,20.0,316400.0,328105.0
438,Riverside,1Story,6660.0,2166.0,1104.0,479.0,2021,2026,8,8,3,2,4,8,2,1.85,6.0,30.0,65.0,False,-0.162,0.409,16.0,409200.0,417522.0
439,Suburbia,2Story,14040.0,1787.0,1006.0,461.0,1915,1919,4,7,3,1,4,7,1,7.21,4.0,13.5,54.3,False,-0.41,0.267,81.0,341200.0,339351.0
440,Suburbia,1Story,6304.0,1331.0,1871.0,0.0,1966,1966,8,4,2,0,3,5,0,8.3,10.0,41.8,82.6,False,0.481,0.36,12.0,355400.0,344496.0
441,Suburbia,2Story,7455.0,2062.0,769.0,377.0,1903,1937,6,2,1,1,3,6,0,8.48,7.0,56.2,77.3,False,-1.271,0.573,92.0,339100.0,341972.0
442,Downtown,2Story,5553.0,1814.0,1624.0,498.0,2010,2026,9,9,3,2,6,8,0,3.96,9.0,37.8,103.0,False,-0.166,0.564,87.0,483300.0,495300.0
443,Suburbia,2Story,11462.0,1504.0,1006.0,591.0,1988,2007,2,6,1,0,4,4,2,2.57,2.0,36.3,70.0,False,-1.357,0.924,38.0,317200.0,307382.0
444,Lakeside,1Story,16884.0,1873.0,1662.0,350.0,1933,1962,8,10,2,2,6,8,0,0.78,2.0,39.3,78.6,False,1.544,0.457,69.0,448200.0,462025.0
445,Lakeside,SplitLevel,4374.0,1779.0,436.0,480.0,1976,2012,8,7,1,2,5,5,1,19.87,5.0,0.0,61.5,False,0.987,0.667,18.0,397200.0,393464.0
446,Suburbia,1Story,7178.0,1765.0,1028.0,0.0,1970,1976,9,5,2,1,5,6,1,1.86,6.0,37.9,98.8,False,-0.768,0.66,14.0,365800.0,365304.0
447,Old Town,1.5Story,12615.0,1623.0,785.0,517.0,1968,2008,5,7,1,2,6,7,0,0.79,6.0,49.6,68.2,False,-1.856,0.732,66.0,295800.0,312417.0
448,Suburbia,1.5Story,4883.0,1132.0,1009.0,187.0,1967,1987,4,7,1,1,5,8,1,16.87,,34.1,66.2,False,0.49,0.991,66.0,289300.0,267343.0
449,Downtown,1Story,9881.0,1891.0,1463.0,312.0,2024,2026,6,10,2,0,6,9,0,2.26,9.0,57.5,77.7,False,-0.044,0.802,30.0,423500.0,423260.0
450,Suburbia,SplitLevel,12426.0,1409.0,1109.0,241.0,1996,2002,10,4,2,1,5,7,2,12.05,4.0,58.1,56.4,False,2.244,0.04,48.0,298400.0,313050.0
451,Downtown,1.5Story,8328.0,1289.0,1463.0,0.0,1950,1977,2,4,3,1,5,8,0,0.53,3.0,24.9,59.0,False,1.402,0.812,52.0,311100.0,310472.0
452,Old Town,1Story,9824.0,1718.0,669.0,316.0,1997,2021,7,4,2,2,5,7,1,19.83,3.0,43.8,77.7,False,0.635,1.0,56.0,274000.0,295410.0
453,Suburbia,2Story,15008.0,2254.0,604.0,381.0,1917,1918,3,2,1,0,6,7,0,1.5,4.0,35.9,81.2,False,-0.528,0.038,28.0,344500.0,339987.0
454,Lakeside,2Story,16026.0,1952.0,957.0,269.0,1935,1961,8,5,3,0,3,8,1,1.02,6.0,0.0,78.7,False,-0.262,0.597,82.0,477800.0,467141.0
455,Downtown,SplitLevel,7929.0,1558.0,934.0,395.0,1914,1919,5,5,2,2,6,10,1,1.49,9.0,31.3,66.6,True,0.302,0.599,60.0,420400.0,387014.0
456,Lakeside,1.5Story,6726.0,1536.0,872.0,280.0,2011,2022,9,2,3,0,4,9,1,20.57,5.0,14.4,72.9,False,0.355,0.525,47.0,394700.0,393529.0
457,Old Town,SplitLevel,5872.0,2200.0,547.0,581.0,1903,1928,2,9,3,0,2,5,1,2.55,5.0,37.7,85.3,False,-0.708,0.875,51.0,320100.0,328237.0
458,Hillcrest,SplitLevel,11406.0,532.0,1453.0,537.0,2012,2026,2,7,2,2,2,6,0,8.39,10.0,48.7,48.3,False,-1.364,0.814,28.0,280800.0,278249.0
459,Suburbia,2Story,5013.0,2289.0,798.0,0.0,2004,2009,10,3,1,0,5,7,1,6.33,4.0,30.6,68.0,False,1.928,0.172,34.0,381900.0,364035.0
460,Suburbia,1.5Story,7418.0,819.0,1549.0,412.0,2019,2026,4,2,2,2,6,10,0,0.91,2.0,17.0,22.0,False,0.034,0.103,78.0,243000.0,236848.0
461,Riverside,1Story,8400.0,1072.0,955.0,134.0,1996,2007,1,7,3,0,5,7,1,5.33,4.0,39.7,81.3,False,0.424,0.167,13.0,280600.0,270283.0
462,Downtown,1.5Story,6795.0,1567.0,1222.0,387.0,1957,1985,9,1,1,1,5,8,0,5.6,1.0,83.9,53.9,False,-0.857,0.887,15.0,351500.0,342120.0
463,Old Town,2Story,8937.0,3044.0,1184.0,338.0,2002,2026,5,2,3,1,6,11,1,2.54,4.0,0.0,54.4,False,1.366,0.098,16.0,402400.0,396176.0
464,Hillcrest,2Story,19882.0,2773.0,604.0,500.0,2024,2026,10,5,2,1,6,10,2,5.27,9.0,39.7,65.8,False,1.04,0.646,92.0,465500.0,482799.0
465,Riverside,1.5Story,7765.0,2239.0,1104.0,559.0,2012,2026,5,10,2,0,6,9,1,2.82,9.0,24.1,79.1,False,0.06,0.683,80.0,410500.0,428521.0
466,Suburbia,1.5Story,6958.0,2046.0,1760.0,0.0,1998,2016,8,1,3,0,2,5,0,5.75,9.0,26.5,111.1,False,0.21,0.218,94.0,391800.0,411319.0
467,Suburbia,1Story,11561.0,826.0,1056.0,662.0,1996,2020,6,6,3,1,6,8,0,3.26,4.0,32.9,40.0,False,0.285,0.23,31.0,260300.0,275157.0
468,Old Town,1Story,8812.0,1936.0,1329.0,0.0,1982,1994,5,6,3,1,4,6,0,1.67,5.0,28.1,52.7,False,0.098,0.836,34.0,291400.0,304793.0
469,Downtown,1Story,13410.0,1548.0,1241.0,362.0,2012,2026,5,3,1,2,5,8,1,1.49,9.0,47.0,72.1,False,0.558,0.42,28.0,401600.0,378634.0
470,Riverside,SplitLevel,8584.0,1401.0,1079.0,626.0,1954,1962,3,6,2,2,5,6,0,6.7,8.0,30.2,54.9,False,0.377,0.499,77.0,311900.0,320671.0
471,Hillcrest,1Story,7428.0,1935.0,1028.0,487.0,1963,2000,8,7,2,0,5,7,2,0.55,2.0,0.0,83.0,False,-0.176,0.397,75.0,425600.0,424399.0
472,Riverside,1Story,4340.0,1591.0,1180.0,420.0,2006,2026,6,2,3,1,6,9,1,15.59,,60.6,65.0,False,-1.169,0.183,92.0,328100.0,331146.0
473,Downtown,1Story,4597.0,2328.0,1271.0,755.0,1933,1973,1,10,1,1,2,4,2,11.84,2.0,57.6,83.9,False,-0.025,0.439,28.0,403400.0,400972.0
474,Downtown,1Story,4262.0,785.0,382.0,0.0,1996,2022,4,3,1,1,6,7,2,1.41,3.0,22.9,63.5,False,0.75,0.269,91.0,254100.0,253202.0
475,Lakeside,1Story,9254.0,1891.0,1054.0,430.0,1913,1927,5,4,1,2,3,3,0,1.58,,36.0,77.8,False,0.672,0.3,95.0,393600.0,409137.0
476,Hillcrest,1Story,5030.0,1366.0,873.0,350.0,1973,1984,9,1,3,1,3,6,2,7.43,,59.4,50.8,True,1.312,0.202,11.0,352500.0,345080.0
477,Hillcrest,SplitLevel,12575.0,1625.0,786.0,672.0,1904,1911,5,6,2,0,5,7,0,1.09,8.0,55.7,102.9,True,1.418,0.627,34.0,399100.0,407502.0
478,Suburbia,SplitLevel,8189.0,2018.0,1494.0,0.0,2025,2026,6,6,3,1,6,8,0,1.43,8.0,62.1,37.4,False,0.702,0.287,16.0,306200.0,315060.0
479,Suburbia,SplitLevel,7439.0,1235.0,642.0,,2006,2010,1,2,1,2,2,3,1,3.48,3.0,42.5,55.3,False,0.187,0.166,97.0,217800.0,221612.0
480,Hillcrest,1Story,6031.0,1940.0,364.0,568.0,1931,1964,4,3,1,1,6,8,1,9.32,4.0,50.4,42.4,False,0.344,0.808,49.0,311800.0,301744.0
481,Hillcrest,1Story,10075.0,1733.0,1284.0,601.0,1918,1946,3,8,2,0,3,5,1,6.56,8.0,63.2,82.4,False,-0.574,0.576,1.0,369200.0,376957.0
482,Lakeside,1.5Story,6115.0,1487.0,353.0,548.0,1980,1985,5,8,3,2,6,9,0,1.31,10.0,28.1,77.7,False,0.799,0.859,55.0,399800.0,398671.0
483,Riverside,SplitLevel,5739.0,1591.0,140.0,601.0,2013,2026,9,4,2,0,2,6,0,5.38,9.0,43.8,46.1,True,1.324,0.781,17.0,347200.0,342208.0
484,Hillcrest,1Story,12282.0,1765.0,1331.0,532.0,1940,1946,10,7,1,1,5,6,2,19.66,10.0,0.0,85.9,False,1.042,0.372,34.0,462200.0,459042.0
485,Downtown,1.5Story,9174.0,1428.0,1017.0,0.0,2021,2026,3,8,2,0,4,8,1,6.04,7.0,3.4,55.4,False,0.556,0.562,57.0,337100.0,334626.0
486,Hillcrest,1.5Story,7463.0,1854.0,1149.0,343.0,1957,1979,7,4,2,1,6,9,1,1.69,5.0,45.0,75.0,False,-0.241,0.987,7.0,367400.0,384764.0
487,Riverside,1.5Story,10143.0,1697.0,,,1955,1959,10,2,1,2,4,6,0,1.08,8.0,48.1,79.2,True,-0.356,0.358,91.0,421000.0,419450.0
488,Lakeside,1.5Story,8128.0,1514.0,369.0,263.0,1942,1946,3,1,1,1,2,3,0,28.0,1.0,27.3,63.6,False,-0.16,0.24,42.0,277700.0,289063.0
489,Riverside,2Story,9266.0,2724.0,,510.0,1934,1959,5,10,3,2,2,7,0,3.0,10.0,22.9,84.4,False,-0.73,0.163,64.0,429200.0,451002.0
490,Riverside,1Story,6088.0,2078.0,836.0,0.0,1942,1981,6,4,1,2,3,4,1,4.0,10.0,27.9,65.4,False,0.275,0.94,28.0,348500.0,354214.0
491,Suburbia,1Story,16725.0,1640.0,416.0,444.0,1921,1923,1,9,1,2,6,8,2,4.89,6.0,38.8,74.1,False,-2.797,0.25,76.0,288600.0,294986.0
492,Suburbia,2Story,6615.0,1930.0,1079.0,369.0,1947,1973,5,4,2,0,2,3,1,23.86,,0.0,63.1,False,-0.539,0.928,44.0,376800.0,340134.0
493,Suburbia,SplitLevel,13969.0,1285.0,756.0,482.0,1936,1960,2,8,1,0,6,7,1,25.79,6.0,44.3,34.4,False,0.068,0.592,51.0,242800.0,230769.0
494,Hillcrest,1Story,7585.0,1610.0,1028.0,515.0,1907,1909,4,4,2,0,4,7,2,2.68,2.0,35.6,65.8,False,2.502,0.59,27.0,345300.0,335600.0
495,Suburbia,2Story,10748.0,1674.0,1015.0,307.0,1945,1951,2,7,2,1,4,8,0,15.32,3.0,39.9,52.3,True,0.004,0.4,18.0,290800.0,295802.0
496,Riverside,SplitLevel,10477.0,1164.0,1112.0,455.0,1905,1923,8,10,1,1,6,9,0,1.01,8.0,32.5,93.1,False,0.041,0.396,43.0,381500.0,383804.0
497,Hillcrest,1.5Story,12105.0,2063.0,1160.0,683.0,1922,1950,9,8,2,0,5,6,2,10.0,1.0,7.3,43.4,False,-0.834,0.321,31.0,451000.0,419230.0
498,Suburbia,1.5Story,6038.0,1572.0,806.0,250.0,1991,2000,3,2,3,2,5,7,2,4.59,7.0,13.0,90.1,False,1.72,0.729,58.0,308000.0,315879.0
499,Hillcrest,1Story,11807.0,1654.0,1027.0,,1903,1920,1,6,3,2,6,11,1,15.28,4.0,65.5,64.8,True,-0.813,0.739,58.0,317900.0,314735.0
500,Riverside,SplitLevel,15464.0,1537.0,1049.0,598.0,1939,1959,5,3,1,2,4,7,0,10.13,2.0,22.1,75.3,False,2.033,0.531,36.0,362700.0,339961.0
501,Suburbia,1Story,7402.0,3477.0,0.0,472.0,1986,2015,2,3,1,1,6,6,0,6.02,6.0,51.2,43.2,False,-0.74,0.449,13.0,324900.0,333815.0
502,Old Town,1Story,8202.0,1486.0,1222.0,,1902,1912,5,9,2,1,5,9,0,1.0,3.0,13.4,62.4,False,0.942,0.636,21.0,317600.0,315792.0
503,Old Town,2Story,6747.0,712.0,1013.0,624.0,1992,2020,6,10,2,2,6,10,2,1.47,5.0,34.7,56.0,False,-0.057,0.491,27.0,289300.0,289536.0
504,Riverside,1Story,7178.0,970.0,1187.0,333.0,1910,1944,5,10,2,1,4,8,2,2.74,9.0,26.2,105.9,False,-0.562,0.824,39.0,355500.0,366483.0
505,Riverside,1.5Story,14750.0,2268.0,410.0,377.0,1906,1929,6,9,1,0,5,5,2,1.04,7.0,29.3,55.6,False,1.01,0.065,75.0,392600.0,383002.0
506,Suburbia,1Story,5702.0,2585.0,817.0,357.0,1924,1953,6,5,1,0,4,7,1,5.13,10.0,28.2,88.8,False,1.328,0.903,26.0,387400.0,401238.0
507,Hillcrest,1Story,5827.0,1475.0,492.0,404.0,2008,2014,2,6,1,0,6,7,1,1.38,4.0,63.9,89.0,False,-0.186,0.524,73.0,311600.0,301972.0
508,Suburbia,SplitLevel,14240.0,2553.0,1263.0,674.0,1906,1943,7,6,3,2,5,9,2,7.34,5.0,73.5,88.5,False,-0.024,0.509,6.0,427800.0,422455.0
509,Riverside,1.5Story,10083.0,2258.0,360.0,188.0,1912,1924,7,8,2,1,2,4,1,2.61,7.0,39.8,57.3,False,-0.413,0.391,65.0,378200.0,367042.0
510,Downtown,2Story,17020.0,1746.0,560.0,269.0,2019,2026,2,1,2,1,4,5,1,4.64,2.0,26.7,100.5,False,0.224,0.532,63.0,357400.0,359754.0
511,Downtown,SplitLevel,6921.0,1707.0,1174.0,241.0,1976,1998,5,9,2,0,2,5,0,10.22,9.0,8.4,104.2,False,-1.095,0.22,79.0,424000.0,419178.0
512,Suburbia,1.5Story,8469.0,1949.0,,684.0,1971,1986,3,9,1,2,5,5,1,4.13,4.0,,74.6,False,-2.693,0.497,63.0,365400.0,352702.0
513,Downtown,SplitLevel,6430.0,2333.0,560.0,0.0,1905,1923,4,10,2,1,5,7,0,10.03,5.0,64.0,59.6,False,-1.87,0.398,31.0,325900.0,343316.0
514,Hillcrest,SplitLevel,8520.0,2069.0,1331.0,,1949,1982,8,6,2,2,6,7,0,1.37,6.0,5.6,52.5,False,-0.221,0.294,31.0,397200.0,412178.0
515,Hillcrest,SplitLevel,4355.0,1478.0,1348.0,202.0,1972,1993,6,5,1,0,2,5,1,5.08,1.0,26.2,76.5,False,-1.07,0.212,80.0,344900.0,337687.0
516,Lakeside,1.5Story,10298.0,1754.0,1253.0,418.0,1967,1982,10,5,2,1,4,6,2,1.85,4.0,38.1,69.2,False,-0.118,0.86,95.0,457400.0,447242.0
517,Hillcrest,1Story,9074.0,2940.0,1306.0,599.0,1965,1997,6,7,1,1,3,3,0,1.74,2.0,0.0,71.3,False,-0.512,0.85,50.0,468200.0,466474.0
518,Suburbia,2Story,7941.0,1988.0,853.0,500.0,1914,1929,1,4,1,0,4,7,1,5.39,7.0,10.0,43.7,False,-0.706,0.485,78.0,318200.0,306836.0
519,Downtown,1Story,7068.0,2328.0,864.0,0.0,2024,2026,8,8,2,0,6,9,1,7.72,8.0,8.2,68.6,False,-0.649,0.231,98.0,421900.0,426363.0
520,Suburbia,1.5Story,5924.0,2147.0,678.0,210.0,1988,2026,1,5,1,0,4,4,1,5.92,1.0,21.7,88.6,False,0.967,0.45,90.0,318400.0,302692.0
521,Suburbia,1Story,10454.0,2000.0,1020.0,408.0,1930,1949,4,3,3,2,4,7,0,6.95,1.0,40.2,82.7,False,0.235,0.926,3.0,325900.0,326815.0
522,Hillcrest,SplitLevel,5378.0,1910.0,728.0,484.0,2022,2026,10,8,2,0,6,9,2,14.85,9.0,55.6,60.5,False,1.565,0.779,46.0,383700.0,393374.0
523,Downtown,2Story,9693.0,2344.0,768.0,301.0,1937,1966,10,4,1,2,4,7,2,12.39,4.0,21.7,66.0,False,0.103,0.808,60.0,458500.0,440840.0
524,Suburbia,1Story,16748.0,2245.0,1202.0,,1916,1951,2,1,3,2,4,9,0,3.28,9.0,25.8,41.6,True,-1.91,0.703,52.0,365300.0,355081.0
525,Downtown,1Story,13629.0,1995.0,1448.0,,2012,2026,10,6,1,2,4,7,1,2.53,7.0,32.6,56.0,False,-1.044,0.724,58.0,452400.0,457924.0
526,Hillcrest,1Story,4785.0,1468.0,1117.0,0.0,1919,1935,10,6,1,2,6,6,2,6.1,8.0,18.9,61.9,True,0.115,0.15,69.0,382600.0,387932.0
527,Old Town,2Story,6715.0,2062.0,1704.0,576.0,1907,1918,9,3,3,0,4,7,0,3.25,4.0,43.4,79.4,False,0.242,0.347,22.0,408900.0,401448.0
528,Old Town,2Story,9391.0,1813.0,654.0,442.0,1979,2003,9,1,2,1,5,6,1,3.46,4.0,44.0,55.3,False,-0.586,0.832,58.0,309800.0,322222.0
529,Suburbia,SplitLevel,7906.0,1680.0,178.0,644.0,1933,1958,1,5,2,0,2,4,2,5.63,8.0,0.0,49.4,False,-0.796,0.177,66.0,281000.0,277055.0
530,Hillcrest,1Story,4965.0,3323.0,1250.0,785.0,1919,1937,2,8,1,2,2,3,2,19.16,,47.8,81.6,False,-0.608,0.075,66.0,456900.0,458990.0
531,Suburbia,2Story,9273.0,1004.0,626.0,285.0,1912,1924,7,9,2,2,2,4,1,3.71,6.0,37.5,60.4,False,-0.144,0.846,58.0,300800.0,298180.0
532,Suburbia,2Story,8075.0,2377.0,835.0,583.0,1915,1933,2,3,1,0,4,4,2,9.23,4.0,40.2,52.9,False,-0.049,0.781,43.0,299500.0,324465.0
533,Hillcrest,1Story,15836.0,1376.0,207.0,669.0,2021,2026,3,5,3,2,5,8,2,1.37,7.0,,82.6,True,-1.098,0.158,35.0,336300.0,347558.0
534,Suburbia,2Story,7416.0,1922.0,572.0,305.0,1984,1989,10,10,3,0,3,6,1,10.67,4.0,0.0,76.3,False,0.246,0.528,13.0,396400.0,393265.0
535,Downtown,1.5Story,12195.0,3263.0,319.0,0.0,2006,2026,10,4,3,2,6,11,2,13.23,9.0,9.9,64.3,False,0.237,0.042,75.0,491800.0,478727.0
536,Lakeside,1.5Story,5201.0,1321.0,768.0,366.0,1977,2011,3,5,2,0,2,4,2,10.94,8.0,33.6,61.7,False,-0.11,0.149,81.0,337500.0,339131.0
537,Riverside,2Story,5654.0,1452.0,784.0,439.0,1968,1981,6,7,3,2,5,7,1,5.12,4.0,0.0,74.8,False,-0.691,0.257,98.0,373800.0,364849.0
538,Lakeside,1Story,10431.0,1840.0,988.0,403.0,1927,1943,6,5,1,2,3,5,2,1.06,9.0,30.8,77.7,True,0.672,0.704,38.0,428700.0,447005.0
539,Lakeside,2Story,11841.0,1384.0,1471.0,428.0,2021,2024,3,9,1,2,2,3,0,1.4,1.0,51.9,71.8,False,1.324,0.305,21.0,374100.0,379696.0
540,Suburbia,1Story,5796.0,2336.0,1234.0,0.0,2003,2026,3,4,1,0,5,5,0,0.98,9.0,42.9,70.2,False,-0.448,0.81,60.0,334500.0,330990.0
541,Old Town,SplitLevel,8172.0,1556.0,,157.0,1966,1983,5,5,2,0,4,7,2,22.0,5.0,36.6,57.1,False,-0.628,0.024,60.0,234400.0,235179.0
542,Riverside,1Story,4996.0,2210.0,1205.0,0.0,1913,1948,7,6,2,0,5,8,2,0.46,3.0,30.3,58.2,False,0.466,0.004,36.0,373600.0,364168.0
543,Suburbia,SplitLevel,7605.0,1119.0,997.0,567.0,1995,2026,9,8,1,2,6,7,2,13.13,9.0,26.4,64.9,False,-1.171,0.3,34.0,337300.0,340438.0
544,Old Town,2Story,10861.0,856.0,909.0,548.0,1941,1972,9,4,2,0,4,5,1,2.27,,25.3,50.7,True,-1.277,0.731,48.0,316600.0,319626.0
545,Downtown,1Story,6959.0,1724.0,940.0,0.0,1926,1934,1,3,3,1,6,9,1,11.6,1.0,39.6,48.6,False,-0.649,0.952,42.0,282100.0,274035.0
546,Hillcrest,1Story,7427.0,987.0,,550.0,1993,2001,7,4,2,1,4,6,2,19.16,3.0,4.0,66.4,False,0.309,0.315,63.0,323800.0,330493.0
547,Hillcrest,1Story,5457.0,2685.0,659.0,672.0,2005,2024,7,3,3,1,3,8,2,18.6,5.0,64.3,85.8,False,-0.88,0.557,72.0,407500.0,418694.0
548,Downtown,SplitLevel,6458.0,1009.0,873.0,452.0,1977,2002,1,2,2,1,3,4,2,1.52,7.0,20.2,30.7,True,-0.019,0.041,57.0,288700.0,282969.0
549,Suburbia,2Story,14993.0,1279.0,1447.0,0.0,1909,1910,9,9,3,1,3,5,2,1.76,9.0,46.2,61.0,False,-2.009,0.001,68.0,348200.0,360168.0
550,Hillcrest,SplitLevel,8313.0,2077.0,654.0,600.0,1975,1995,6,4,2,0,6,10,0,4.35,4.0,36.6,72.9,False,0.617,0.016,14.0,391600.0,374070.0
551,Riverside,SplitLevel,5706.0,1527.0,517.0,736.0,2015,2018,8,3,2,1,4,8,2,1.63,9.0,11.9,87.3,False,1.44,0.097,31.0,367600.0,390381.0
552,Downtown,1Story,7258.0,1015.0,924.0,318.0,1986,1996,7,9,1,2,6,8,0,2.79,8.0,60.9,100.4,False,-0.91,0.874,23.0,367900.0,371563.0
553,Lakeside,1Story,4633.0,2972.0,475.0,466.0,1933,1947,4,8,3,0,3,6,2,18.32,4.0,,63.4,False,0.444,0.641,79.0,438500.0,418355.0
554,Old Town,1Story,5682.0,1299.0,226.0,0.0,1981,1982,3,3,2,2,5,6,0,5.33,10.0,3.6,103.5,False,-0.208,0.898,17.0,292900.0,268488.0
555,Downtown,2Story,13044.0,1742.0,805.0,478.0,1931,1941,4,4,3,1,2,7,0,2.85,,33.5,76.2,False,0.106,0.835,86.0,398600.0,399730.0
556,Lakeside,1.5Story,7709.0,1735.0,1558.0,180.0,2010,2026,8,9,1,0,3,5,2,1.76,3.0,,82.7,False,-0.246,0.765,57.0,453700.0,440057.0
557,Hillcrest,1Story,15705.0,2241.0,934.0,531.0,2006,2026,7,3,2,1,2,4,1,25.05,6.0,0.0,48.8,True,-0.304,0.354,17.0,419200.0,409592.0
558,Riverside,SplitLevel,7837.0,2104.0,1025.0,303.0,1971,2002,7,9,3,2,6,9,2,8.87,9.0,0.0,76.2,False,-0.833,0.134,39.0,413600.0,419713.0
559,Riverside,1Story,8002.0,1395.0,55.0,257.0,1917,1929,2,7,1,2,3,3,0,4.22,,18.3,84.2,False,-1.093,0.103,5.0,292500.0,286677.0
560,Riverside,1Story,10141.0,1671.0,1134.0,184.0,1950,1988,1,7,1,2,6,9,2,5.36,8.0,8.7,55.6,False,1.099,0.025,24.0,306600.0,317233.0
561,Downtown,1.5Story,3180.0,1725.0,989.0,650.0,1915,1933,7,6,3,0,4,6,1,1.2,8.0,14.1,22.0,False,-1.679,0.178,60.0,362800.0,382157.0
562,Lakeside,1Story,8706.0,2262.0,671.0,326.0,1996,2010,10,1,1,2,2,5,2,6.67,6.0,8.7,70.7,False,-0.019,0.019,4.0,456300.0,450056.0
563,Suburbia,SplitLevel,7965.0,1207.0,1026.0,513.0,1985,2019,4,9,3,2,3,5,2,7.42,4.0,32.6,64.1,False,-0.064,0.688,52.0,303400.0,296420.0
564,Suburbia,2Story,13631.0,2960.0,1021.0,553.0,1932,1948,5,6,2,0,3,4,1,3.83,6.0,17.2,92.2,False,-0.047,0.389,76.0,440200.0,454828.0
565,Suburbia,SplitLevel,11358.0,1432.0,505.0,0.0,2007,2026,10,2,3,1,4,6,1,1.18,9.0,57.3,58.3,False,0.665,0.528,24.0,296500.0,298277.0
566,Suburbia,SplitLevel,5449.0,1845.0,1089.0,507.0,1995,2001,3,9,2,2,3,5,1,2.47,4.0,38.6,55.3,False,-0.371,0.479,5.0,299300.0,313963.0
567,Suburbia,SplitLevel,12516.0,1212.0,1453.0,0.0,2017,2026,6,3,1,1,5,5,1,10.84,9.0,50.9,46.9,False,0.653,0.283,62.0,265000.0,270674.0
568,Downtown,1Story,7392.0,1136.0,854.0,482.0,1935,1975,1,4,3,1,5,8,2,3.32,3.0,1.2,56.7,False,1.986,0.115,38.0,298000.0,303373.0
569,Hillcrest,SplitLevel,5904.0,1369.0,586.0,338.0,1922,1931,3,7,2,1,2,6,0,15.4,,22.4,116.0,False,-0.152,0.542,40.0,345800.0,336634.0
570,Riverside,1Story,8682.0,1316.0,875.0,324.0,1960,1994,4,3,2,0,4,7,0,12.56,1.0,37.7,39.4,True,-2.032,0.864,45.0,261900.0,268122.0
571,Hillcrest,1.5Story,7548.0,1622.0,1309.0,443.0,1933,1952,7,1,3,2,4,7,1,22.57,9.0,44.1,44.0,False,-0.143,0.75,58.0,330900.0,346504.0
572,Suburbia,2Story,13884.0,1312.0,435.0,,1993,2026,4,4,1,2,3,3,1,6.58,8.0,22.0,67.0,False,-0.241,0.931,45.0,321100.0,299866.0
573,Riverside,1Story,9129.0,2233.0,1193.0,529.0,1953,1970,5,7,2,0,5,6,2,1.13,2.0,25.0,103.5,True,0.402,0.356,30.0,445700.0,439626.0
574,Suburbia,1Story,8708.0,1419.0,665.0,636.0,1979,1999,3,5,2,0,3,6,0,2.76,3.0,27.2,81.3,False,-1.994,0.846,13.0,309400.0,298347.0
575,Suburbia,1Story,11106.0,1358.0,1052.0,515.0,1921,1937,2,8,2,1,6,8,0,15.99,6.0,29.0,95.9,False,0.324,0.723,98.0,322900.0,315394.0
576,Riverside,1Story,11879.0,1634.0,713.0,0.0,1910,1918,8,1,3,2,4,9,0,13.78,5.0,78.3,61.1,False,-0.421,0.943,70.0,305000.0,293336.0
577,Old Town,SplitLevel,10660.0,2396.0,712.0,0.0,2018,2026,7,3,1,0,3,4,2,2.83,2.0,41.3,43.0,False,0.803,0.288,66.0,299400.0,293992.0
578,Riverside,2Story,13317.0,1968.0,1590.0,337.0,1956,1979,7,3,3,1,5,8,1,0.46,9.0,35.8,59.9,False,-0.518,0.804,22.0,418100.0,412374.0
579,Suburbia,1.5Story,10027.0,1795.0,358.0,245.0,1917,1937,6,1,2,2,5,8,2,13.22,5.0,9.8,65.8,False,0.868,0.508,1.0,306600.0,305013.0
580,Hillcrest,2Story,8593.0,1062.0,1154.0,343.0,2002,2017,2,7,2,1,4,8,0,3.95,7.0,10.3,68.2,False,-1.511,0.437,62.0,321300.0,326779.0
581,Riverside,1.5Story,12503.0,1222.0,1677.0,499.0,1916,1947,6,3,3,0,5,10,0,10.16,8.0,30.7,64.1,True,0.018,0.466,90.0,383300.0,372348.0
582,Riverside,1.5Story,7849.0,1147.0,1238.0,474.0,2025,2026,8,5,2,0,3,4,1,13.38,2.0,57.6,78.6,False,-0.972,0.433,37.0,329800.0,333042.0
583,Downtown,1Story,8198.0,2569.0,391.0,0.0,1948,1957,5,10,1,0,6,7,0,15.33,4.0,31.0,55.2,False,-0.488,0.877,11.0,365000.0,363570.0
584,Hillcrest,1.5Story,14803.0,2142.0,412.0,537.0,1958,1961,8,3,1,2,5,8,0,2.0,8.0,31.9,51.3,False,2.72,0.944,52.0,394400.0,389854.0
585,Old Town,SplitLevel,14295.0,1376.0,634.0,765.0,1932,1967,4,2,3,1,3,8,2,5.76,8.0,20.1,46.3,False,-0.95,0.663,98.0,288900.0,283301.0
586,Suburbia,SplitLevel,8080.0,1540.0,1016.0,574.0,1910,1912,6,10,3,0,6,11,1,8.23,3.0,0.2,71.7,False,-0.373,0.193,45.0,337100.0,349680.0
587,Lakeside,1Story,6914.0,1396.0,1045.0,0.0,1951,1985,4,4,1,2,6,6,0,1.56,4.0,43.7,69.9,False,-1.144,0.421,33.0,332700.0,330183.0
588,Hillcrest,1Story,13523.0,1363.0,416.0,403.0,1946,1961,10,3,3,2,2,5,0,9.35,8.0,29.9,87.6,False,-0.307,0.356,95.0,365900.0,378498.0
589,Lakeside,1.5Story,10723.0,2103.0,583.0,288.0,1956,1956,2,8,2,0,5,9,1,1.12,4.0,43.9,95.8,False,-0.15,0.671,23.0,401300.0,399115.0
590,Downtown,2Story,9049.0,1692.0,609.0,388.0,1961,1998,3,2,1,2,4,4,2,1.69,1.0,38.1,46.3,False,-0.735,0.07,34.0,324700.0,315008.0
591,Old Town,SplitLevel,7240.0,2995.0,874.0,458.0,1979,2009,7,4,3,0,5,9,1,14.1,5.0,15.7,68.4,False,1.576,0.654,24.0,414700.0,392413.0
592,Hillcrest,1Story,9101.0,2538.0,1784.0,359.0,1909,1938,1,2,2,0,3,6,1,15.15,2.0,39.5,64.3,False,1.155,0.467,15.0,371400.0,364275.0
593,Hillcrest,SplitLevel,8042.0,2570.0,558.0,300.0,1945,1967,6,9,1,0,3,5,1,1.58,6.0,9.2,40.3,False,-0.947,0.261,88.0,397700.0,386965.0
594,Riverside,2Story,6422.0,2219.0,540.0,527.0,2008,2026,1,3,2,1,3,6,2,15.4,10.0,39.4,58.5,True,0.817,0.064,36.0,337400.0,350850.0
595,Downtown,2Story,8477.0,1618.0,474.0,299.0,2019,2024,6,6,3,2,2,4,0,2.9,2.0,33.7,96.2,False,-0.48,0.053,79.0,388500.0,381845.0
596,Lakeside,SplitLevel,8892.0,2179.0,1217.0,215.0,1967,1976,4,6,1,2,6,6,1,2.43,3.0,65.8,56.6,False,-1.229,0.892,49.0,361800.0,375555.0
597,Suburbia,SplitLevel,7105.0,1658.0,933.0,280.0,1946,1968,2,5,2,2,3,5,1,11.04,6.0,17.7,53.6,False,-0.718,0.577,72.0,290000.0,275075.0
598,Suburbia,SplitLevel,11118.0,2747.0,574.0,0.0,1952,1982,5,1,3,2,6,11,0,9.26,2.0,8.5,67.1,False,-1.256,0.552,6.0,320200.0,333441.0
599,Old Town,SplitLevel,12722.0,2072.0,798.0,301.0,1998,2022,4,3,2,0,3,7,1,4.73,6.0,26.7,84.4,False,0.941,0.018,56.0,312600.0,324719.0
600,Suburbia,1Story,11378.0,1994.0,618.0,424.0,1950,1966,1,9,2,0,3,7,2,1.68,,47.2,62.5,False,-0.876,0.771,91.0,305100.0,295722.0
601,Riverside,2Story,7356.0,1920.0,1074.0,556.0,2019,2026,6,6,3,0,6,8,1,4.14,7.0,0.0,70.3,False,1.288,0.211,98.0,432100.0,411359.0
602,Suburbia,2Story,10557.0,2807.0,2077.0,552.0,1903,1905,6,9,1,0,3,6,0,5.77,4.0,52.5,26.9,True,0.141,0.383,19.0,440500.0,427374.0
603,Old Town,1Story,8327.0,1061.0,1181.0,0.0,1976,1996,7,6,1,2,5,7,1,0.6,,30.8,78.3,False,-0.404,0.647,76.0,295900.0,300287.0
604,Suburbia,2Story,5258.0,2861.0,911.0,251.0,1965,1981,10,4,3,0,2,5,1,5.11,9.0,12.2,72.0,False,-0.502,0.135,93.0,436400.0,448653.0
605,Old Town,SplitLevel,10254.0,1748.0,671.0,368.0,1956,1976,8,4,1,1,6,8,0,14.81,10.0,,83.9,False,1.753,0.797,73.0,330900.0,336193.0
606,Suburbia,2Story,8528.0,1077.0,386.0,565.0,1959,1964,8,8,3,2,5,8,1,13.95,2.0,20.2,34.4,False,0.01,0.835,40.0,282600.0,281001.0
607,Suburbia,2Story,20085.0,1436.0,1258.0,602.0,1920,1957,7,3,1,2,5,6,1,11.53,10.0,10.5,62.6,False,-0.504,0.519,13.0,374100.0,375037.0
608,Downtown,2Story,13495.0,942.0,1235.0,516.0,1943,1978,7,6,1,0,2,3,2,3.44,1.0,0.0,85.4,False,0.853,0.365,55.0,381400.0,394135.0
609,Suburbia,2Story,10393.0,2210.0,754.0,652.0,1944,1982,8,10,1,0,6,8,2,0.48,3.0,49.6,58.0,False,0.586,0.252,2.0,405900.0,389988.0
610,Hillcrest,2Story,8841.0,1279.0,1460.0,737.0,1982,2016,7,9,2,0,4,6,2,0.95,9.0,23.8,68.9,False,-0.988,0.724,68.0,439900.0,423696.0
611,Riverside,1.5Story,8581.0,1943.0,959.0,383.0,1975,2002,6,4,3,0,3,8,1,14.78,9.0,27.2,60.6,False,0.005,0.341,41.0,388700.0,365426.0
612,Suburbia,1Story,5703.0,2474.0,1275.0,0.0,1951,1962,8,3,3,1,2,4,0,0.4,3.0,,61.1,False,-1.809,0.81,6.0,332400.0,352981.0
613,Old Town,1Story,4409.0,1480.0,1074.0,418.0,1965,1969,10,7,1,0,2,3,1,6.95,9.0,36.1,89.0,False,-0.033,0.732,70.0,353500.0,363504.0
614,Old Town,SplitLevel,5971.0,1703.0,876.0,623.0,1972,1997,5,7,2,2,5,6,1,1.12,1.0,3.8,42.4,False,0.314,0.353,41.0,300600.0,297448.0
615,Hillcrest,1Story,7969.0,1133.0,549.0,573.0,1905,1943,3,8,3,1,3,5,0,0.91,4.0,48.5,67.1,False,0.448,0.229,50.0,299800.0,299693.0
616,Suburbia,1.5Story,3878.0,1636.0,889.0,144.0,2011,2025,5,1,3,0,6,10,1,2.7,1.0,64.7,72.5,True,-0.999,0.358,28.0,281900.0,287442.0
617,Suburbia,1Story,6697.0,3266.0,1304.0,305.0,2012,2026,1,6,2,1,3,7,2,4.69,6.0,45.1,84.9,True,-0.739,0.342,43.0,407000.0,417630.0
618,Hillcrest,2Story,7430.0,2278.0,737.0,265.0,1945,1951,4,1,1,2,2,3,2,2.96,,17.7,65.8,False,0.247,0.957,16.0,370000.0,382300.0
619,Downtown,1Story,7515.0,1704.0,1135.0,175.0,1995,2006,9,10,2,1,6,7,1,0.72,7.0,5.5,85.4,False,1.25,0.627,18.0,466900.0,441865.0
620,Downtown,SplitLevel,6428.0,1514.0,495.0,601.0,1950,1976,1,9,3,0,5,7,2,6.59,6.0,17.0,67.0,False,0.092,0.658,66.0,318800.0,336408.0
621,Suburbia,1Story,7190.0,1827.0,1278.0,791.0,1908,1928,9,8,1,1,4,7,0,2.42,2.0,37.1,70.2,False,-0.558,0.284,83.0,367500.0,386757.0
622,Riverside,2Story,14815.0,1922.0,1081.0,419.0,2009,2026,6,3,2,1,6,9,1,7.59,7.0,63.5,69.5,False,0.97,0.364,16.0,359300.0,374011.0
623,Old Town,1Story,10216.0,1620.0,445.0,597.0,1933,1947,4,8,3,0,5,8,0,3.39,4.0,19.8,79.8,False,0.129,0.466,16.0,312300.0,309926.0
624,Riverside,SplitLevel,6660.0,2142.0,856.0,698.0,1945,1976,5,5,2,1,2,5,0,1.62,7.0,22.0,77.8,False,0.179,0.977,58.0,390900.0,394258.0
625,Old Town,1.5Story,7912.0,1326.0,1341.0,493.0,1972,1984,9,7,2,0,4,5,2,28.0,2.0,55.4,48.0,False,0.798,0.668,55.0,297300.0,292166.0
626,Hillcrest,1Story,8023.0,1323.0,421.0,0.0,1955,1961,2,3,3,2,6,11,2,5.49,6.0,26.3,71.9,False,-0.096,0.154,39.0,265500.0,274281.0
627,Suburbia,SplitLevel,6193.0,2054.0,500.0,,1933,1956,6,5,2,2,5,6,1,7.74,5.0,69.3,77.7,False,-0.933,0.991,98.0,322500.0,321428.0
628,Downtown,1.5Story,6191.0,1207.0,921.0,546.0,2000,2021,3,9,1,2,5,7,1,0.82,8.0,32.0,94.3,False,-0.155,0.269,97.0,377900.0,376832.0
629,Riverside,1Story,11541.0,2251.0,1846.0,600.0,1944,1967,6,2,2,2,2,3,1,4.27,10.0,58.4,49.8,False,1.112,0.622,63.0,427700.0,408198.0
630,Suburbia,2Story,6996.0,1842.0,,534.0,1974,1974,8,4,1,0,4,4,2,6.01,10.0,42.7,77.7,False,1.893,0.875,90.0,398200.0,376198.0
631,Old Town,2Story,5524.0,845.0,1158.0,528.0,1983,1999,10,3,3,1,2,6,0,13.4,4.0,49.1,61.7,False,-1.219,0.616,45.0,289600.0,291444.0
632,Suburbia,SplitLevel,7982.0,1910.0,,452.0,2017,2020,3,2,1,1,5,7,1,2.36,7.0,31.5,71.5,False,1.637,0.926,0.0,331700.0,321165.0
633,Downtown,1Story,8445.0,923.0,702.0,205.0,1960,1992,7,4,3,2,3,6,0,2.01,7.0,32.8,48.7,False,-0.367,0.848,10.0,311200.0,309170.0
634,Hillcrest,1Story,4062.0,2231.0,1018.0,0.0,1959,1962,5,7,1,0,3,5,2,4.2,9.0,43.4,67.8,True,0.02,0.035,81.0,397000.0,387444.0
635,Downtown,1Story,7988.0,1713.0,762.0,254.0,2015,2026,6,1,3,0,4,9,0,28.0,9.0,51.0,73.7,False,1.7,0.687,12.0,346400.0,341638.0
636,Downtown,2Story,10980.0,2868.0,800.0,0.0,1960,1962,2,3,1,0,2,3,0,6.45,1.0,45.5,50.5,False,-0.41,0.721,16.0,365400.0,356321.0
637,Suburbia,SplitLevel,9489.0,2439.0,252.0,581.0,1937,1962,9,9,3,1,5,10,2,0.88,9.0,,94.1,False,-0.274,0.372,68.0,456700.0,446144.0
638,Suburbia,2Story,17684.0,1267.0,940.0,278.0,1905,1918,2,3,2,2,4,5,2,16.87,5.0,40.2,40.2,False,-0.643,0.91,47.0,252600.0,247392.0
639,Suburbia,SplitLevel,12555.0,739.0,1328.0,,1940,1944,1,4,1,2,4,7,2,10.39,10.0,21.9,77.7,False,0.038,0.801,24.0,268000.0,266265.0
640,Suburbia,1Story,13455.0,1435.0,974.0,,1924,1938,8,7,1,1,5,8,1,13.63,7.0,24.1,24.3,True,0.312,0.367,81.0,354300.0,341410.0
641,Suburbia,2Story,21591.0,1178.0,1408.0,0.0,1938,1939,5,8,1,0,5,6,0,0.55,4.0,44.2,63.4,False,-0.687,0.223,71.0,302600.0,304253.0
642,Suburbia,2Story,10566.0,2854.0,1194.0,265.0,1968,1996,1,10,1,2,6,6,2,3.43,3.0,69.0,76.6,False,1.45,0.213,28.0,364800.0,371912.0
643,Downtown,SplitLevel,8579.0,1844.0,,588.0,1966,2001,7,2,2,1,2,4,2,7.83,10.0,30.4,80.8,False,-0.747,0.221,20.0,399500.0,418774.0
644,Lakeside,2Story,11394.0,2363.0,686.0,336.0,1923,1936,3,8,1,0,4,5,2,5.03,2.0,74.5,66.1,False,0.498,0.589,73.0,394900.0,389610.0
645,Suburbia,2Story,6663.0,1693.0,746.0,153.0,1958,1976,10,8,3,1,2,6,1,10.52,1.0,13.1,63.7,False,0.027,0.643,23.0,356000.0,347395.0
646,Suburbia,1.5Story,8414.0,1751.0,332.0,543.0,1957,1962,10,2,3,2,3,5,1,25.25,2.0,59.6,78.2,False,1.244,0.149,24.0,301100.0,322419.0
647,Downtown,1Story,6459.0,1832.0,838.0,313.0,1905,1924,6,9,2,2,4,5,2,17.01,6.0,43.6,85.1,False,-0.804,0.549,88.0,383400.0,391021.0
648,Riverside,1Story,9314.0,2459.0,1011.0,511.0,1935,1973,5,4,1,2,2,5,2,3.25,,39.2,92.8,False,0.573,0.25,87.0,416700.0,407425.0
649,Suburbia,2Story,6450.0,2021.0,1670.0,0.0,1991,2013,5,5,3,2,4,9,1,7.05,6.0,62.7,44.8,False,2.421,0.91,97.0,321300.0,323113.0
650,Downtown,SplitLevel,6371.0,1268.0,1172.0,573.0,1902,1937,7,8,3,1,6,10,0,2.99,9.0,22.3,64.4,False,-1.442,0.856,43.0,393400.0,392668.0
651,Hillcrest,2Story,9365.0,2742.0,587.0,489.0,1937,1968,10,6,1,1,2,5,1,14.45,3.0,60.6,28.5,False,-0.901,0.116,72.0,410900.0,399618.0
652,Old Town,2Story,7722.0,1689.0,345.0,120.0,1959,1964,7,3,1,0,3,6,0,3.62,1.0,30.8,43.4,False,2.084,0.252,19.0,253200.0,254543.0
653,Suburbia,1Story,4127.0,1599.0,863.0,521.0,1920,1922,1,4,2,1,3,7,1,1.08,4.0,22.2,55.3,True,-0.134,0.945,99.0,293500.0,288725.0
654,Lakeside,2Story,4869.0,500.0,1291.0,414.0,1981,1995,2,8,1,2,6,9,1,0.88,7.0,8.5,83.6,False,0.114,0.299,5.0,338100.0,351440.0
655,Suburbia,1Story,5423.0,2199.0,857.0,687.0,1990,2026,7,2,2,2,5,6,0,8.78,8.0,66.7,59.3,False,-0.332,0.816,85.0,353700.0,349326.0
656,Hillcrest,2Story,5949.0,1906.0,1178.0,0.0,1942,1948,4,5,2,2,2,6,1,9.1,1.0,57.8,62.8,False,1.654,0.05,60.0,305800.0,322404.0
657,Suburbia,2Story,9368.0,1905.0,874.0,581.0,1929,1930,5,8,3,0,5,10,0,1.54,9.0,25.4,73.4,False,-1.614,0.388,93.0,259300.0,381359.0
658,Hillcrest,1Story,8748.0,1628.0,1251.0,0.0,1997,2026,5,9,2,0,2,3,0,1.48,6.0,45.9,55.9,False,1.237,0.615,68.0,327300.0,333540.0
659,Riverside,SplitLevel,11765.0,1534.0,279.0,334.0,1927,1935,6,9,2,2,5,6,1,10.35,5.0,37.5,32.1,True,-1.478,0.4,19.0,311100.0,304328.0
660,Hillcrest,2Story,10546.0,1647.0,1624.0,456.0,1918,1932,3,4,2,2,3,5,2,2.15,3.0,27.9,54.6,False,-1.567,0.791,68.0,361200.0,360539.0
661,Lakeside,2Story,11792.0,2105.0,483.0,,1904,1935,1,2,3,1,5,10,2,3.35,10.0,54.3,65.8,False,-1.087,0.98,74.0,368200.0,377973.0
662,Old Town,SplitLevel,10026.0,2202.0,1283.0,674.0,1911,1915,3,10,3,2,4,9,2,7.63,2.0,22.5,76.4,False,-0.128,0.514,49.0,374100.0,363208.0
663,Lakeside,SplitLevel,8720.0,1723.0,836.0,435.0,2009,2016,7,6,3,2,5,9,0,2.51,5.0,0.0,64.3,False,-0.714,0.464,58.0,417000.0,413008.0
664,Downtown,1.5Story,11906.0,2372.0,901.0,264.0,2017,2026,7,5,1,0,3,6,0,0.55,5.0,40.2,76.1,False,-0.774,0.705,40.0,436500.0,423573.0
665,Hillcrest,2Story,11179.0,1807.0,849.0,328.0,1968,1968,9,10,2,1,4,5,2,6.55,6.0,36.3,84.6,True,-0.928,0.754,26.0,434300.0,445309.0
666,Suburbia,1Story,9243.0,1573.0,1057.0,614.0,2016,2026,2,8,1,1,6,9,0,1.56,3.0,23.1,88.2,False,-0.91,0.06,61.0,345200.0,327456.0
667,Suburbia,2Story,12643.0,1959.0,1142.0,0.0,1989,2011,2,5,2,2,6,10,1,5.65,10.0,,71.1,True,-0.933,0.438,50.0,372800.0,353265.0
668,Old Town,2Story,3565.0,1102.0,1395.0,425.0,1951,1960,2,2,3,1,4,9,1,1.74,4.0,3.8,47.5,False,0.235,0.5,3.0,270000.0,258712.0
669,Hillcrest,1Story,7320.0,1978.0,1541.0,630.0,1989,2014,6,1,1,0,6,7,0,9.26,8.0,27.7,45.6,False,-0.636,0.307,75.0,386000.0,380012.0
670,Hillcrest,1Story,7281.0,1002.0,1089.0,314.0,1952,1965,6,6,1,1,2,4,1,9.9,7.0,17.5,47.3,False,-2.665,0.759,23.0,315400.0,309305.0
671,Downtown,1Story,12130.0,1285.0,1670.0,120.0,2021,2026,2,2,2,1,5,7,2,6.09,3.0,54.3,48.7,False,-0.037,0.887,4.0,299100.0,295029.0
672,Riverside,1Story,14045.0,740.0,989.0,324.0,2007,2024,5,4,3,2,5,8,2,0.65,10.0,45.3,69.8,False,0.749,0.845,25.0,289300.0,306262.0
673,Old Town,2Story,4878.0,1754.0,1403.0,499.0,2006,2026,1,7,3,0,3,8,1,9.59,5.0,25.3,102.0,True,-0.279,0.634,89.0,350900.0,358312.0
674,Suburbia,1Story,13279.0,2735.0,1130.0,0.0,1966,1976,7,1,2,2,3,6,1,7.71,7.0,45.5,71.8,False,-1.261,0.794,77.0,376800.0,378114.0
675,Riverside,1.5Story,5378.0,1786.0,719.0,210.0,1965,1999,6,10,2,0,4,8,0,2.93,7.0,32.9,66.5,False,0.745,0.233,42.0,339500.0,352230.0
676,Hillcrest,SplitLevel,5435.0,2204.0,1026.0,623.0,1914,1925,1,5,1,0,5,6,0,3.18,6.0,29.6,85.3,False,-1.373,0.026,44.0,391900.0,374154.0
677,Old Town,1Story,7465.0,3144.0,1161.0,486.0,1982,2002,1,9,2,1,5,6,2,12.03,7.0,33.9,53.1,False,-0.321,0.513,42.0,374100.0,367942.0
678,Riverside,1Story,7249.0,2072.0,936.0,522.0,1914,1946,8,2,1,1,5,5,2,16.42,6.0,70.4,86.8,False,-0.022,0.41,4.0,401700.0,379658.0
679,Downtown,2Story,4696.0,1429.0,1123.0,,1968,2005,9,5,1,2,5,7,2,2.22,8.0,47.9,85.4,False,1.079,0.882,35.0,436900.0,427082.0
680,Hillcrest,2Story,10173.0,1505.0,1313.0,252.0,1916,1946,9,10,2,1,6,8,0,13.6,5.0,29.0,69.1,False,0.578,0.789,89.0,379400.0,396701.0
681,Downtown,1.5Story,10278.0,1850.0,940.0,508.0,1959,1986,6,7,1,0,6,7,1,9.44,9.0,52.9,105.7,False,0.238,0.382,62.0,447800.0,431593.0
682,Lakeside,2Story,11718.0,1502.0,0.0,605.0,1998,2026,6,9,2,1,4,5,1,4.6,6.0,52.2,88.1,True,0.931,0.017,38.0,410400.0,416018.0
683,Downtown,1Story,6962.0,1543.0,1655.0,642.0,1938,1954,9,7,3,2,2,7,2,7.08,10.0,40.2,68.8,False,-1.158,0.275,98.0,465700.0,448824.0
684,Hillcrest,1Story,7992.0,2392.0,825.0,0.0,1975,2003,9,8,3,2,3,5,1,9.27,6.0,28.4,65.4,False,1.58,0.36,7.0,426200.0,407571.0
685,Suburbia,2Story,8017.0,2414.0,604.0,542.0,1932,1955,10,4,3,0,2,6,0,1.33,6.0,27.1,60.2,False,-3.065,0.676,86.0,422500.0,405802.0
686,Hillcrest,2Story,14630.0,944.0,478.0,182.0,1937,1958,4,5,1,1,4,5,2,5.45,5.0,13.5,65.6,False,1.428,0.903,41.0,310000.0,296733.0
687,Hillcrest,1Story,3005.0,1400.0,809.0,458.0,1923,1935,5,1,3,2,6,11,0,10.16,4.0,38.6,66.2,False,-0.841,0.221,50.0,312000.0,306645.0
688,Old Town,SplitLevel,5797.0,1595.0,714.0,307.0,1920,1934,1,3,3,0,4,8,2,1.83,8.0,22.8,62.2,False,0.38,0.786,94.0,257000.0,257146.0
689,Suburbia,1Story,8119.0,2179.0,640.0,0.0,1946,1951,2,1,2,1,6,7,1,2.08,7.0,26.3,64.1,False,1.448,0.729,93.0,311600.0,288244.0
690,Riverside,1Story,5542.0,2479.0,664.0,641.0,1915,1944,4,4,1,1,4,6,0,3.46,4.0,47.5,46.5,True,0.561,0.353,80.0,365300.0,361940.0
691,Hillcrest,2Story,7403.0,3336.0,1172.0,0.0,2012,2012,9,8,3,0,4,6,1,1.02,9.0,68.7,57.8,False,0.372,0.016,52.0,471000.0,475723.0
692,Old Town,1Story,7753.0,1594.0,1803.0,453.0,1993,1997,5,3,1,2,2,4,1,2.5,2.0,42.5,39.2,False,0.866,0.033,59.0,294400.0,288976.0
693,Lakeside,2Story,6437.0,1621.0,1295.0,500.0,1927,1939,6,5,2,0,5,6,1,7.69,1.0,32.9,75.5,False,-1.48,0.619,90.0,421500.0,407306.0
694,Hillcrest,1Story,8288.0,2174.0,1421.0,604.0,2011,2016,9,6,2,0,3,6,0,20.68,7.0,34.6,69.4,False,-1.33,0.847,75.0,445200.0,431454.0
695,Old Town,1.5Story,10096.0,1475.0,791.0,192.0,1946,1976,5,2,3,0,4,7,2,21.35,5.0,57.8,65.8,False,0.271,0.632,30.0,239500.0,252955.0
696,Riverside,1Story,7460.0,1772.0,994.0,120.0,1966,1971,4,9,3,1,6,9,0,1.67,8.0,42.8,84.0,False,-0.198,0.774,51.0,367400.0,354057.0
697,Suburbia,2Story,6915.0,1622.0,1129.0,466.0,1988,2006,8,8,3,1,3,8,0,19.04,7.0,38.9,52.5,True,-0.313,0.503,81.0,370700.0,362173.0
698,Riverside,2Story,7646.0,500.0,673.0,120.0,1997,2026,4,2,2,2,6,8,1,4.39,8.0,40.3,55.2,False,1.238,0.263,80.0,234000.0,238239.0
699,Suburbia,2Story,8082.0,1918.0,771.0,,1900,1924,4,1,1,2,6,6,0,3.07,3.0,6.4,41.3,True,1.151,0.04,29.0,310900.0,321086.0
700,Hillcrest,1Story,4407.0,1750.0,1309.0,555.0,1935,1959,9,1,3,2,2,6,1,3.13,,42.8,86.4,False,-0.921,0.817,84.0,421200.0,403477.0
701,Lakeside,SplitLevel,9524.0,2549.0,1408.0,0.0,1942,1956,5,3,3,2,3,8,1,1.97,3.0,17.5,78.9,False,0.442,0.474,56.0,455200.0,436322.0
702,Hillcrest,2Story,6920.0,1853.0,978.0,360.0,1973,1991,3,2,2,2,6,7,2,12.75,,42.9,91.9,False,-1.564,0.876,33.0,385300.0,365887.0
703,Downtown,1Story,12601.0,1160.0,448.0,486.0,2009,2026,9,1,2,2,4,6,2,2.57,7.0,20.3,96.5,False,-1.588,0.37,49.0,376200.0,392420.0
704,Suburbia,1.5Story,9965.0,1708.0,826.0,0.0,1955,1974,7,5,3,0,5,9,0,3.47,10.0,46.8,60.4,False,-0.893,0.276,44.0,315600.0,318163.0
705,Hillcrest,2Story,12204.0,700.0,345.0,272.0,1958,1986,8,6,1,2,6,6,0,1.0,3.0,31.9,55.2,False,-0.053,0.667,7.0,292400.0,291729.0
706,Riverside,2Story,5688.0,1184.0,,606.0,1911,1944,4,1,3,1,2,7,1,0.9,2.0,12.1,35.7,False,-0.653,0.604,22.0,309800.0,291163.0
707,Suburbia,1Story,7115.0,2200.0,1057.0,504.0,1966,1976,8,6,2,1,5,6,0,11.22,10.0,29.2,48.2,False,0.451,0.704,13.0,384900.0,374945.0
708,Suburbia,1.5Story,5246.0,1714.0,836.0,363.0,1961,1965,10,5,3,1,6,9,2,7.48,6.0,79.1,62.2,False,-0.015,0.091,68.0,335100.0,337870.0
709,Hillcrest,1Story,6331.0,2357.0,,483.0,1980,1998,2,3,1,2,4,6,2,4.5,4.0,0.0,30.9,False,1.114,0.083,41.0,348200.0,346196.0
710,Riverside,1.5Story,12560.0,768.0,1125.0,,2006,2021,2,2,2,1,6,10,1,2.58,4.0,38.3,48.6,False,0.546,0.571,13.0,260700.0,251827.0
711,Old Town,SplitLevel,13638.0,1717.0,1058.0,585.0,1971,1977,6,8,1,2,5,6,2,0.73,9.0,14.8,66.5,False,-1.039,0.548,59.0,371400.0,362162.0
712,Suburbia,1.5Story,5422.0,1588.0,445.0,402.0,1906,1937,8,2,2,0,5,7,1,17.06,8.0,62.5,84.1,False,0.901,0.093,47.0,334600.0,313833.0
713,Suburbia,SplitLevel,6902.0,2376.0,844.0,496.0,2002,2026,1,3,2,0,2,6,1,0.43,2.0,51.3,55.1,False,-0.862,0.43,67.0,312300.0,294275.0
714,Old Town,1.5Story,7890.0,2220.0,1122.0,361.0,1960,1986,6,8,3,1,5,9,2,3.24,4.0,38.7,70.3,False,0.411,0.634,96.0,377300.0,361919.0
715,Suburbia,SplitLevel,9946.0,2203.0,1613.0,0.0,1961,1990,2,7,3,2,6,8,1,8.17,9.0,53.3,101.5,False,-0.492,0.542,98.0,353500.0,362996.0
716,Lakeside,SplitLevel,4377.0,2698.0,836.0,487.0,2010,2026,10,10,2,1,3,7,2,5.93,8.0,39.9,35.5,False,1.324,0.187,46.0,461000.0,469658.0
717,Riverside,1.5Story,4624.0,1648.0,1181.0,317.0,1974,1994,8,1,2,2,2,3,0,1.61,9.0,35.1,87.5,False,0.731,0.928,3.0,371100.0,383388.0
718,Downtown,SplitLevel,9618.0,2584.0,1319.0,588.0,1999,2008,10,2,2,2,4,7,1,11.27,2.0,23.0,74.9,False,-0.693,0.034,6.0,475300.0,470030.0
719,Suburbia,SplitLevel,4096.0,1276.0,867.0,555.0,2010,2026,3,7,2,1,6,10,2,3.63,6.0,27.8,90.8,False,-0.386,0.273,13.0,206800.0,310713.0
720,Old Town,1Story,6930.0,1256.0,1432.0,338.0,1962,2000,8,3,3,2,5,9,2,7.42,1.0,25.7,85.4,False,3.269,0.068,1.0,328200.0,320852.0
721,Riverside,1Story,8576.0,2264.0,1455.0,494.0,2023,2026,4,4,2,0,6,10,0,2.4,5.0,35.2,56.1,False,-1.261,0.283,64.0,382600.0,373439.0
722,Hillcrest,1Story,9372.0,1022.0,1530.0,337.0,1921,1937,2,3,2,0,4,7,0,8.81,2.0,0.0,68.0,False,-0.72,0.685,95.0,303000.0,299928.0
723,Downtown,SplitLevel,7711.0,2165.0,1143.0,203.0,2009,2011,5,9,1,1,4,6,1,7.59,3.0,55.6,41.7,False,-0.671,0.024,75.0,366500.0,355292.0
724,Old Town,1Story,7129.0,1906.0,1941.0,364.0,2006,2026,5,8,2,0,3,4,0,28.0,3.0,73.9,58.6,False,-1.159,0.039,70.0,296500.0,304097.0
725,Downtown,SplitLevel,10890.0,2440.0,692.0,452.0,1912,1935,6,9,2,2,6,7,2,7.2,2.0,26.4,68.5,False,-1.054,0.206,31.0,401400.0,419302.0
726,Downtown,1.5Story,8954.0,1817.0,1842.0,543.0,1919,1950,9,6,3,1,5,9,1,1.93,9.0,58.5,73.5,False,-0.109,0.028,70.0,454500.0,462853.0
727,Lakeside,SplitLevel,6461.0,1881.0,1273.0,484.0,1904,1916,3,5,1,0,5,7,2,0.65,4.0,32.3,82.2,False,0.477,0.39,51.0,412900.0,402151.0
728,Downtown,2Story,8211.0,2130.0,1513.0,605.0,1934,1969,7,6,2,1,6,9,0,6.41,2.0,23.0,96.5,False,-1.593,0.23,36.0,493200.0,470064.0
729,Hillcrest,1.5Story,9266.0,1486.0,816.0,303.0,2024,2026,2,1,2,1,6,7,0,9.53,10.0,27.4,60.2,False,-0.501,0.322,5.0,324000.0,305346.0
730,Riverside,1.5Story,14785.0,1462.0,1305.0,400.0,1915,1915,9,6,2,0,6,7,0,11.1,1.0,36.7,88.6,False,-0.804,0.837,50.0,378700.0,380756.0
731,Hillcrest,SplitLevel,10670.0,2111.0,1549.0,723.0,1904,1927,5,3,1,1,4,4,0,3.39,2.0,,72.8,False,-1.17,0.432,42.0,417900.0,405602.0
732,Downtown,SplitLevel,12396.0,1834.0,493.0,151.0,1957,1976,8,10,1,2,2,3,0,28.0,9.0,47.1,44.5,False,0.996,0.015,55.0,331900.0,348589.0
733,Downtown,1Story,6544.0,1626.0,881.0,388.0,1944,1970,3,2,2,2,4,5,2,5.79,5.0,24.6,65.3,False,-0.765,0.547,46.0,358000.0,338439.0
734,Hillcrest,1Story,6745.0,1804.0,,,1979,1989,4,1,3,2,4,9,2,4.41,4.0,13.5,70.1,False,-1.37,0.109,76.0,320800.0,313833.0
735,Downtown,2Story,7462.0,2727.0,875.0,429.0,1976,1980,10,10,1,2,6,9,1,15.5,4.0,34.6,52.9,False,0.88,0.059,90.0,474800.0,464516.0
736,Suburbia,SplitLevel,7706.0,1606.0,607.0,390.0,2004,2015,2,2,2,2,2,3,1,24.26,6.0,21.1,49.3,False,1.251,0.327,50.0,221300.0,244440.0
737,Lakeside,2Story,5694.0,1590.0,859.0,0.0,1952,1973,6,6,3,0,6,9,0,3.1,4.0,28.5,48.7,False,0.238,0.272,34.0,361700.0,355455.0
738,Hillcrest,1.5Story,12620.0,911.0,2178.0,501.0,1958,1969,4,4,3,1,5,10,2,12.16,1.0,33.9,58.2,False,-0.941,0.112,30.0,353100.0,329717.0
739,Hillcrest,1.5Story,11039.0,1827.0,1671.0,251.0,1902,1921,4,3,3,1,2,5,2,18.15,10.0,8.2,52.4,True,-0.278,0.298,88.0,395600.0,391387.0
740,Hillcrest,1Story,7281.0,2211.0,345.0,366.0,2022,2026,7,5,1,2,3,4,0,2.91,10.0,64.2,90.1,False,-0.655,0.484,53.0,392400.0,393002.0
741,Downtown,2Story,10144.0,2310.0,1183.0,,1926,1954,8,8,1,1,2,3,2,1.76,2.0,51.3,23.9,False,-0.049,0.251,97.0,406400.0,408978.0
742,Downtown,2Story,8761.0,1910.0,1286.0,578.0,1975,1991,5,2,3,2,6,9,1,3.25,6.0,22.4,70.0,False,0.716,0.032,68.0,411200.0,419562.0
743,Suburbia,SplitLevel,10425.0,2376.0,808.0,849.0,2010,2015,7,7,3,2,5,9,1,6.65,5.0,34.6,77.5,False,-0.025,0.893,58.0,410700.0,408954.0
744,Downtown,1Story,5062.0,2252.0,1025.0,572.0,1976,2001,1,9,2,1,5,8,0,18.66,1.0,47.7,50.7,False,-0.004,0.651,5.0,327300.0,341791.0
745,Riverside,2Story,7700.0,2462.0,1066.0,298.0,1978,1986,3,3,3,0,4,8,1,1.11,4.0,39.2,63.8,True,-0.513,0.707,73.0,506700.0,385258.0
746,Riverside,1.5Story,7940.0,2391.0,384.0,445.0,1922,1934,8,7,2,0,4,7,0,11.73,7.0,72.6,61.8,False,0.665,0.408,47.0,386600.0,372244.0
747,Hillcrest,2Story,10080.0,2713.0,517.0,0.0,1989,2017,7,10,3,1,2,5,0,2.12,2.0,30.2,66.6,True,0.368,0.573,10.0,421500.0,426176.0
748,Hillcrest,SplitLevel,6503.0,1757.0,1022.0,377.0,1923,1934,1,10,3,0,5,8,2,11.63,4.0,58.8,79.9,False,-1.838,0.703,34.0,332400.0,327036.0
749,Suburbia,1Story,3378.0,1120.0,992.0,0.0,1987,1989,9,7,3,1,2,7,1,10.42,3.0,8.3,78.3,False,-1.781,0.357,45.0,308400.0,308564.0
750,Suburbia,2Story,5549.0,2215.0,652.0,120.0,1972,1986,5,10,2,0,3,5,0,4.29,4.0,11.4,57.2,False,-0.332,0.831,89.0,345600.0,340086.0
751,Lakeside,2Story,7932.0,2279.0,616.0,549.0,1961,1976,4,8,1,2,6,9,0,11.12,7.0,68.7,40.9,False,0.971,0.772,63.0,398300.0,386439.0
752,Hillcrest,1Story,8286.0,2713.0,912.0,0.0,1990,2018,5,6,3,2,2,5,2,4.93,5.0,26.4,71.0,False,1.167,0.287,38.0,406600.0,400827.0
753,Lakeside,1Story,14608.0,2555.0,1322.0,442.0,1990,2019,4,2,2,2,6,8,2,4.83,8.0,11.7,56.2,False,0.763,0.333,98.0,462600.0,451286.0
754,Riverside,1.5Story,9936.0,2920.0,918.0,695.0,1925,1925,6,9,2,1,2,5,2,4.6,6.0,34.0,58.5,False,-0.151,0.184,62.0,455300.0,448204.0
755,Suburbia,1Story,8338.0,2191.0,1632.0,258.0,1947,1978,2,3,2,0,4,6,0,1.29,,60.3,72.0,False,1.465,0.503,97.0,344400.0,333089.0
756,Lakeside,1Story,8012.0,1976.0,658.0,504.0,1960,1990,2,8,1,2,4,5,2,3.87,7.0,19.7,60.2,False,-0.722,0.811,45.0,391000.0,386462.0
757,Hillcrest,2Story,11926.0,1088.0,1031.0,0.0,1919,1926,10,7,2,0,2,4,0,1.64,9.0,34.2,73.5,True,-0.341,0.564,85.0,394100.0,389370.0
758,Old Town,2Story,6591.0,2019.0,801.0,487.0,1944,1957,8,4,2,1,6,9,1,6.78,2.0,0.0,113.2,False,-1.421,0.355,81.0,407500.0,398307.0
759,Downtown,SplitLevel,7715.0,1546.0,1197.0,202.0,1905,1936,4,8,2,2,6,7,1,5.21,10.0,25.6,80.3,False,-0.345,0.41,71.0,381800.0,382034.0
760,Riverside,2Story,5535.0,1966.0,622.0,676.0,1955,1978,9,7,3,0,3,6,2,4.3,8.0,54.9,92.2,False,-0.862,0.693,92.0,438400.0,432236.0
761,Suburbia,SplitLevel,13315.0,1880.0,1760.0,0.0,1925,1938,8,8,3,1,3,8,2,11.31,,19.3,77.2,False,1.538,0.514,55.0,364700.0,375086.0
762,Downtown,1Story,9296.0,2109.0,240.0,376.0,1927,1958,7,10,2,1,5,7,0,26.33,1.0,9.6,69.4,False,1.341,0.553,8.0,354200.0,375992.0
763,Downtown,2Story,6326.0,1796.0,1671.0,410.0,2003,2026,8,3,1,0,3,5,0,2.04,1.0,19.5,77.5,False,0.063,0.61,37.0,427300.0,425579.0
764,Downtown,2Story,7785.0,2364.0,988.0,399.0,1917,1937,10,8,3,0,2,5,2,9.03,7.0,22.8,76.6,True,0.467,0.739,1.0,492900.0,502213.0
765,Old Town,2Story,9685.0,500.0,1182.0,270.0,1915,1915,9,1,3,2,5,10,0,2.88,5.0,50.3,83.5,False,-0.604,0.626,26.0,304700.0,280217.0
766,Downtown,1.5Story,7422.0,1954.0,1511.0,486.0,1940,1966,3,8,1,2,3,3,0,22.39,2.0,42.6,69.1,False,-2.537,0.684,70.0,363600.0,372887.0
767,Lakeside,1Story,6721.0,2511.0,1310.0,364.0,1902,1909,8,2,3,0,4,9,0,1.44,4.0,46.5,44.5,False,-0.762,0.666,12.0,438900.0,428818.0
768,Downtown,1Story,6445.0,2879.0,643.0,567.0,2009,2026,2,3,2,0,5,9,1,0.71,5.0,35.6,41.6,False,0.748,0.926,63.0,374100.0,382321.0
769,Downtown,1.5Story,9124.0,2253.0,1202.0,543.0,2024,2026,6,2,3,1,4,7,2,2.67,,22.6,76.3,True,0.438,0.736,63.0,444500.0,444236.0
770,Suburbia,1Story,7149.0,2777.0,1734.0,720.0,2001,2002,1,9,3,0,6,11,2,1.44,6.0,19.5,47.7,False,-0.392,0.547,55.0,387100.0,400327.0
771,Lakeside,SplitLevel,6913.0,1943.0,577.0,426.0,2000,2015,2,4,3,0,5,10,1,9.72,1.0,43.6,80.4,True,0.74,0.898,69.0,351000.0,365397.0
772,Riverside,SplitLevel,5077.0,1852.0,1840.0,0.0,1912,1926,8,4,3,1,6,8,0,10.73,7.0,66.8,92.1,False,-0.471,0.9,43.0,384700.0,380630.0
773,Riverside,1.5Story,8326.0,2141.0,1112.0,0.0,1969,1983,4,4,1,1,6,8,2,15.27,1.0,16.2,64.0,False,-1.142,0.352,65.0,322800.0,327212.0
774,Suburbia,SplitLevel,7605.0,1848.0,768.0,811.0,1911,1949,2,7,1,2,5,5,2,9.45,8.0,14.6,89.8,False,0.74,0.805,74.0,364800.0,355056.0
775,Downtown,1.5Story,7240.0,1420.0,575.0,566.0,1937,1948,10,10,1,0,4,7,1,3.52,3.0,12.3,72.7,False,-0.612,0.982,58.0,424600.0,408664.0
776,Suburbia,1Story,8687.0,1567.0,856.0,349.0,1962,1996,10,7,1,1,4,7,1,0.72,6.0,51.6,68.5,True,1.027,0.207,70.0,346100.0,365318.0
777,Suburbia,1.5Story,10528.0,1238.0,129.0,731.0,1985,1991,3,2,2,0,5,7,1,12.89,4.0,34.2,69.3,False,-1.998,0.397,76.0,270300.0,256781.0
778,Lakeside,2Story,10358.0,2141.0,776.0,677.0,1934,1959,6,6,1,0,2,3,2,0.57,9.0,46.1,53.0,False,-0.57,0.415,41.0,429200.0,441065.0
779,Suburbia,1.5Story,9833.0,1856.0,840.0,244.0,1932,1937,3,2,2,2,4,8,1,10.27,8.0,24.8,50.7,False,0.597,0.611,91.0,288500.0,292665.0
780,Suburbia,SplitLevel,7448.0,1652.0,499.0,339.0,2003,2012,9,2,1,2,3,4,0,9.02,10.0,47.4,38.4,False,0.494,0.963,32.0,277100.0,294458.0
781,Lakeside,2Story,6645.0,1538.0,1264.0,439.0,1928,1934,7,2,1,1,4,6,2,21.59,,29.2,54.8,False,-0.221,0.306,5.0,376400.0,393368.0
782,Old Town,SplitLevel,5623.0,2128.0,858.0,,1961,1974,5,7,3,0,6,10,1,2.46,10.0,4.1,106.5,False,0.287,0.754,96.0,360000.0,384082.0
783,Hillcrest,SplitLevel,6584.0,2279.0,683.0,445.0,1936,1954,10,9,3,2,4,7,1,4.86,3.0,53.5,41.1,False,0.14,0.779,84.0,384800.0,389853.0
784,Suburbia,2Story,8159.0,1228.0,813.0,574.0,2007,2026,8,3,2,1,4,6,0,6.79,4.0,34.3,46.8,False,-1.489,0.696,40.0,302700.0,301918.0
785,Old Town,1Story,6154.0,1142.0,1099.0,0.0,1967,1998,2,10,2,1,4,8,2,1.41,9.0,28.8,53.5,False,-0.364,0.588,21.0,244300.0,248929.0
786,Hillcrest,SplitLevel,8380.0,2375.0,981.0,507.0,1913,1941,5,3,1,1,3,4,0,2.55,1.0,40.6,54.3,False,0.227,0.572,20.0,338500.0,360613.0
787,Suburbia,SplitLevel,5780.0,1094.0,656.0,,1918,1938,9,4,2,0,5,7,0,0.47,2.0,6.1,72.8,False,0.506,0.282,57.0,450100.0,317867.0
788,Hillcrest,2Story,4531.0,2151.0,1003.0,524.0,2022,2026,6,2,3,0,3,8,2,13.82,8.0,,57.0,False,-0.065,0.137,96.0,386700.0,386558.0
789,Suburbia,1Story,10795.0,2739.0,929.0,448.0,2018,2026,1,1,2,0,6,9,0,4.91,4.0,23.1,64.4,False,-0.552,0.334,31.0,347900.0,338090.0
790,Suburbia,1.5Story,6863.0,2741.0,471.0,353.0,1996,2001,8,7,3,1,2,6,2,6.56,3.0,31.9,52.7,False,-1.334,0.23,70.0,381200.0,378090.0
791,Lakeside,2Story,6045.0,2256.0,829.0,593.0,1909,1936,5,5,2,2,3,5,0,6.27,4.0,57.8,59.4,False,0.753,0.653,36.0,433400.0,410288.0
792,Hillcrest,1Story,5526.0,2240.0,1193.0,272.0,1992,2024,3,2,2,0,5,8,2,13.35,8.0,47.8,66.9,False,0.643,0.853,55.0,353600.0,354093.0
793,Hillcrest,2Story,9396.0,3089.0,1190.0,499.0,1983,2005,9,6,3,1,2,4,2,2.44,5.0,31.5,65.6,False,0.987,0.159,63.0,503500.0,499596.0
794,Downtown,2Story,13111.0,566.0,,464.0,2018,2026,9,4,3,0,4,6,2,8.59,1.0,33.0,103.7,False,-1.078,0.659,76.0,369500.0,369751.0
795,Downtown,1Story,7037.0,1595.0,1234.0,640.0,1961,1976,6,4,1,2,3,6,2,6.42,6.0,0.0,67.5,False,0.122,0.122,73.0,395400.0,405084.0
796,Hillcrest,1.5Story,7514.0,2317.0,538.0,367.0,1959,1998,8,9,2,1,6,8,2,7.36,8.0,18.6,64.2,False,-0.692,0.38,22.0,419900.0,421946.0
797,Downtown,1Story,11791.0,1664.0,551.0,380.0,1979,2015,3,5,3,0,2,7,1,3.68,2.0,38.3,23.1,False,0.046,0.173,11.0,301600.0,291230.0
798,Lakeside,1.5Story,4300.0,2532.0,844.0,261.0,1918,1934,8,5,1,0,4,7,1,2.69,1.0,19.7,72.3,False,2.907,0.3,55.0,452600.0,441703.0
799,Suburbia,1Story,16129.0,1828.0,1579.0,530.0,1993,2023,10,7,3,1,4,7,0,5.84,7.0,8.5,32.4,False,0.904,0.859,40.0,397300.0,392850.0
800,Suburbia,2Story,19062.0,1922.0,1019.0,392.0,1962,1976,3,9,3,0,6,11,1,0.92,9.0,44.6,77.9,False,-0.756,0.42,27.0,538000.0,373060.0
801,Suburbia,2Story,3143.0,1699.0,834.0,0.0,1923,1928,10,8,1,0,4,6,1,4.26,1.0,61.1,70.6,False,-0.253,0.109,19.0,330200.0,324504.0
802,Hillcrest,2Story,7831.0,1563.0,1599.0,337.0,2002,2013,1,5,1,2,2,5,2,3.21,7.0,20.6,82.4,False,-0.362,0.199,86.0,371700.0,367617.0
803,Old Town,1Story,6300.0,1549.0,829.0,546.0,1933,1967,5,4,3,2,6,9,2,4.09,8.0,,56.6,False,0.124,0.844,8.0,312000.0,293415.0
804,Riverside,2Story,7386.0,1999.0,1889.0,284.0,2008,2026,1,2,3,2,2,4,1,10.09,2.0,49.5,68.5,False,-1.524,0.41,13.0,330200.0,339072.0
805,Downtown,2Story,6999.0,1424.0,735.0,298.0,1934,1969,5,2,3,0,5,9,0,16.91,3.0,15.5,80.2,False,0.324,0.936,34.0,360900.0,343250.0
806,Downtown,2Story,10766.0,2374.0,525.0,,1961,1974,7,8,2,2,3,7,0,3.95,6.0,20.4,51.3,False,-2.118,0.561,21.0,422900.0,434936.0
807,Suburbia,1.5Story,7790.0,2209.0,880.0,433.0,1955,1973,9,8,1,0,2,3,1,8.41,7.0,71.1,79.0,False,-1.673,0.507,6.0,383000.0,386265.0
808,Lakeside,1Story,5891.0,2455.0,845.0,0.0,1992,1995,2,4,3,2,2,4,1,4.2,6.0,12.7,78.2,False,2.002,0.456,24.0,375100.0,397861.0
809,Riverside,SplitLevel,7629.0,1229.0,611.0,403.0,1923,1955,9,10,1,0,6,9,2,4.2,2.0,22.8,65.6,False,-0.361,0.773,36.0,340500.0,337401.0
810,Old Town,1.5Story,9703.0,915.0,2043.0,460.0,1931,1943,10,10,1,1,6,8,0,1.55,9.0,74.3,96.4,False,1.426,0.836,43.0,392700.0,376301.0
811,Downtown,1Story,5355.0,1848.0,1084.0,,1924,1927,1,7,3,2,5,9,1,3.7,5.0,23.6,77.3,False,-0.81,0.127,52.0,360300.0,371874.0
812,Downtown,2Story,4554.0,3444.0,1145.0,682.0,1929,1937,10,3,2,1,6,9,2,3.8,6.0,62.1,37.9,False,-2.102,0.408,13.0,499400.0,502899.0
813,Old Town,1Story,16276.0,2546.0,756.0,669.0,1957,1984,10,6,3,2,6,10,1,4.94,6.0,14.6,85.8,False,-1.051,0.283,97.0,440900.0,443627.0
814,Riverside,2Story,6471.0,1545.0,,,1973,2006,1,9,3,1,3,6,0,8.93,6.0,37.8,56.2,False,2.688,0.899,54.0,311200.0,313822.0
815,Downtown,1Story,7723.0,2083.0,1381.0,359.0,2008,2026,1,6,3,0,5,9,0,1.3,3.0,56.7,82.4,False,-1.411,0.735,40.0,359000.0,371985.0
816,Old Town,1Story,7050.0,2250.0,246.0,302.0,1953,1962,8,5,3,2,4,7,1,13.24,4.0,25.7,73.3,False,1.776,0.292,73.0,332900.0,332426.0
817,Old Town,1Story,9817.0,1097.0,470.0,582.0,1951,1975,5,6,2,1,2,3,1,12.43,2.0,37.0,22.0,False,0.345,0.408,93.0,232100.0,212689.0
818,Riverside,2Story,15070.0,2603.0,846.0,680.0,1920,1938,3,9,3,1,4,8,2,2.42,8.0,49.9,78.9,False,0.12,0.419,0.0,430400.0,436641.0
819,Suburbia,1.5Story,9927.0,1758.0,1517.0,646.0,1912,1941,5,5,3,0,2,5,2,20.13,4.0,17.0,64.0,False,-0.749,0.932,50.0,356600.0,353800.0
820,Lakeside,SplitLevel,4763.0,1800.0,793.0,,1995,2022,4,2,1,2,5,8,2,15.11,1.0,79.8,59.7,False,-0.901,0.474,88.0,323900.0,321136.0
821,Downtown,1.5Story,4992.0,1863.0,1125.0,576.0,1979,1981,10,6,2,1,3,5,0,2.18,1.0,55.8,60.4,True,0.564,0.018,23.0,418700.0,423645.0
822,Riverside,1Story,7047.0,2479.0,962.0,,1967,1973,3,7,2,1,2,3,1,28.0,10.0,27.9,82.2,False,1.319,0.73,85.0,399000.0,395562.0
823,Hillcrest,1Story,7377.0,1435.0,1494.0,484.0,1955,1979,1,10,3,1,5,10,0,1.43,,30.3,51.4,False,0.196,0.097,59.0,325000.0,329740.0
824,Suburbia,2Story,4435.0,911.0,284.0,491.0,1965,1986,9,2,2,0,3,4,2,7.02,7.0,,88.0,False,0.74,0.631,5.0,301000.0,295840.0
825,Suburbia,1.5Story,10794.0,2028.0,1259.0,476.0,2006,2026,9,10,1,1,4,7,0,5.61,6.0,27.9,40.6,False,-0.426,0.513,87.0,380100.0,380941.0
826,Downtown,1Story,5540.0,726.0,866.0,334.0,1923,1957,9,9,1,2,2,4,1,19.3,9.0,25.6,73.3,False,2.173,0.763,6.0,334100.0,351457.0
827,Riverside,2Story,13666.0,1684.0,1338.0,350.0,1962,1964,10,8,3,0,2,5,0,2.0,9.0,57.9,81.9,False,0.239,0.55,71.0,407800.0,430051.0
828,Lakeside,1Story,15325.0,2503.0,606.0,348.0,1930,1953,1,3,2,0,6,7,0,7.25,8.0,7.0,81.5,False,2.033,0.175,57.0,388100.0,414556.0
829,Suburbia,SplitLevel,7429.0,2169.0,960.0,204.0,1913,1929,8,3,1,0,4,4,1,1.03,10.0,33.4,71.3,False,-0.965,0.894,79.0,364000.0,369058.0
830,Lakeside,1Story,9449.0,2423.0,907.0,483.0,1987,2006,3,5,3,2,4,6,1,0.44,,36.7,64.3,False,-0.045,0.903,31.0,421600.0,411322.0
831,Suburbia,1Story,5265.0,2191.0,529.0,454.0,1988,1990,5,2,2,1,5,9,2,8.49,5.0,20.9,58.1,False,1.071,0.421,11.0,312900.0,321981.0
832,Riverside,1Story,10080.0,3176.0,412.0,582.0,2007,2026,5,7,2,1,5,6,1,15.72,,3.7,46.0,False,0.142,0.609,49.0,401100.0,404105.0
833,Hillcrest,1Story,6806.0,1526.0,706.0,662.0,1902,1908,10,8,2,0,2,3,0,10.4,,36.4,55.7,True,0.518,0.552,74.0,393800.0,401882.0
834,Suburbia,1Story,5538.0,2069.0,1005.0,672.0,1922,1960,6,5,1,2,6,6,0,1.93,3.0,48.8,50.7,True,-0.978,0.534,56.0,340600.0,350969.0
835,Suburbia,2Story,7323.0,1609.0,632.0,687.0,1972,2010,3,7,1,1,5,7,0,14.0,8.0,21.4,47.7,False,-0.405,0.09,8.0,332000.0,304705.0
836,Riverside,1Story,6884.0,2376.0,811.0,339.0,2002,2026,1,8,3,1,3,6,1,3.89,3.0,11.4,100.5,True,-0.875,0.494,63.0,387300.0,397156.0
837,Suburbia,1.5Story,7231.0,1816.0,158.0,231.0,2018,2022,6,10,3,2,3,6,0,1.21,,60.1,37.1,False,-0.086,0.225,40.0,269000.0,285701.0
838,Old Town,2Story,11298.0,2795.0,794.0,0.0,1999,2015,9,7,3,0,2,7,0,7.2,1.0,45.6,88.3,False,-0.188,0.798,73.0,380600.0,391693.0
839,Hillcrest,1.5Story,6156.0,1558.0,1380.0,0.0,2014,2014,8,3,3,2,3,6,0,8.42,8.0,27.8,45.7,False,-0.529,0.849,93.0,346800.0,345849.0
840,Riverside,2Story,14872.0,2624.0,1246.0,709.0,2002,2026,10,2,2,2,3,7,2,3.39,9.0,53.4,49.6,False,0.632,0.019,85.0,458800.0,465874.0
841,Downtown,1.5Story,5096.0,2176.0,913.0,538.0,1939,1974,1,10,2,0,3,4,2,19.16,6.0,39.8,49.3,False,-1.065,0.737,99.0,360600.0,357034.0
842,Suburbia,1Story,14263.0,1832.0,1052.0,141.0,1973,1994,5,8,3,0,5,9,1,1.08,6.0,70.8,48.0,True,-2.149,0.115,60.0,313000.0,322008.0
843,Riverside,1.5Story,5677.0,2148.0,602.0,518.0,1980,1980,7,9,1,1,3,3,1,8.01,5.0,48.3,84.6,False,-0.572,0.01,72.0,385600.0,392848.0
844,Hillcrest,1Story,8100.0,1994.0,1632.0,549.0,1944,1956,9,5,3,1,4,6,0,6.95,6.0,7.2,78.6,False,2.152,0.014,10.0,443700.0,452404.0
845,Downtown,SplitLevel,6826.0,2046.0,1818.0,0.0,2011,2017,4,2,1,2,4,6,1,13.14,6.0,21.8,63.8,False,0.51,0.466,17.0,370400.0,371577.0
846,Old Town,1Story,7185.0,1736.0,1019.0,689.0,1997,2014,7,6,1,0,2,4,1,7.48,5.0,22.8,116.7,True,-0.846,0.814,13.0,410600.0,401739.0
847,Hillcrest,1.5Story,10727.0,1464.0,,0.0,1965,1980,3,7,2,0,2,5,0,1.77,,41.2,67.7,False,0.445,0.311,73.0,358300.0,348130.0
848,Suburbia,1.5Story,13697.0,1666.0,664.0,0.0,1960,1993,6,3,3,2,2,5,2,0.46,2.0,,69.1,False,-0.134,0.925,61.0,319400.0,301940.0
849,Downtown,2Story,12292.0,924.0,425.0,295.0,1999,2008,8,5,2,2,5,7,2,4.27,5.0,12.5,55.7,False,0.388,0.421,91.0,325600.0,341822.0
850,Old Town,2Story,7033.0,2313.0,652.0,545.0,1927,1939,9,5,3,2,5,10,2,0.9,5.0,46.8,53.5,False,0.881,0.189,70.0,360100.0,372978.0
851,Lakeside,1Story,8643.0,1171.0,858.0,,1927,1936,5,3,3,0,2,4,0,10.45,,55.0,58.4,False,0.194,0.459,87.0,320300.0,331669.0
852,Lakeside,2Story,6163.0,1730.0,1921.0,696.0,1950,1986,5,9,3,0,5,8,2,15.86,3.0,32.9,83.3,False,0.121,0.627,75.0,458500.0,458574.0
853,Suburbia,1Story,5727.0,2206.0,832.0,187.0,1916,1928,9,5,3,2,6,11,0,3.75,10.0,39.2,78.3,False,1.487,0.506,62.0,371500.0,384845.0
854,Old Town,1Story,5425.0,2312.0,589.0,551.0,1957,1997,6,10,1,2,2,4,2,17.6,9.0,15.6,91.2,False,0.54,0.441,51.0,377500.0,386024.0
855,Lakeside,1Story,6952.0,874.0,573.0,,1954,1981,4,1,3,2,2,7,0,3.45,8.0,24.5,55.1,False,0.195,0.188,13.0,322200.0,313727.0
856,Riverside,2Story,8843.0,1799.0,1429.0,0.0,1963,1975,3,10,2,2,5,6,1,14.32,8.0,25.4,78.6,False,0.042,0.699,60.0,378800.0,365544.0
857,Suburbia,SplitLevel,4150.0,2103.0,1369.0,312.0,1958,1982,8,7,1,0,3,3,2,9.54,4.0,46.2,73.5,True,-0.566,0.35,52.0,392200.0,383587.0
858,Suburbia,1Story,7973.0,1879.0,746.0,130.0,2013,2018,8,8,3,0,3,8,1,5.56,2.0,40.1,75.8,False,-1.246,0.971,97.0,339700.0,335724.0
859,Hillcrest,1.5Story,13775.0,2589.0,162.0,375.0,1934,1971,6,3,1,0,4,6,0,0.76,8.0,28.4,52.5,False,0.67,0.401,90.0,375000.0,383186.0
860,Riverside,2Story,12000.0,1398.0,476.0,378.0,1951,1990,2,1,2,2,2,6,1,1.33,8.0,27.6,49.3,True,1.277,0.222,34.0,303300.0,303006.0
861,Suburbia,1Story,6602.0,723.0,1673.0,638.0,1993,2005,2,3,2,1,4,8,0,4.22,9.0,0.0,77.7,False,0.428,0.86,18.0,316700.0,302576.0
862,Suburbia,2Story,4970.0,2296.0,1239.0,0.0,1935,1942,3,5,1,0,3,4,2,5.41,6.0,67.1,83.7,False,0.566,0.209,21.0,344200.0,336029.0
863,Suburbia,1.5Story,9518.0,1555.0,977.0,532.0,1982,1999,1,4,2,2,6,7,1,7.17,9.0,0.0,56.9,False,-0.887,0.168,48.0,316500.0,305528.0
864,Riverside,1Story,3601.0,883.0,1735.0,253.0,2021,2026,5,2,1,2,5,8,0,1.11,1.0,43.4,79.0,False,-0.596,0.719,96.0,304100.0,292300.0
865,Downtown,SplitLevel,11951.0,1763.0,1772.0,537.0,1947,1972,5,1,3,0,3,6,0,3.99,2.0,35.8,89.6,False,-1.282,0.298,86.0,402100.0,406145.0
866,Old Town,1Story,7519.0,2527.0,935.0,0.0,1930,1931,4,7,3,1,5,7,1,6.31,1.0,29.7,61.5,True,-0.25,0.417,91.0,337100.0,329303.0
867,Suburbia,1Story,15382.0,1155.0,943.0,795.0,1923,1923,10,7,3,2,4,8,0,2.25,4.0,34.8,42.1,False,0.983,0.451,23.0,333800.0,338501.0
868,Suburbia,2Story,4427.0,3135.0,706.0,437.0,1901,1910,3,2,2,2,4,5,0,7.62,2.0,21.7,44.4,False,-0.697,0.784,0.0,360500.0,353126.0
869,Downtown,1Story,11174.0,1389.0,830.0,120.0,1935,1965,9,8,1,1,5,5,1,3.47,1.0,48.1,55.8,False,-0.075,0.574,67.0,359000.0,343862.0
870,Lakeside,1Story,7823.0,1898.0,326.0,345.0,2007,2017,2,10,3,1,3,8,2,0.71,9.0,,60.0,False,0.702,0.741,40.0,402100.0,382848.0
871,Suburbia,1Story,7217.0,1179.0,324.0,320.0,1932,1968,7,10,1,2,4,4,0,1.0,2.0,41.6,67.3,False,1.208,0.987,46.0,285500.0,278152.0
872,Downtown,2Story,5017.0,1873.0,226.0,355.0,2020,2026,9,2,2,1,4,7,1,2.67,9.0,21.4,67.7,False,-1.647,0.711,73.0,406400.0,401574.0
873,Old Town,2Story,9982.0,1776.0,1405.0,402.0,2020,2026,9,5,1,1,5,6,1,5.67,7.0,26.5,63.1,False,-0.477,0.279,98.0,390600.0,373448.0
874,Hillcrest,2Story,10267.0,1031.0,294.0,354.0,1985,2022,6,1,3,2,3,5,2,5.63,7.0,27.0,80.2,True,-0.738,0.767,17.0,330000.0,340680.0
875,Suburbia,SplitLevel,15135.0,3404.0,1769.0,329.0,2023,2026,3,1,1,1,6,9,2,9.14,2.0,31.7,54.3,False,-0.877,0.85,60.0,415300.0,397366.0
876,Old Town,1Story,11531.0,1578.0,643.0,275.0,1951,1958,4,9,1,2,3,3,2,3.56,1.0,45.0,90.8,False,-0.383,0.431,3.0,294500.0,292854.0
877,Hillcrest,2Story,6582.0,1578.0,1680.0,591.0,2020,2022,5,10,3,2,2,6,1,1.4,2.0,34.3,84.9,False,-1.947,0.66,50.0,416300.0,414547.0
878,Hillcrest,SplitLevel,5702.0,2383.0,797.0,652.0,1968,1975,9,3,3,1,4,6,0,7.7,,53.7,83.6,False,-0.368,0.49,3.0,414600.0,420203.0
879,Suburbia,2Story,5019.0,2848.0,292.0,419.0,1910,1935,4,5,3,1,3,7,2,0.92,10.0,55.9,56.1,False,0.035,0.128,81.0,353600.0,368138.0
880,Riverside,1Story,13570.0,2470.0,1489.0,457.0,2004,2026,9,1,3,1,4,6,2,12.77,5.0,41.2,65.9,False,-1.043,0.729,56.0,446600.0,428368.0
881,Hillcrest,1.5Story,6171.0,1189.0,1539.0,280.0,2019,2026,10,9,1,1,6,9,1,4.8,3.0,48.7,81.0,False,-0.482,0.444,25.0,389800.0,384785.0
882,Suburbia,SplitLevel,13603.0,1968.0,569.0,471.0,2011,2026,2,6,2,2,2,4,1,2.82,3.0,75.5,64.4,False,0.02,0.346,23.0,279600.0,284192.0
883,Old Town,1.5Story,9738.0,815.0,,0.0,1952,1964,10,3,3,0,2,4,2,2.42,4.0,6.7,55.4,False,0.12,0.468,65.0,275800.0,271519.0
884,Riverside,1Story,9095.0,2346.0,570.0,425.0,1912,1927,6,10,1,0,3,3,1,8.56,6.0,56.5,54.7,False,-1.634,0.582,25.0,360500.0,364705.0
885,Lakeside,SplitLevel,7278.0,951.0,899.0,523.0,1973,2004,7,2,3,1,4,8,0,1.14,9.0,65.9,55.6,False,0.7,0.757,38.0,319500.0,340559.0
886,Hillcrest,2Story,10211.0,1408.0,995.0,509.0,2009,2026,4,3,3,0,2,6,0,5.21,1.0,43.7,47.1,False,0.724,0.909,1.0,305800.0,307967.0
887,Hillcrest,SplitLevel,8059.0,1848.0,802.0,291.0,2005,2017,4,8,3,2,5,8,1,7.87,8.0,73.1,119.7,False,-0.742,0.684,34.0,366900.0,384321.0
888,Downtown,SplitLevel,7121.0,2095.0,186.0,,1977,1978,6,5,3,0,5,9,1,18.91,1.0,70.5,32.9,False,1.678,0.994,72.0,318000.0,315020.0
889,Lakeside,SplitLevel,10338.0,1706.0,706.0,427.0,1999,2002,2,8,3,1,5,10,0,8.77,4.0,28.3,50.3,False,0.456,0.157,5.0,362200.0,342576.0
890,Suburbia,2Story,7705.0,2685.0,1245.0,728.0,1904,1937,8,3,2,0,4,7,1,6.0,6.0,29.8,78.7,False,0.311,0.154,84.0,439200.0,447136.0
891,Hillcrest,2Story,6128.0,2248.0,862.0,0.0,1978,1992,7,7,1,2,6,8,0,2.54,2.0,45.6,55.7,True,0.683,0.79,26.0,389200.0,379415.0
892,Old Town,1.5Story,9996.0,2205.0,812.0,775.0,1913,1942,1,6,2,2,5,9,2,0.44,3.0,22.5,61.7,False,-1.033,0.634,73.0,318900.0,326839.0
893,Lakeside,1Story,7924.0,1174.0,559.0,648.0,1994,2026,3,1,3,0,6,8,1,27.83,7.0,89.2,75.1,False,-0.353,0.862,13.0,300200.0,300452.0
894,Downtown,1Story,9615.0,2785.0,694.0,,1905,1941,6,4,3,1,2,4,2,1.02,7.0,50.8,86.6,False,0.618,0.679,13.0,446000.0,456861.0
895,Suburbia,SplitLevel,6913.0,1408.0,1542.0,344.0,1974,1994,8,3,1,2,5,5,0,12.03,1.0,35.9,63.1,False,-0.798,0.013,86.0,315200.0,307561.0
896,Old Town,1Story,5307.0,2806.0,471.0,348.0,2019,2026,3,6,3,1,3,5,1,1.2,8.0,6.8,84.6,False,-0.352,0.673,95.0,390100.0,373458.0
897,Lakeside,1Story,14873.0,2962.0,1253.0,545.0,1914,1922,9,5,1,2,2,3,0,0.87,5.0,40.0,37.4,False,0.601,0.212,26.0,761800.0,485143.0
898,Lakeside,1Story,13923.0,2132.0,970.0,483.0,1953,1991,6,5,2,0,2,3,0,5.73,7.0,11.3,57.1,False,0.31,0.447,96.0,437400.0,430741.0
899,Lakeside,2Story,11040.0,2418.0,1053.0,0.0,1905,1941,6,2,2,1,2,6,0,6.77,3.0,50.2,76.9,False,0.021,0.692,81.0,420800.0,414230.0
900,Riverside,2Story,7075.0,500.0,642.0,,1990,2005,2,10,2,2,2,4,0,0.84,10.0,0.0,103.5,False,0.063,0.656,25.0,329700.0,332815.0
901,Riverside,2Story,7295.0,1743.0,802.0,466.0,2016,2026,7,8,2,0,4,5,2,3.45,8.0,62.7,50.6,False,-0.175,0.383,80.0,377400.0,361260.0
902,Lakeside,SplitLevel,13145.0,2456.0,948.0,594.0,1900,1930,9,7,1,0,5,7,0,5.46,,26.5,47.5,False,0.853,0.713,98.0,456800.0,463161.0
903,Downtown,1.5Story,7159.0,2358.0,731.0,304.0,1968,1984,3,3,1,2,4,5,1,2.41,2.0,1.2,74.1,False,2.09,0.944,30.0,365900.0,385398.0
904,Riverside,1Story,6494.0,1179.0,1089.0,620.0,1999,2026,6,7,3,0,2,4,2,1.44,8.0,34.7,69.0,False,0.293,0.231,44.0,342900.0,354291.0
905,Old Town,1Story,15604.0,1688.0,1142.0,540.0,1903,1906,1,3,2,0,5,9,1,2.08,,35.3,55.1,False,1.282,0.119,28.0,284300.0,276668.0
906,Suburbia,1.5Story,7969.0,500.0,1863.0,652.0,1960,1971,3,5,3,2,2,6,1,6.27,7.0,33.7,46.1,False,-0.437,0.135,4.0,266800.0,271607.0
907,Riverside,SplitLevel,15047.0,2077.0,1067.0,616.0,1916,1947,1,3,3,2,6,11,2,1.68,,62.6,58.7,False,-0.682,0.458,93.0,340100.0,338978.0
908,Downtown,SplitLevel,4967.0,814.0,147.0,446.0,2016,2026,8,4,2,0,3,7,2,3.98,9.0,42.6,77.4,False,-0.788,0.298,57.0,322300.0,325301.0
909,Lakeside,1Story,9714.0,2472.0,1438.0,434.0,1964,1965,10,7,1,1,2,5,0,0.57,9.0,50.9,62.0,False,-0.918,0.467,18.0,494500.0,492250.0
910,Hillcrest,SplitLevel,16729.0,2500.0,864.0,745.0,1965,1996,1,4,1,2,3,3,2,6.33,4.0,30.0,89.1,False,-0.294,0.084,52.0,415800.0,402292.0
911,Suburbia,1Story,8188.0,1589.0,1795.0,414.0,2025,2026,8,8,2,1,6,10,0,5.96,1.0,43.5,65.6,False,0.886,0.247,78.0,371700.0,352857.0
912,Suburbia,1Story,7388.0,2137.0,1568.0,580.0,1999,2026,6,6,1,1,6,6,1,6.87,5.0,8.8,78.8,False,1.003,0.347,85.0,389600.0,401604.0
913,Old Town,SplitLevel,5385.0,1731.0,738.0,399.0,1939,1949,8,10,2,1,4,6,2,3.24,5.0,40.2,73.0,False,-0.51,0.934,77.0,348500.0,336939.0
914,Old Town,1Story,11835.0,1983.0,1253.0,162.0,1979,1993,6,2,1,2,6,9,1,1.7,,19.8,60.7,False,-0.324,0.297,35.0,323700.0,321240.0
915,Old Town,1Story,6189.0,1219.0,701.0,0.0,1937,1966,10,10,2,0,3,6,1,2.21,5.0,61.4,83.0,True,-0.002,0.048,92.0,302200.0,317356.0
916,Old Town,1Story,7839.0,2192.0,951.0,525.0,1965,1999,1,2,3,0,4,9,2,7.35,6.0,36.5,46.1,False,0.234,0.311,76.0,290800.0,284637.0
917,Downtown,1Story,5260.0,947.0,1234.0,572.0,2002,2018,2,6,2,0,4,8,1,5.31,,48.3,58.0,False,0.587,0.937,44.0,331400.0,308503.0
918,Downtown,1Story,13973.0,844.0,1417.0,0.0,2019,2026,3,4,3,1,3,5,1,15.62,4.0,40.2,60.5,False,-0.399,0.427,78.0,272200.0,281310.0
919,Hillcrest,1.5Story,12139.0,1783.0,1326.0,643.0,2019,2026,8,8,2,0,3,6,1,1.22,7.0,71.1,74.9,False,-0.2,0.819,99.0,418400.0,421216.0
920,Riverside,1Story,8014.0,1734.0,981.0,0.0,1962,2001,1,2,2,1,4,7,0,28.0,10.0,3.8,79.4,True,1.355,0.267,3.0,295700.0,315571.0
921,Downtown,2Story,5410.0,2000.0,1993.0,336.0,2012,2026,2,3,2,0,5,6,0,1.8,7.0,32.7,53.3,False,-0.279,0.136,60.0,388600.0,390003.0
922,Suburbia,SplitLevel,13871.0,1493.0,797.0,555.0,2012,2012,8,3,1,1,4,4,2,3.78,7.0,15.8,50.8,False,-0.575,0.497,67.0,334900.0,332925.0
923,Suburbia,1Story,7129.0,2887.0,275.0,487.0,1968,2007,5,10,2,0,2,4,0,16.84,3.0,0.0,69.4,False,-0.086,0.702,87.0,403100.0,378716.0
924,Riverside,SplitLevel,5504.0,1938.0,356.0,368.0,1904,1929,8,6,1,2,4,6,2,6.71,4.0,14.5,40.3,False,0.078,0.845,47.0,322700.0,334265.0
925,Lakeside,2Story,4373.0,1978.0,1569.0,536.0,1915,1937,4,2,1,0,6,9,2,0.88,1.0,58.4,86.1,False,-1.541,0.241,34.0,429400.0,417427.0
926,Lakeside,1Story,6463.0,1958.0,918.0,473.0,1982,1986,1,8,3,0,2,6,2,6.35,6.0,34.4,64.0,False,-0.444,0.987,20.0,381100.0,377383.0
927,Lakeside,1Story,4870.0,2402.0,1017.0,363.0,2004,2026,6,3,1,2,6,9,0,3.07,1.0,30.6,46.9,False,0.42,0.489,41.0,421300.0,393628.0
928,Suburbia,SplitLevel,6516.0,2167.0,722.0,432.0,2014,2026,2,3,1,1,2,3,2,8.82,8.0,50.5,46.6,False,2.004,0.502,41.0,289000.0,286789.0
929,Riverside,2Story,10515.0,2093.0,760.0,686.0,1930,1938,5,5,2,0,2,4,2,8.49,10.0,37.3,73.6,False,-0.529,0.859,83.0,403400.0,404047.0
930,Suburbia,SplitLevel,7105.0,2255.0,619.0,681.0,2013,2026,9,8,2,0,2,4,2,1.98,9.0,47.3,73.1,False,0.765,0.407,85.0,417100.0,406656.0
931,Hillcrest,1Story,9177.0,846.0,1148.0,490.0,2004,2018,2,9,1,0,3,6,1,2.44,,41.5,54.2,False,0.179,0.757,50.0,282200.0,276190.0
932,Hillcrest,1Story,6291.0,867.0,909.0,469.0,1961,1996,3,1,3,2,3,7,1,5.35,7.0,45.9,66.0,False,1.16,0.568,68.0,290800.0,279175.0
933,Hillcrest,1Story,8290.0,1808.0,1133.0,0.0,1947,1966,10,9,3,1,6,10,1,0.5,5.0,26.0,47.7,False,-0.619,0.135,73.0,390500.0,383604.0
934,Suburbia,2Story,15872.0,1741.0,1093.0,0.0,1959,1994,4,10,2,2,4,7,0,4.89,1.0,55.9,63.3,False,1.103,0.033,62.0,285900.0,304187.0
935,Suburbia,1Story,7173.0,2169.0,771.0,626.0,1985,2013,4,4,2,0,5,7,1,8.32,8.0,10.8,94.6,False,1.402,0.934,75.0,385800.0,379291.0
936,Lakeside,2Story,9270.0,1861.0,337.0,580.0,2002,2017,7,6,3,0,6,11,2,6.52,9.0,33.3,106.4,False,1.445,0.866,8.0,469000.0,462792.0
937,Old Town,1Story,4685.0,2170.0,301.0,120.0,1921,1937,2,4,3,1,2,6,0,14.63,5.0,56.9,64.2,True,1.427,0.984,46.0,252300.0,261461.0
938,Downtown,1Story,13795.0,1165.0,2221.0,467.0,1942,1975,1,5,1,0,3,5,0,9.37,10.0,31.9,75.8,True,0.191,0.674,66.0,392000.0,388402.0
939,Old Town,1Story,6857.0,1844.0,1571.0,440.0,1915,1935,9,7,1,0,6,8,2,10.86,1.0,26.4,75.1,False,0.585,0.646,51.0,343000.0,365741.0
940,Downtown,2Story,11704.0,1112.0,1513.0,0.0,2018,2026,10,7,1,2,5,8,2,2.52,9.0,80.8,37.0,False,-0.42,0.209,75.0,291000.0,361159.0
941,Lakeside,2Story,7761.0,2063.0,667.0,388.0,1951,1956,10,5,1,1,2,3,1,13.35,7.0,63.4,47.3,False,-2.223,0.642,31.0,422400.0,413903.0
942,Suburbia,2Story,10037.0,817.0,954.0,0.0,1931,1948,1,5,3,2,3,7,1,20.02,7.0,37.8,26.3,False,0.256,0.488,94.0,199800.0,187910.0
943,Lakeside,2Story,10248.0,2042.0,608.0,559.0,1925,1948,6,5,2,1,3,7,0,6.98,6.0,15.6,76.1,False,-0.161,0.377,12.0,445800.0,437142.0
944,Hillcrest,1Story,6916.0,1042.0,399.0,336.0,1909,1923,9,5,3,1,2,6,2,12.47,1.0,0.0,103.0,False,0.963,0.682,79.0,342500.0,353513.0
945,Hillcrest,2Story,11875.0,1639.0,703.0,368.0,1959,1993,9,2,3,2,4,6,1,2.17,5.0,49.2,87.2,False,0.862,0.085,72.0,375600.0,393686.0
946,Lakeside,SplitLevel,6213.0,2342.0,1507.0,491.0,1997,2005,4,4,3,1,5,7,2,3.2,10.0,60.3,68.8,False,-1.062,0.504,7.0,451900.0,440240.0
947,Suburbia,2Story,10639.0,1975.0,1303.0,674.0,1940,1974,5,8,3,0,3,5,1,15.63,5.0,42.9,66.3,False,2.339,0.758,24.0,377700.0,372726.0
948,Suburbia,2Story,7069.0,945.0,543.0,589.0,1950,1952,2,10,2,2,3,5,2,3.07,1.0,0.8,61.7,False,0.388,0.83,94.0,278800.0,272669.0
949,Suburbia,SplitLevel,9158.0,1480.0,818.0,632.0,1980,1997,2,9,3,2,4,6,2,2.34,5.0,38.2,87.1,True,-1.284,0.49,68.0,358600.0,337846.0
950,Hillcrest,2Story,6893.0,1024.0,1265.0,470.0,1944,1965,4,9,1,0,6,8,0,12.41,2.0,25.3,71.9,False,-1.144,0.353,79.0,307000.0,326934.0
951,Riverside,1Story,8246.0,918.0,710.0,699.0,1993,2003,3,8,1,2,5,8,2,1.03,5.0,38.2,69.1,False,-2.178,0.572,84.0,320800.0,298481.0
952,Lakeside,SplitLevel,5563.0,1915.0,983.0,0.0,1940,1962,10,6,2,2,6,7,1,3.18,7.0,73.9,48.1,False,0.764,0.128,0.0,380300.0,387279.0
953,Lakeside,SplitLevel,8836.0,2158.0,1119.0,0.0,1956,1992,1,7,3,0,4,7,1,3.4,1.0,50.8,78.8,False,-0.527,0.091,85.0,369100.0,358886.0
954,Lakeside,1.5Story,8229.0,2092.0,1114.0,804.0,2023,2026,6,9,1,2,2,3,0,1.18,5.0,46.5,65.3,False,-0.84,0.819,71.0,449100.0,449260.0
955,Old Town,2Story,6707.0,2181.0,1057.0,533.0,2005,2026,6,3,2,0,2,3,0,6.93,6.0,34.1,75.1,False,-0.644,0.127,24.0,357300.0,361579.0
956,Old Town,1Story,7949.0,1843.0,675.0,593.0,1972,2010,1,2,1,2,2,3,0,1.7,8.0,43.3,86.0,False,-0.301,0.417,30.0,276900.0,295544.0
957,Suburbia,SplitLevel,8492.0,1700.0,719.0,454.0,1949,1986,5,3,3,2,4,8,0,1.57,1.0,20.5,38.6,False,0.576,0.412,39.0,269900.0,278260.0
958,Riverside,SplitLevel,6531.0,1260.0,474.0,426.0,2024,2024,10,6,2,2,3,7,1,11.45,7.0,46.1,62.7,False,-1.644,0.983,60.0,335900.0,330127.0
959,Riverside,2Story,7746.0,1608.0,294.0,362.0,1958,1987,2,8,1,1,3,5,1,2.24,7.0,31.1,60.1,False,-1.07,0.705,26.0,310800.0,306389.0
960,Riverside,1Story,5699.0,1123.0,902.0,0.0,1943,1977,2,5,1,2,6,8,2,1.18,1.0,18.6,58.5,False,0.465,0.767,28.0,258400.0,246590.0
961,Riverside,1Story,18417.0,1385.0,1293.0,549.0,1975,2013,2,10,2,1,2,3,2,0.75,2.0,51.3,47.9,False,-0.594,0.67,54.0,305500.0,314071.0
962,Hillcrest,2Story,11739.0,1899.0,370.0,527.0,1952,1984,1,4,1,0,2,5,2,14.9,7.0,0.0,54.9,False,0.582,0.273,73.0,340200.0,330971.0
963,Downtown,1.5Story,8916.0,1785.0,1065.0,778.0,2012,2015,9,5,1,2,3,5,2,2.18,9.0,24.1,48.2,False,-0.497,0.361,43.0,437400.0,436580.0
964,Downtown,2Story,12213.0,3536.0,1280.0,476.0,1926,1957,1,10,1,2,5,8,1,10.56,9.0,47.3,82.8,False,1.575,0.183,18.0,508400.0,500608.0
965,Old Town,1Story,4053.0,1110.0,179.0,222.0,1906,1940,3,2,1,0,6,7,2,15.46,8.0,59.5,74.8,False,0.209,0.542,11.0,208400.0,202036.0
966,Riverside,2Story,3310.0,1781.0,836.0,723.0,1954,1975,9,9,2,0,3,6,2,10.31,9.0,44.4,73.5,False,1.226,0.078,83.0,412500.0,418317.0
967,Old Town,1Story,7046.0,1067.0,1641.0,265.0,2019,2019,10,2,3,1,3,6,2,9.77,7.0,21.6,33.3,True,0.518,0.904,48.0,317700.0,314600.0
968,Lakeside,2Story,5002.0,1637.0,1182.0,370.0,1907,1914,2,10,3,1,4,8,0,2.25,2.0,34.0,103.1,False,0.578,0.196,7.0,414400.0,408738.0
969,Riverside,1Story,7459.0,1659.0,164.0,503.0,2001,2012,4,4,2,1,6,7,2,7.85,6.0,40.8,60.6,False,-0.752,0.214,37.0,309100.0,299329.0
970,Lakeside,2Story,8708.0,2315.0,1227.0,527.0,1900,1935,2,7,3,1,2,5,0,7.41,4.0,66.2,99.4,False,1.167,0.485,2.0,458600.0,439958.0
971,Lakeside,SplitLevel,11183.0,1603.0,636.0,229.0,1970,1975,2,8,3,0,6,8,0,6.6,3.0,53.4,81.5,False,0.216,0.32,20.0,331100.0,338907.0
972,Downtown,2Story,5440.0,1745.0,1240.0,341.0,1957,1987,10,4,1,0,6,8,2,1.26,,53.6,63.8,True,-0.954,0.167,13.0,407600.0,422056.0
973,Downtown,1Story,9320.0,1613.0,660.0,223.0,1920,1927,4,6,3,1,3,7,1,28.0,1.0,36.3,104.8,False,-2.11,0.986,92.0,358100.0,342134.0
974,Old Town,2Story,8144.0,1079.0,928.0,559.0,1993,2026,7,8,1,1,5,8,2,15.64,8.0,13.6,78.2,False,0.14,0.28,38.0,315700.0,331566.0
975,Hillcrest,2Story,9151.0,1491.0,724.0,649.0,1922,1922,2,9,3,0,5,8,2,15.53,2.0,6.9,63.9,False,1.508,0.74,17.0,351100.0,338326.0
976,Suburbia,2Story,6755.0,1640.0,951.0,265.0,1955,1964,3,2,3,1,2,7,2,5.1,7.0,29.0,61.0,False,-0.907,0.726,65.0,289900.0,301142.0
977,Riverside,2Story,13149.0,1891.0,712.0,619.0,1970,1974,4,5,1,2,4,7,0,13.55,4.0,49.0,86.6,False,-0.941,0.245,99.0,354300.0,362078.0
978,Hillcrest,2Story,7815.0,2157.0,856.0,0.0,1965,1987,6,9,1,0,3,4,0,3.17,5.0,25.0,58.3,False,-0.316,0.278,48.0,372900.0,373855.0
979,Riverside,1Story,15078.0,1721.0,456.0,355.0,1903,1935,10,6,2,0,2,6,0,3.28,4.0,46.4,61.2,False,1.101,0.535,18.0,337700.0,355694.0
980,Lakeside,1.5Story,6145.0,1711.0,1156.0,143.0,1956,1973,3,1,3,1,4,9,1,23.46,3.0,19.1,57.3,False,-1.837,0.861,47.0,320000.0,331978.0
981,Old Town,2Story,10509.0,904.0,1024.0,289.0,1982,2003,7,2,2,2,5,7,2,2.43,5.0,22.2,54.4,True,-0.65,0.74,62.0,272900.0,293604.0
982,Suburbia,1Story,7936.0,2147.0,271.0,0.0,1966,1992,5,9,1,1,4,5,0,2.44,8.0,63.2,55.5,False,-1.006,0.303,86.0,302300.0,293989.0
983,Suburbia,1Story,7225.0,1467.0,1367.0,707.0,1991,2009,8,5,2,2,2,3,1,4.6,6.0,50.3,99.9,False,0.562,0.043,14.0,385000.0,385188.0
984,Riverside,2Story,10110.0,2261.0,876.0,441.0,1997,2026,4,8,2,2,6,8,2,2.69,8.0,28.9,86.1,False,-0.143,0.607,55.0,418500.0,418298.0
985,Downtown,1Story,7298.0,2574.0,1018.0,299.0,1922,1933,5,9,3,2,2,5,1,28.0,10.0,18.4,72.2,False,-0.347,0.476,4.0,433500.0,434257.0
986,Old Town,2Story,3192.0,1747.0,1271.0,484.0,2001,2008,7,1,1,1,3,4,0,6.27,,54.0,58.1,False,-0.18,0.344,50.0,313000.0,313188.0
987,Hillcrest,2Story,2774.0,1287.0,1088.0,253.0,2012,2019,5,5,1,0,4,5,0,0.87,9.0,52.5,58.1,False,0.785,0.646,1.0,317600.0,323598.0
988,Downtown,1Story,12649.0,1841.0,1439.0,542.0,2005,2012,8,2,3,2,6,8,1,6.56,2.0,47.8,61.4,False,1.122,0.952,41.0,414600.0,402721.0
989,Hillcrest,SplitLevel,12464.0,2042.0,,304.0,2007,2008,1,9,3,0,5,8,1,1.53,6.0,31.4,100.2,False,1.025,0.903,49.0,356100.0,377921.0
990,Suburbia,SplitLevel,15687.0,1676.0,1384.0,327.0,1926,1927,4,5,2,2,2,3,1,2.29,5.0,13.1,73.2,True,0.575,0.666,97.0,340900.0,358752.0
991,Suburbia,SplitLevel,8054.0,1540.0,1002.0,520.0,1982,1984,2,9,3,0,4,6,2,14.81,1.0,34.7,81.5,False,1.384,0.959,19.0,313600.0,296844.0
992,Suburbia,1Story,5154.0,2160.0,1163.0,740.0,1957,1963,2,3,1,2,6,8,0,0.53,9.0,63.2,71.6,False,-0.932,0.396,24.0,346400.0,343108.0
993,Suburbia,2Story,6996.0,2124.0,1120.0,812.0,2023,2026,1,2,1,1,3,6,0,1.15,8.0,16.8,52.1,False,0.388,0.101,57.0,319800.0,344820.0
994,Lakeside,1Story,8136.0,1660.0,1471.0,294.0,2004,2013,4,9,2,0,6,7,1,4.55,6.0,35.9,69.8,True,2.349,0.452,15.0,420000.0,416042.0
995,Old Town,2Story,5696.0,940.0,1253.0,365.0,1920,1943,3,7,3,1,4,8,1,1.33,7.0,67.7,48.6,False,-1.837,0.66,5.0,228800.0,248440.0
996,Hillcrest,2Story,14429.0,2101.0,764.0,,2018,2020,8,2,2,1,5,9,2,4.49,8.0,28.9,89.5,False,-0.534,0.801,49.0,460200.0,444160.0
997,Suburbia,2Story,17744.0,1428.0,681.0,647.0,1987,2019,6,7,2,2,5,8,0,1.04,8.0,32.5,54.5,False,-1.036,0.938,23.0,354400.0,343060.0
998,Downtown,1Story,9580.0,1968.0,929.0,120.0,1968,1982,8,5,3,1,6,8,0,0.49,3.0,8.0,57.7,False,0.289,0.517,67.0,416900.0,390905.0
999,Old Town,1Story,8072.0,1933.0,631.0,474.0,1956,1974,9,1,1,0,5,8,0,3.21,5.0,47.5,82.6,False,1.438,0.373,9.0,332400.0,336050.0
1000,Hillcrest,2Story,5150.0,811.0,508.0,382.0,1962,1989,8,3,2,0,4,5,1,17.58,4.0,20.2,55.4,False,0.538,0.282,2.0,277200.0,292279.0
1001,Downtown,1.5Story,13922.0,1895.0,56.0,152.0,1997,2026,5,8,3,1,4,8,2,6.97,10.0,3.9,64.1,False,-0.217,0.607,22.0,372800.0,379470.0
1002,Hillcrest,1Story,8322.0,2133.0,299.0,246.0,1996,2026,10,2,1,2,5,6,2,4.06,2.0,15.9,22.0,False,0.546,0.693,85.0,333200.0,339618.0
1003,Downtown,SplitLevel,7323.0,2200.0,1784.0,369.0,1969,1985,4,4,2,1,4,7,0,1.59,10.0,39.2,62.2,True,-0.29,0.632,55.0,437900.0,433158.0
1004,Downtown,2Story,9589.0,1915.0,674.0,0.0,2024,2026,9,3,2,0,2,3,0,7.68,,3.4,78.7,False,0.194,0.195,28.0,379000.0,401618.0
1005,Suburbia,1Story,6601.0,763.0,1749.0,621.0,1929,1942,2,8,1,0,6,9,1,11.99,8.0,7.3,56.7,False,0.619,0.446,59.0,288000.0,288030.0
1006,Hillcrest,2Story,8531.0,2552.0,1119.0,517.0,1953,1956,10,9,1,2,3,3,0,12.99,2.0,46.2,78.1,False,1.753,0.074,64.0,447500.0,460054.0
1007,Old Town,1Story,4891.0,2076.0,929.0,0.0,1975,1988,4,8,2,2,5,9,0,2.95,9.0,33.6,67.7,False,0.449,0.52,44.0,306500.0,312846.0
1008,Hillcrest,2Story,11855.0,1188.0,320.0,464.0,1920,1951,7,8,3,0,4,6,2,5.64,6.0,16.7,87.6,False,0.218,0.214,17.0,391200.0,374130.0
1009,Suburbia,2Story,7812.0,1417.0,952.0,347.0,1962,1973,4,1,2,0,2,4,0,22.72,10.0,28.6,54.8,False,2.035,0.889,36.0,294400.0,281961.0
1010,Riverside,1Story,12156.0,1977.0,1745.0,431.0,2005,2021,3,10,3,2,6,10,1,8.97,4.0,69.8,63.7,False,-1.956,0.808,87.0,374300.0,365267.0
1011,Suburbia,2Story,7552.0,2224.0,1604.0,,1985,1987,4,2,3,1,2,6,0,6.45,10.0,60.6,41.5,True,-0.092,0.731,70.0,381000.0,373118.0
1012,Riverside,2Story,7726.0,1582.0,1065.0,0.0,1989,1999,7,5,1,0,6,7,2,3.4,9.0,32.9,66.3,False,-0.741,0.112,35.0,351400.0,354675.0
1013,Riverside,SplitLevel,5301.0,2304.0,468.0,436.0,1920,1922,2,9,3,2,6,9,0,1.3,1.0,51.3,60.4,False,-0.238,0.447,89.0,319400.0,320006.0
1014,Old Town,2Story,10571.0,864.0,548.0,311.0,1918,1937,2,3,2,2,4,7,0,10.83,4.0,37.4,85.3,False,0.604,0.18,18.0,209700.0,229207.0
1015,Hillcrest,1Story,5964.0,1277.0,592.0,514.0,1955,1967,10,3,2,2,6,7,1,7.6,5.0,,56.8,False,0.981,0.044,16.0,341100.0,356412.0
1016,Lakeside,1Story,6835.0,715.0,1487.0,0.0,1940,1979,1,1,3,2,6,8,2,2.34,3.0,0.0,60.4,False,-0.52,0.402,1.0,289500.0,287979.0
1017,Suburbia,2Story,8106.0,1356.0,1635.0,657.0,1901,1925,8,4,1,1,6,7,1,2.01,9.0,16.8,55.8,False,0.669,0.314,9.0,364800.0,378670.0
1018,Suburbia,1Story,8454.0,2679.0,1032.0,351.0,1969,1984,4,5,1,0,5,5,1,2.17,1.0,3.5,68.5,True,-0.898,0.918,30.0,394000.0,385462.0
1019,Downtown,2Story,4460.0,2982.0,823.0,353.0,1995,2017,4,5,3,1,6,8,0,3.03,3.0,40.4,103.8,False,-1.28,0.926,5.0,458300.0,458938.0
1020,Hillcrest,1.5Story,7474.0,1979.0,1600.0,581.0,1992,2026,4,1,2,0,5,6,0,7.98,3.0,24.0,22.0,False,0.071,0.935,37.0,333600.0,337284.0
1021,Old Town,2Story,10704.0,1499.0,539.0,395.0,1912,1919,4,3,2,1,6,10,1,9.69,5.0,43.5,67.1,False,-0.219,0.014,6.0,265300.0,272821.0
1022,Suburbia,2Story,7098.0,1728.0,972.0,0.0,1998,2008,8,1,2,1,2,3,1,20.79,7.0,43.8,89.1,False,1.491,0.519,3.0,337700.0,332113.0
1023,Old Town,1Story,7490.0,2110.0,1144.0,661.0,1947,1969,9,3,2,1,4,5,1,6.67,1.0,48.8,58.7,False,2.128,0.018,58.0,357300.0,348898.0
1024,Riverside,SplitLevel,8577.0,990.0,588.0,241.0,1919,1923,4,7,2,0,4,8,1,19.15,7.0,16.4,77.5,False,-0.609,0.604,55.0,271400.0,282286.0
1025,Suburbia,1.5Story,7754.0,1535.0,683.0,789.0,1959,1980,2,1,2,1,6,8,0,4.54,5.0,45.3,89.2,False,-1.812,0.508,79.0,297300.0,303766.0
1026,Hillcrest,SplitLevel,5649.0,2639.0,650.0,0.0,1927,1933,1,2,2,0,4,6,0,4.49,7.0,15.9,63.0,True,-1.367,0.43,45.0,349200.0,351515.0
1027,Old Town,1.5Story,8001.0,1275.0,1545.0,599.0,1984,2019,8,6,1,0,4,6,0,0.6,1.0,49.2,56.3,False,-0.836,0.053,86.0,315600.0,311617.0
1028,Hillcrest,1.5Story,11475.0,1438.0,1754.0,443.0,1993,2024,10,6,2,2,5,8,0,4.46,9.0,59.5,84.8,False,0.207,0.105,49.0,434000.0,430180.0
1029,Suburbia,1Story,5609.0,1857.0,998.0,0.0,1991,1992,1,9,3,2,5,8,1,5.14,,49.5,76.9,False,-0.261,0.313,27.0,289900.0,291137.0
1030,Hillcrest,SplitLevel,7108.0,2006.0,837.0,418.0,1914,1936,6,6,3,1,4,9,0,10.08,3.0,31.5,66.9,False,-1.259,0.242,13.0,371300.0,362540.0
1031,Riverside,1Story,4996.0,1506.0,698.0,597.0,1943,1951,3,10,2,1,6,7,2,3.2,8.0,46.3,79.0,False,1.786,0.179,49.0,340100.0,341792.0
1032,Suburbia,1Story,11265.0,1892.0,951.0,0.0,1962,1985,3,8,2,0,6,7,1,0.67,5.0,4.3,85.3,False,0.663,0.851,38.0,316200.0,333527.0
1033,Riverside,1Story,7845.0,2184.0,719.0,368.0,2024,2026,9,6,2,1,5,8,0,2.79,4.0,0.0,67.0,False,1.759,0.028,51.0,418400.0,401851.0
1034,Old Town,1Story,6018.0,2929.0,909.0,750.0,1968,2007,3,4,3,1,6,11,0,3.22,2.0,44.3,73.5,False,-1.801,0.218,96.0,379000.0,366878.0
1035,Hillcrest,2Story,8369.0,1781.0,1124.0,465.0,1982,1989,4,2,1,2,2,5,0,3.58,5.0,61.2,77.4,False,1.273,0.917,5.0,339900.0,356898.0
1036,Suburbia,1Story,5317.0,1827.0,780.0,352.0,1942,1962,2,8,2,0,4,7,0,1.4,3.0,10.4,59.7,False,-0.149,0.872,35.0,297900.0,295728.0
1037,Hillcrest,1Story,5644.0,2690.0,870.0,222.0,1937,1976,10,10,3,2,2,4,0,10.93,8.0,35.3,89.4,False,-0.392,0.355,13.0,484700.0,468598.0
1038,Hillcrest,SplitLevel,4861.0,1548.0,872.0,758.0,2000,2004,10,4,2,2,5,8,0,8.02,4.0,43.8,49.4,False,0.024,0.804,79.0,358800.0,362534.0
1039,Hillcrest,1Story,5578.0,1122.0,817.0,372.0,2005,2015,10,4,2,1,2,3,0,18.4,2.0,22.7,65.6,False,-0.699,0.152,53.0,335900.0,326313.0
1040,Downtown,SplitLevel,13031.0,1988.0,765.0,790.0,1906,1935,3,1,1,0,4,7,2,2.4,8.0,28.2,81.8,True,-0.143,0.64,12.0,429800.0,416010.0
1041,Downtown,1Story,6269.0,2442.0,1270.0,0.0,1967,1971,2,6,3,1,5,7,1,7.94,9.0,47.3,49.0,False,0.946,0.883,79.0,368900.0,365566.0
1042,Suburbia,1.5Story,9539.0,2049.0,206.0,,1997,2005,10,4,2,1,5,6,2,8.39,9.0,37.2,83.7,True,-1.963,0.472,12.0,429500.0,403027.0
1043,Suburbia,2Story,6047.0,1797.0,1611.0,,1919,1958,7,1,2,2,2,5,2,2.63,5.0,37.3,71.4,False,1.497,0.167,77.0,382700.0,374680.0
1044,Suburbia,SplitLevel,10571.0,1053.0,1007.0,815.0,1981,2004,3,1,2,0,4,7,0,4.15,4.0,15.4,91.9,False,0.392,0.579,99.0,304400.0,303167.0
1045,Downtown,1Story,5658.0,1818.0,1206.0,120.0,1959,1961,1,4,3,0,5,8,2,3.6,3.0,34.4,79.0,False,-0.11,0.748,51.0,335600.0,337700.0
1046,Hillcrest,2Story,8215.0,2528.0,1255.0,494.0,1963,1998,8,5,1,2,6,7,2,0.79,4.0,27.0,65.1,False,0.936,0.866,64.0,452800.0,453431.0
1047,Lakeside,2Story,8254.0,1171.0,653.0,418.0,1974,1995,9,5,3,0,6,10,2,6.74,2.0,28.1,72.2,False,0.364,0.379,2.0,381800.0,388765.0
1048,Suburbia,2Story,18301.0,1715.0,566.0,0.0,2009,2026,1,8,1,0,6,8,2,1.26,9.0,24.2,72.8,False,-0.48,0.284,66.0,292000.0,305786.0
1049,Suburbia,1Story,10104.0,1637.0,516.0,484.0,1910,1950,5,6,1,2,3,5,0,1.84,3.0,34.5,104.4,False,-0.773,0.686,15.0,323800.0,334922.0
1050,Lakeside,1.5Story,6585.0,1466.0,846.0,417.0,1925,1937,5,8,2,2,5,6,2,6.11,8.0,17.6,69.5,False,1.5,0.25,42.0,395900.0,397654.0
1051,Suburbia,SplitLevel,10299.0,1986.0,1244.0,490.0,1943,1958,5,3,3,0,2,6,2,7.61,4.0,35.2,65.5,False,-1.479,0.243,51.0,350900.0,340980.0
1052,Downtown,1.5Story,17126.0,2094.0,705.0,456.0,2000,2023,4,3,1,1,3,3,1,4.98,7.0,27.7,64.5,False,-0.197,0.182,76.0,393100.0,389084.0
1053,Lakeside,1Story,4581.0,2088.0,1205.0,250.0,1974,1983,4,6,3,2,3,5,2,11.33,10.0,16.4,71.4,False,-1.41,0.367,78.0,425400.0,423260.0
1054,Downtown,1Story,6034.0,1313.0,0.0,521.0,1923,1928,4,2,2,2,4,8,1,4.99,5.0,0.0,47.6,False,0.488,0.439,92.0,324600.0,298386.0
1055,Hillcrest,SplitLevel,7458.0,945.0,788.0,575.0,1902,1907,10,8,1,1,6,6,1,13.44,10.0,53.9,61.1,False,-0.097,0.725,75.0,368400.0,347606.0
1056,Suburbia,SplitLevel,7002.0,1994.0,1440.0,373.0,2024,2026,10,2,2,0,6,8,2,3.67,4.0,49.9,49.8,False,-1.25,0.108,8.0,346200.0,357534.0
1057,Old Town,2Story,7212.0,1572.0,878.0,0.0,1917,1920,2,10,2,0,6,8,2,9.78,3.0,18.9,52.1,False,-0.869,0.426,68.0,265900.0,257181.0
1058,Lakeside,SplitLevel,5133.0,2861.0,602.0,674.0,1904,1924,8,10,2,2,6,7,1,2.57,8.0,48.6,82.5,True,0.044,0.658,17.0,505800.0,520457.0
1059,Riverside,1Story,13245.0,2886.0,674.0,595.0,1951,1991,6,6,3,2,2,4,2,3.57,2.0,14.5,68.5,False,0.285,0.545,94.0,436300.0,433024.0
1060,Suburbia,SplitLevel,4925.0,2945.0,0.0,593.0,1969,1979,3,4,3,2,6,8,2,1.97,1.0,28.9,54.6,False,-1.937,0.788,86.0,313900.0,330889.0
1061,Old Town,SplitLevel,7555.0,1333.0,525.0,465.0,1932,1933,2,4,1,2,6,8,1,3.62,4.0,24.4,65.3,False,-0.705,0.892,30.0,234100.0,241643.0
1062,Suburbia,1.5Story,11685.0,2163.0,1394.0,643.0,1921,1922,8,5,3,0,5,9,2,12.75,6.0,29.4,63.6,True,0.16,0.213,7.0,591000.0,422082.0
1063,Lakeside,2Story,8018.0,2329.0,705.0,711.0,1910,1916,4,5,1,0,2,4,1,24.77,5.0,47.9,68.9,False,1.21,0.909,90.0,404600.0,410180.0
1064,Suburbia,1Story,5751.0,2267.0,755.0,589.0,1951,1974,2,1,3,0,5,7,1,0.44,1.0,27.0,40.9,True,0.839,0.885,35.0,294500.0,307807.0
1065,Hillcrest,2Story,5054.0,1655.0,0.0,369.0,2019,2026,10,2,3,1,5,9,1,1.27,6.0,28.2,48.4,False,-0.455,0.364,85.0,340300.0,348800.0
1066,Old Town,1.5Story,7476.0,2554.0,265.0,454.0,1918,1934,10,8,3,2,2,4,1,6.36,7.0,49.9,42.1,False,0.999,0.813,8.0,352800.0,364443.0
1067,Hillcrest,2Story,6217.0,1850.0,1450.0,552.0,1972,2002,5,1,1,2,3,4,0,7.56,3.0,36.2,51.8,False,-0.315,0.515,25.0,363700.0,358576.0
1068,Suburbia,1.5Story,8707.0,1920.0,1209.0,594.0,1924,1940,5,5,1,1,5,8,1,7.53,6.0,23.2,55.0,False,-3.122,0.811,40.0,363200.0,348278.0
1069,Downtown,SplitLevel,4962.0,1004.0,405.0,448.0,1984,2009,5,9,3,2,2,5,0,4.14,4.0,39.8,49.4,True,1.441,0.748,12.0,309000.0,311431.0
1070,Hillcrest,2Story,10770.0,2205.0,685.0,369.0,1907,1947,2,1,1,2,3,3,2,9.27,1.0,54.9,81.8,False,0.458,0.962,44.0,352300.0,339518.0
1071,Suburbia,1Story,8438.0,1707.0,938.0,713.0,1925,1931,2,10,2,1,5,8,2,1.31,8.0,56.1,101.1,True,0.188,0.221,92.0,368700.0,375799.0
1072,Suburbia,1Story,8660.0,2106.0,448.0,288.0,1901,1905,3,5,1,2,6,6,2,16.56,5.0,8.5,82.9,False,0.008,0.736,18.0,318300.0,319597.0
1073,Hillcrest,1Story,13418.0,1979.0,108.0,309.0,1981,1989,4,5,1,0,3,3,2,0.64,10.0,9.5,57.8,False,0.303,0.014,41.0,372300.0,350241.0
1074,Old Town,2Story,6952.0,1950.0,883.0,248.0,1990,1996,2,8,1,0,2,4,1,7.64,2.0,55.0,71.8,False,0.007,0.922,8.0,282400.0,284576.0
1075,Suburbia,2Story,6285.0,1825.0,1190.0,309.0,1921,1954,1,8,1,0,6,8,1,1.63,1.0,29.2,66.8,False,-0.289,0.199,65.0,317600.0,304371.0
1076,Hillcrest,1Story,6689.0,2283.0,1199.0,660.0,1957,1992,10,5,3,0,6,8,0,14.3,8.0,0.0,57.0,True,-0.653,0.373,41.0,457800.0,466674.0
1077,Riverside,1Story,7575.0,1741.0,1318.0,665.0,1936,1958,9,1,1,0,6,8,0,7.6,9.0,20.4,91.8,True,0.077,0.843,50.0,437000.0,437222.0
1078,Riverside,1Story,7849.0,1050.0,298.0,448.0,1905,1910,4,10,3,1,4,6,2,8.56,10.0,26.2,104.1,False,-0.881,0.478,51.0,328100.0,338744.0
1079,Suburbia,2Story,6059.0,2163.0,974.0,539.0,1904,1938,7,1,1,2,5,7,2,9.33,10.0,28.7,41.5,False,-1.142,0.664,65.0,241200.0,362060.0
1080,Hillcrest,1Story,3991.0,1405.0,837.0,458.0,2018,2026,2,9,2,1,2,5,1,3.65,4.0,50.3,93.9,False,0.27,0.361,73.0,332500.0,329511.0
1081,Lakeside,1Story,6659.0,1122.0,913.0,269.0,1981,1997,10,5,1,1,5,5,2,2.95,7.0,16.4,57.4,False,0.98,0.555,96.0,396700.0,387351.0
1082,Old Town,2Story,9191.0,1288.0,861.0,815.0,1983,2010,9,6,3,1,5,9,0,1.28,1.0,53.7,63.3,True,-0.796,0.845,72.0,336300.0,343469.0
1083,Old Town,1.5Story,8499.0,2006.0,673.0,0.0,1937,1961,2,8,1,0,5,7,2,12.64,5.0,40.7,73.1,False,-0.622,0.893,84.0,272400.0,274500.0
1084,Suburbia,1Story,12331.0,1797.0,,517.0,1933,1954,3,10,3,2,5,8,0,8.29,9.0,9.3,95.9,False,-1.696,0.456,6.0,360200.0,345529.0
1085,Old Town,1Story,16065.0,677.0,1438.0,323.0,2000,2014,4,2,3,2,6,10,2,2.76,,28.6,73.1,False,-1.316,0.72,12.0,255900.0,270903.0
1086,Suburbia,SplitLevel,10570.0,1639.0,1089.0,424.0,1955,1966,1,9,2,1,5,9,0,2.77,9.0,44.9,75.4,False,-1.278,0.467,43.0,283300.0,313963.0
1087,Suburbia,1Story,13146.0,2493.0,327.0,349.0,1912,1923,4,7,2,2,2,4,2,13.26,10.0,35.8,83.4,False,0.974,0.94,13.0,360200.0,368245.0
1088,Suburbia,1Story,10597.0,1602.0,1149.0,476.0,1961,1975,7,4,1,2,5,8,1,4.86,8.0,42.6,86.2,False,-1.736,0.728,84.0,368400.0,360866.0
1089,Riverside,2Story,14742.0,1759.0,762.0,510.0,1965,1996,8,5,3,2,5,7,1,8.94,7.0,23.3,77.2,False,0.459,0.431,85.0,406000.0,404974.0
1090,Hillcrest,2Story,15488.0,2424.0,774.0,405.0,1971,2004,1,8,3,0,4,8,0,1.77,4.0,46.1,86.3,False,-0.265,0.498,59.0,381900.0,393719.0
1091,Lakeside,2Story,11304.0,2288.0,627.0,227.0,1967,1971,4,2,2,0,5,7,1,5.15,6.0,27.0,57.2,False,0.605,0.183,48.0,394000.0,393088.0
1092,Suburbia,1.5Story,10376.0,2412.0,1176.0,801.0,2008,2010,9,6,3,1,2,6,0,3.75,1.0,85.9,36.8,False,1.166,0.941,85.0,366700.0,371221.0
1093,Hillcrest,SplitLevel,7541.0,500.0,614.0,498.0,1930,1949,9,8,3,0,3,7,1,28.0,6.0,8.6,100.8,False,-0.03,0.255,56.0,317600.0,336961.0
1094,Lakeside,2Story,7987.0,2803.0,489.0,533.0,1974,2005,6,6,2,0,6,10,0,12.01,10.0,89.0,49.3,False,1.134,0.181,95.0,425200.0,429434.0
1095,Riverside,2Story,7199.0,2200.0,1425.0,392.0,2011,2026,8,5,1,0,2,4,2,3.83,2.0,16.0,58.4,False,1.55,0.452,80.0,420200.0,410970.0
1096,Hillcrest,1Story,10071.0,3204.0,875.0,210.0,2023,2026,3,6,1,0,6,6,0,2.1,,60.4,62.0,False,1.346,0.726,33.0,392200.0,395598.0
1097,Lakeside,1Story,6297.0,1420.0,888.0,447.0,2021,2026,9,6,3,0,3,8,1,16.21,9.0,51.5,58.9,True,-0.672,0.683,64.0,388000.0,406768.0
1098,Suburbia,1Story,7579.0,880.0,1241.0,0.0,1991,2019,5,9,3,0,5,9,2,1.41,4.0,16.8,54.9,False,-1.969,0.255,13.0,289900.0,268546.0
1099,Suburbia,1.5Story,3554.0,1854.0,670.0,574.0,1913,1935,7,9,1,2,3,3,1,1.8,6.0,47.0,76.3,False,-0.125,0.265,4.0,347600.0,359908.0
1100,Lakeside,SplitLevel,14810.0,1699.0,753.0,605.0,2024,2026,3,10,3,2,2,4,1,1.88,8.0,25.1,76.5,False,0.178,0.236,8.0,420300.0,415698.0
1101,Downtown,2Story,7501.0,2210.0,1078.0,582.0,1904,1911,2,1,3,0,5,7,2,0.92,8.0,40.5,79.2,False,-1.953,0.603,98.0,420700.0,410394.0
1102,Hillcrest,1.5Story,9504.0,2441.0,303.0,618.0,1969,1999,6,4,2,1,5,6,0,3.18,7.0,38.0,78.0,False,0.061,0.957,12.0,412300.0,407124.0
1103,Suburbia,1Story,13497.0,1802.0,1043.0,749.0,1956,1968,6,9,2,1,2,4,1,0.64,1.0,,60.5,False,-2.573,0.889,20.0,356600.0,359506.0
1104,Suburbia,1Story,9001.0,1718.0,633.0,,1985,2014,6,7,3,0,3,8,1,5.29,1.0,26.4,60.5,False,1.546,0.505,68.0,293800.0,316242.0
1105,Downtown,SplitLevel,13434.0,2137.0,,0.0,1998,2011,9,4,3,0,3,8,2,13.71,8.0,41.8,88.1,False,0.477,0.378,17.0,450200.0,435685.0
1106,Suburbia,2Story,5247.0,1709.0,1180.0,539.0,1992,1992,8,7,2,2,6,7,1,3.01,10.0,16.9,58.6,False,-0.818,0.396,11.0,375000.0,389454.0
1107,Downtown,1.5Story,18752.0,1663.0,1124.0,156.0,1928,1955,4,5,2,1,3,5,1,2.93,3.0,17.7,58.3,False,0.127,0.806,69.0,371500.0,359426.0
1108,Hillcrest,1.5Story,11855.0,2420.0,275.0,0.0,1995,2026,5,9,3,2,2,5,1,6.14,6.0,54.1,84.7,False,0.25,0.651,95.0,391900.0,378119.0
1109,Old Town,SplitLevel,8719.0,2543.0,907.0,321.0,1995,2013,1,6,3,0,6,9,0,3.71,1.0,43.6,67.7,False,0.483,0.041,12.0,286200.0,301357.0
1110,Lakeside,1Story,13343.0,2446.0,456.0,497.0,1903,1908,8,5,2,1,2,3,1,4.61,2.0,8.9,58.9,False,0.069,0.076,65.0,424400.0,439722.0
1111,Downtown,1Story,5383.0,1757.0,935.0,333.0,1980,1996,2,7,2,0,4,6,2,2.37,5.0,14.9,59.1,False,0.945,0.481,53.0,342900.0,347762.0
1112,Hillcrest,SplitLevel,7325.0,673.0,0.0,0.0,1916,1955,1,2,3,0,2,6,1,5.84,1.0,,88.2,False,-1.268,0.532,95.0,225500.0,214150.0
1113,Suburbia,1.5Story,13433.0,1768.0,303.0,617.0,1970,1983,6,8,1,1,3,5,2,4.68,6.0,53.2,78.5,False,-0.129,0.961,95.0,336400.0,343800.0
1114,Old Town,1Story,4216.0,1433.0,1449.0,0.0,1928,1930,10,3,3,0,5,10,0,12.94,6.0,48.8,72.3,False,1.787,0.141,56.0,308800.0,307617.0
1115,Old Town,1.5Story,9859.0,1779.0,1105.0,719.0,1945,1976,4,1,1,2,2,5,1,15.37,1.0,13.2,47.0,True,-0.352,0.808,88.0,299800.0,306051.0
1116,Downtown,2Story,9762.0,1481.0,801.0,192.0,1934,1943,2,1,3,0,5,8,0,15.81,6.0,48.0,72.3,False,0.241,0.895,20.0,319200.0,309519.0
1117,Downtown,1Story,16143.0,1839.0,568.0,268.0,2008,2009,2,1,3,2,4,9,2,2.17,5.0,74.7,64.2,False,-0.995,0.378,59.0,308900.0,316776.0
1118,Suburbia,SplitLevel,4656.0,1278.0,495.0,928.0,2014,2026,9,2,1,1,5,8,2,2.38,1.0,4.2,51.6,False,2.157,0.162,16.0,306100.0,314969.0
1119,Lakeside,1Story,14234.0,1146.0,1034.0,0.0,2000,2013,7,1,3,1,2,5,1,13.25,3.0,22.7,57.2,False,0.285,0.246,2.0,317600.0,330413.0
1120,Old Town,1Story,6662.0,2522.0,806.0,496.0,1991,1996,5,4,3,0,3,6,1,8.87,6.0,3.8,80.5,False,-1.259,0.663,76.0,360400.0,373597.0
1121,Suburbia,SplitLevel,6930.0,1317.0,1600.0,465.0,1945,1947,10,10,2,2,2,5,2,3.89,9.0,54.0,90.4,False,1.09,0.07,56.0,412800.0,399608.0
1122,Downtown,1.5Story,5283.0,1850.0,872.0,451.0,1918,1925,2,2,2,1,6,10,0,5.79,5.0,33.1,49.0,False,-1.073,0.886,0.0,322400.0,326807.0
1123,Suburbia,SplitLevel,5537.0,2375.0,975.0,151.0,1971,1977,7,7,2,2,6,10,1,1.0,7.0,27.0,51.2,False,0.684,0.757,80.0,347500.0,359250.0
1124,Lakeside,1Story,9332.0,2353.0,367.0,336.0,1953,1953,4,9,1,2,4,7,0,1.54,5.0,39.5,80.5,False,1.03,0.794,87.0,390000.0,410686.0
1125,Hillcrest,SplitLevel,5490.0,2287.0,799.0,442.0,1935,1950,3,9,2,2,4,8,1,2.67,,23.9,60.6,False,2.027,0.74,39.0,380100.0,383441.0
1126,Riverside,2Story,10500.0,2017.0,1024.0,345.0,1930,1963,10,4,3,0,2,4,2,6.4,10.0,27.0,77.9,False,0.224,0.129,2.0,429600.0,439738.0
1127,Riverside,1Story,6425.0,2248.0,793.0,366.0,1920,1936,10,1,2,0,6,7,2,2.94,5.0,40.5,60.4,True,0.049,0.731,29.0,391200.0,403743.0
1128,Suburbia,1Story,5300.0,2605.0,746.0,869.0,2004,2005,9,4,2,0,5,9,0,12.14,,22.8,78.4,False,-2.027,0.599,60.0,405500.0,415120.0
1129,Suburbia,1.5Story,6736.0,2084.0,1087.0,420.0,1940,1976,2,7,2,1,2,4,0,4.09,6.0,25.6,43.3,True,-0.457,0.051,5.0,333000.0,331474.0
1130,Old Town,SplitLevel,9117.0,840.0,1586.0,504.0,2015,2026,8,8,2,2,4,5,1,0.77,9.0,31.9,77.9,False,-0.714,0.285,38.0,323900.0,338226.0
1131,Old Town,1.5Story,7353.0,1559.0,1011.0,499.0,1984,2023,4,2,3,2,2,5,2,0.44,6.0,36.8,30.2,False,-0.181,0.423,21.0,266000.0,269812.0
1132,Riverside,1Story,8201.0,2233.0,1431.0,554.0,1920,1943,4,4,2,1,4,6,0,5.72,4.0,47.0,84.7,False,-0.52,0.543,61.0,400100.0,389166.0
1133,Downtown,1Story,10339.0,1505.0,1211.0,384.0,1907,1926,2,7,1,1,5,7,1,6.22,8.0,46.7,67.4,False,0.786,0.181,20.0,341000.0,347856.0
1134,Suburbia,1Story,11835.0,2741.0,1405.0,0.0,1952,1972,6,8,1,2,3,3,0,4.41,2.0,5.0,75.9,False,-0.56,0.527,78.0,386600.0,399810.0
1135,Old Town,1Story,7270.0,1815.0,694.0,531.0,1910,1910,9,4,3,1,4,7,1,1.42,3.0,63.2,72.3,False,0.476,0.958,30.0,342800.0,329719.0
1136,Hillcrest,2Story,5622.0,1897.0,863.0,,2020,2026,3,9,1,2,5,6,1,4.5,2.0,36.2,37.3,False,-0.116,0.355,11.0,317200.0,318311.0
1137,Riverside,1Story,8322.0,2469.0,865.0,443.0,2014,2026,6,9,2,1,2,3,0,6.82,10.0,28.4,92.6,False,-0.623,0.151,27.0,435400.0,437580.0
1138,Hillcrest,SplitLevel,9554.0,1749.0,1179.0,432.0,1982,1994,7,4,3,1,2,7,0,6.48,10.0,16.9,74.0,False,-0.714,0.469,94.0,407400.0,400944.0
1139,Downtown,1.5Story,4860.0,1947.0,1283.0,425.0,1936,1970,7,6,1,2,4,4,0,12.85,10.0,74.8,81.6,False,0.233,0.451,79.0,412200.0,413270.0
1140,Suburbia,1.5Story,5933.0,2345.0,1003.0,541.0,2009,2026,3,5,1,2,4,7,1,11.71,,82.2,53.6,True,1.371,0.917,59.0,318900.0,318030.0
1141,Hillcrest,1Story,6300.0,1040.0,1318.0,562.0,1981,2000,1,7,2,1,3,5,0,2.27,,72.3,72.3,False,-0.731,0.462,20.0,286700.0,306159.0
1142,Suburbia,1Story,7535.0,1693.0,713.0,543.0,1945,1977,9,4,2,1,4,7,0,2.75,3.0,37.4,44.4,False,0.048,0.243,38.0,308000.0,318338.0
1143,Suburbia,2Story,6208.0,2306.0,1322.0,514.0,2010,2019,6,4,1,1,2,3,2,1.74,10.0,41.9,70.7,True,0.484,0.224,46.0,711600.0,422078.0
1144,Suburbia,1Story,10378.0,1886.0,1377.0,474.0,1926,1963,8,5,2,2,5,9,2,3.97,4.0,64.8,51.1,False,-0.02,0.035,97.0,336700.0,349564.0
1145,Hillcrest,1Story,4620.0,2657.0,1235.0,120.0,1971,1999,6,3,3,0,5,10,1,0.69,4.0,30.2,158.1,False,-1.76,0.741,32.0,482500.0,481635.0
1146,Hillcrest,2Story,4662.0,983.0,1006.0,584.0,1987,2017,4,6,1,2,3,4,1,10.09,7.0,45.8,78.9,False,0.479,0.268,81.0,351600.0,330081.0
1147,Suburbia,2Story,7209.0,920.0,1250.0,0.0,2014,2026,3,10,2,2,5,6,0,0.47,8.0,39.5,92.0,False,-1.506,0.788,28.0,308900.0,300368.0
1148,Suburbia,1.5Story,7620.0,2273.0,575.0,302.0,1917,1950,7,4,1,0,3,3,0,11.73,,73.4,63.5,False,-1.493,0.55,16.0,320900.0,317278.0
1149,Riverside,1Story,4870.0,2326.0,1033.0,505.0,1936,1957,9,9,3,1,3,7,0,27.42,9.0,63.7,75.2,False,-1.305,0.712,77.0,401600.0,411481.0
1150,Old Town,1Story,6553.0,1744.0,1076.0,564.0,2005,2026,4,5,2,1,3,7,0,6.6,1.0,32.2,84.3,False,-0.162,0.203,8.0,303500.0,311255.0
1151,Downtown,2Story,7042.0,2070.0,392.0,647.0,1962,1989,1,2,3,1,6,8,0,4.19,9.0,65.5,48.7,False,-0.964,0.155,76.0,333900.0,337765.0
1152,Suburbia,1Story,7061.0,2260.0,1149.0,0.0,1995,2013,2,5,3,0,4,6,2,16.58,,34.9,55.9,False,-1.435,0.418,92.0,301700.0,297525.0
1153,Downtown,1Story,8545.0,1402.0,425.0,511.0,1997,2005,6,5,1,2,5,6,2,4.0,6.0,24.1,85.5,False,0.38,0.357,14.0,387000.0,371214.0
1154,Downtown,1Story,6428.0,1461.0,770.0,611.0,1938,1975,3,1,3,1,3,8,2,12.83,9.0,29.3,64.1,False,-0.027,0.506,58.0,340600.0,339120.0
1155,Riverside,1Story,13592.0,1954.0,967.0,411.0,1941,1943,9,5,1,2,6,9,0,2.86,1.0,37.9,54.5,False,0.758,0.748,16.0,359500.0,366561.0
1156,Downtown,2Story,9613.0,2347.0,643.0,526.0,1962,1963,3,2,2,0,5,6,1,7.11,9.0,19.3,56.6,False,-0.73,0.909,46.0,395400.0,396616.0
1157,Downtown,SplitLevel,6109.0,1209.0,985.0,361.0,1903,1904,5,8,1,2,2,5,1,0.57,3.0,24.6,46.0,False,-0.064,0.594,46.0,328100.0,321676.0
1158,Downtown,2Story,8376.0,1741.0,978.0,638.0,2000,2004,3,6,1,1,3,4,0,8.68,10.0,6.1,32.7,False,0.8,0.226,7.0,375400.0,371261.0
1159,Hillcrest,1Story,8463.0,1716.0,606.0,,1914,1924,5,4,2,1,4,5,1,10.9,8.0,18.6,37.5,False,-1.313,0.295,18.0,308500.0,311548.0
1160,Suburbia,2Story,12396.0,2080.0,1189.0,591.0,2017,2026,7,1,2,1,4,6,1,2.21,,39.7,68.8,False,-0.662,0.906,54.0,366100.0,379922.0
1161,Downtown,1Story,6567.0,1845.0,629.0,463.0,1998,2009,8,6,2,2,6,10,0,6.03,1.0,55.8,80.1,False,0.993,0.21,83.0,393600.0,380240.0
1162,Suburbia,2Story,10600.0,1550.0,1911.0,614.0,1944,1962,8,8,2,1,4,6,0,6.15,2.0,53.3,113.3,True,0.02,0.095,27.0,433700.0,436975.0
1163,Suburbia,SplitLevel,8223.0,2537.0,904.0,0.0,1909,1927,6,5,3,1,4,8,1,2.88,2.0,43.6,67.3,True,-0.151,0.921,83.0,359400.0,356336.0
1164,Lakeside,1Story,13658.0,1553.0,458.0,474.0,1999,2016,5,10,2,1,3,4,0,5.95,1.0,4.4,45.0,False,-0.039,0.027,19.0,351200.0,359545.0
1165,Downtown,1Story,12731.0,1689.0,537.0,470.0,1956,1958,4,2,2,0,6,7,1,18.87,,17.8,67.5,False,1.223,0.749,2.0,337500.0,346202.0
1166,Suburbia,2Story,8681.0,975.0,1432.0,529.0,1924,1946,10,8,2,0,5,6,1,2.44,9.0,31.1,80.7,False,-0.024,0.146,39.0,392400.0,386237.0
1167,Suburbia,2Story,7392.0,1458.0,778.0,292.0,1954,1966,8,5,1,2,5,6,2,11.56,8.0,54.3,86.5,False,0.046,0.666,0.0,326300.0,341962.0
1168,Riverside,1Story,9675.0,2134.0,377.0,562.0,2013,2026,9,4,2,0,5,6,2,5.13,8.0,23.9,84.8,False,-0.017,0.186,3.0,401300.0,415658.0
1169,Suburbia,1Story,7607.0,2026.0,1309.0,165.0,1986,1988,8,3,3,0,5,9,1,11.44,10.0,10.6,78.3,False,-1.616,0.897,30.0,403900.0,385198.0
1170,Downtown,1Story,14590.0,2180.0,775.0,353.0,1986,2021,1,5,1,1,5,8,1,1.2,7.0,64.0,69.7,False,0.503,0.05,59.0,368100.0,357847.0
1171,Hillcrest,SplitLevel,8329.0,2153.0,1224.0,210.0,1964,1993,3,1,2,0,3,6,1,4.58,1.0,20.3,81.3,False,-0.821,0.304,96.0,357300.0,352178.0
1172,Suburbia,1.5Story,7031.0,2998.0,1343.0,593.0,1919,1933,5,7,3,1,4,7,0,4.74,5.0,12.4,46.7,False,-1.262,0.783,62.0,403700.0,416943.0
1173,Lakeside,SplitLevel,6899.0,1439.0,1065.0,524.0,2019,2026,4,5,1,1,2,3,0,1.33,8.0,39.5,31.9,False,-1.746,0.567,67.0,344200.0,341452.0
1174,Suburbia,2Story,5300.0,959.0,1956.0,533.0,1993,2005,10,7,2,2,3,4,0,2.22,5.0,34.0,105.7,False,-1.539,0.422,69.0,403700.0,404608.0
1175,Riverside,1.5Story,9846.0,1272.0,226.0,696.0,1964,2004,5,6,1,1,3,3,0,4.71,4.0,25.0,67.2,False,-2.269,0.436,52.0,306100.0,311561.0
1176,Suburbia,1Story,6081.0,1463.0,606.0,,1991,2019,3,10,2,1,3,4,1,6.73,5.0,35.0,77.6,True,-1.025,0.502,2.0,311200.0,312345.0
1177,Riverside,1Story,11901.0,1314.0,843.0,558.0,1945,1963,6,1,2,1,4,7,0,1.91,8.0,16.5,22.0,False,-0.435,0.995,34.0,283000.0,300690.0
1178,Hillcrest,SplitLevel,5154.0,1902.0,1900.0,471.0,1993,2019,4,5,3,1,4,7,1,3.09,4.0,24.8,95.8,False,1.061,0.674,17.0,388100.0,413678.0
1179,Lakeside,1.5Story,8472.0,2539.0,1705.0,446.0,2021,2023,2,6,1,2,4,6,2,1.38,,34.3,88.8,False,0.061,0.487,56.0,466500.0,462818.0
1180,Lakeside,SplitLevel,12120.0,2697.0,1491.0,669.0,1943,1977,10,3,2,2,6,8,2,0.99,5.0,0.0,39.8,False,0.253,0.322,77.0,510300.0,508251.0
1181,Suburbia,1.5Story,3815.0,2127.0,616.0,793.0,1901,1925,10,7,3,0,3,6,1,28.0,5.0,54.1,62.3,False,1.279,0.504,42.0,371900.0,368802.0
1182,Downtown,2Story,16422.0,3028.0,665.0,391.0,1993,2005,8,4,1,2,2,3,1,5.33,3.0,7.5,72.8,True,-2.851,0.923,57.0,510500.0,500947.0
1183,Downtown,1.5Story,6982.0,1654.0,602.0,593.0,2007,2026,4,8,2,2,5,7,1,6.43,3.0,16.2,45.3,False,0.392,0.219,63.0,353900.0,347569.0
1184,Lakeside,1Story,8513.0,952.0,621.0,511.0,2004,2004,9,10,1,0,3,3,1,6.65,2.0,55.0,76.8,False,0.315,0.345,0.0,385500.0,367148.0
1185,Lakeside,SplitLevel,9897.0,2429.0,1577.0,513.0,2022,2026,3,9,2,1,6,7,2,1.39,,46.4,86.8,False,0.824,0.065,74.0,487100.0,472540.0
1186,Suburbia,SplitLevel,10448.0,839.0,848.0,500.0,1943,1981,9,7,3,1,5,10,1,6.5,3.0,36.7,73.8,False,-1.796,0.629,73.0,307900.0,307146.0
1187,Hillcrest,2Story,8918.0,1435.0,903.0,407.0,2015,2026,9,8,2,1,3,4,1,6.93,10.0,0.8,39.8,True,-0.574,0.767,96.0,408200.0,406239.0
1188,Old Town,2Story,11488.0,2136.0,1275.0,120.0,1926,1927,2,9,2,2,4,6,2,8.56,10.0,22.9,49.3,False,-0.931,0.632,41.0,334300.0,331520.0
1189,Downtown,2Story,9717.0,1794.0,251.0,706.0,1973,1997,4,10,3,0,6,9,2,7.48,7.0,30.7,65.8,False,-1.288,0.812,97.0,372400.0,391419.0
1190,Suburbia,1Story,15008.0,1745.0,972.0,349.0,2011,2026,7,8,2,1,6,8,2,2.53,10.0,32.1,63.5,False,2.313,0.771,26.0,378900.0,367542.0
1191,Hillcrest,2Story,9728.0,1201.0,489.0,421.0,2015,2026,3,10,2,1,3,6,2,19.18,9.0,57.8,63.9,True,-0.566,0.972,40.0,331900.0,324654.0
1192,Hillcrest,1.5Story,16117.0,1844.0,826.0,425.0,1978,1991,9,10,1,0,2,4,1,9.65,8.0,74.9,63.2,False,0.927,0.452,75.0,375300.0,395858.0
1193,Suburbia,1Story,11108.0,2402.0,704.0,335.0,1968,1995,7,2,1,2,2,4,2,5.67,4.0,47.3,35.5,False,0.706,0.084,49.0,343200.0,323985.0
1194,Old Town,SplitLevel,4307.0,1861.0,682.0,498.0,1958,1975,3,6,1,1,6,7,1,6.29,9.0,24.3,82.5,False,-1.44,0.535,36.0,310500.0,315750.0
1195,Suburbia,2Story,20209.0,1393.0,1045.0,453.0,2009,2026,8,4,2,0,5,9,2,2.63,4.0,59.3,79.3,False,-0.525,0.771,57.0,353100.0,354676.0
1196,Lakeside,1Story,6627.0,1164.0,1043.0,345.0,2010,2026,1,10,2,0,5,6,0,18.1,2.0,23.2,77.4,False,0.06,0.407,45.0,322100.0,323847.0
1197,Lakeside,2Story,13677.0,1405.0,858.0,484.0,1930,1967,4,8,2,0,5,7,0,4.78,6.0,0.0,75.7,False,0.395,0.449,9.0,405200.0,407357.0
1198,Suburbia,SplitLevel,8179.0,2066.0,1106.0,0.0,1917,1934,2,9,2,1,5,7,0,1.64,2.0,10.0,62.9,False,0.331,0.737,86.0,334500.0,304823.0
1199,Hillcrest,2Story,11747.0,2039.0,585.0,608.0,2002,2026,1,4,3,2,4,7,2,5.22,1.0,0.0,57.1,False,1.753,0.017,76.0,345500.0,348729.0
1200,Suburbia,2Story,6368.0,1410.0,1236.0,246.0,2002,2007,8,9,2,2,3,6,0,6.83,1.0,27.3,49.7,False,0.91,0.657,14.0,315900.0,319907.0
1201,Riverside,2Story,10087.0,634.0,863.0,331.0,1912,1942,2,1,2,1,3,4,0,3.45,10.0,31.4,95.8,False,0.657,0.707,21.0,291300.0,291046.0
1202,Riverside,SplitLevel,7416.0,2081.0,747.0,576.0,1961,1991,7,10,2,2,3,7,2,3.87,1.0,3.1,67.6,False,0.968,0.971,56.0,385000.0,395526.0
1203,Suburbia,2Story,14082.0,1356.0,616.0,358.0,1963,1994,1,3,3,2,5,7,2,2.49,4.0,17.9,38.1,True,1.353,0.73,45.0,271600.0,267998.0
1204,Suburbia,1Story,9448.0,2229.0,849.0,315.0,1905,1905,9,6,3,1,2,5,2,4.66,8.0,6.5,67.5,False,-0.623,0.131,10.0,392900.0,403081.0
1205,Downtown,1.5Story,11244.0,1434.0,1736.0,366.0,1983,2001,10,8,3,1,2,6,1,3.72,,32.5,30.5,False,-1.58,0.498,35.0,624100.0,414853.0
1206,Downtown,1.5Story,3799.0,1307.0,923.0,444.0,2022,2026,4,8,2,2,5,9,2,4.88,1.0,17.9,72.5,False,-0.607,0.406,97.0,334200.0,347106.0
1207,Suburbia,2Story,7864.0,1934.0,469.0,444.0,1926,1963,5,3,3,1,5,9,1,1.05,9.0,55.2,70.6,False,-1.374,0.401,28.0,328800.0,336109.0
1208,Riverside,2Story,9355.0,3147.0,1336.0,426.0,1998,2020,7,6,2,2,2,5,2,2.17,10.0,38.4,58.2,True,-0.983,0.785,31.0,485200.0,497588.0
1209,Lakeside,1Story,8763.0,2262.0,752.0,295.0,1910,1935,6,6,2,0,2,3,1,8.17,10.0,67.1,51.1,False,0.1,0.581,81.0,392200.0,398832.0
1210,Hillcrest,2Story,11344.0,1925.0,1069.0,584.0,1927,1944,1,8,2,2,3,6,0,7.49,7.0,25.9,78.1,False,-0.553,0.731,91.0,363300.0,385430.0
1211,Suburbia,1.5Story,7129.0,2047.0,696.0,672.0,1971,1975,10,4,2,1,2,5,0,2.13,6.0,77.9,66.5,False,0.648,0.746,18.0,338400.0,368696.0
1212,Suburbia,1Story,8243.0,887.0,1488.0,154.0,2016,2026,10,8,1,2,3,3,2,2.27,2.0,35.1,33.0,False,0.304,0.688,36.0,285300.0,289324.0
1213,Riverside,1Story,12252.0,1233.0,702.0,211.0,2011,2026,5,7,2,1,6,8,0,2.16,2.0,24.4,89.7,False,0.365,0.758,84.0,299100.0,318064.0
1214,Hillcrest,2Story,3650.0,500.0,1537.0,620.0,2017,2026,6,8,2,2,6,10,0,0.6,9.0,83.2,51.1,True,-1.265,0.219,84.0,353500.0,332000.0
1215,Lakeside,1Story,9959.0,2801.0,509.0,711.0,2024,2026,2,9,2,2,3,7,2,17.1,9.0,0.0,44.3,False,-0.878,0.099,40.0,432900.0,437297.0
1216,Riverside,2Story,7209.0,2690.0,827.0,0.0,2000,2016,8,5,1,0,3,3,2,13.2,9.0,23.9,92.5,False,-1.91,0.161,76.0,446000.0,437278.0
1217,Hillcrest,1.5Story,5888.0,2066.0,1538.0,590.0,1945,1972,6,5,3,0,6,10,1,2.7,7.0,1.7,87.1,True,0.568,0.809,30.0,471600.0,467801.0
1218,Riverside,2Story,9116.0,1924.0,1021.0,722.0,1916,1930,3,8,3,0,4,7,0,17.3,6.0,0.0,60.4,False,1.922,0.956,23.0,365100.0,378298.0
1219,Suburbia,SplitLevel,12452.0,997.0,1904.0,322.0,2003,2026,4,8,2,1,3,7,1,2.64,2.0,0.0,45.5,False,0.179,0.937,94.0,290500.0,295715.0
1220,Downtown,1.5Story,11657.0,1729.0,837.0,713.0,1923,1959,1,9,2,0,5,8,0,4.46,1.0,47.3,51.6,False,0.268,0.013,64.0,344300.0,335148.0
1221,Downtown,2Story,7729.0,2836.0,1058.0,432.0,1965,1984,8,6,2,1,4,6,1,3.25,3.0,8.4,60.1,False,-0.532,0.995,78.0,484300.0,475920.0
1222,Lakeside,2Story,11009.0,1922.0,1750.0,510.0,1995,1995,1,7,2,1,6,10,1,3.73,5.0,29.9,89.9,False,-0.217,0.887,23.0,451400.0,440710.0
1223,Old Town,1Story,10980.0,1539.0,314.0,0.0,1904,1931,6,1,2,2,6,7,2,9.63,4.0,52.8,91.3,False,1.275,0.199,1.0,254500.0,262648.0
1224,Suburbia,2Story,7859.0,883.0,262.0,620.0,2015,2026,9,5,3,2,5,8,0,9.24,6.0,44.3,71.0,True,0.091,0.557,1.0,326100.0,318867.0
1225,Lakeside,2Story,6358.0,2609.0,616.0,594.0,1938,1967,1,3,1,2,6,9,1,7.44,8.0,43.3,79.7,False,0.639,0.985,69.0,414100.0,421543.0
1226,Old Town,SplitLevel,6488.0,1811.0,1292.0,736.0,1927,1941,2,9,2,2,4,5,0,27.86,8.0,59.3,64.2,False,1.301,0.471,30.0,312600.0,300093.0
1227,Riverside,1Story,10864.0,884.0,274.0,690.0,1946,1969,8,2,2,1,4,5,1,7.06,9.0,67.2,52.3,False,1.1,0.953,51.0,300200.0,288121.0
1228,Riverside,2Story,7984.0,1342.0,1201.0,459.0,1958,1972,9,8,1,2,2,5,2,8.42,3.0,10.0,41.0,True,0.032,0.544,71.0,362200.0,379190.0
1229,Old Town,1Story,5619.0,1147.0,1171.0,957.0,1957,1988,1,9,1,2,2,3,0,1.18,10.0,44.7,73.8,False,0.106,0.344,76.0,306200.0,302814.0
1230,Downtown,2Story,4493.0,1778.0,1796.0,676.0,1919,1948,3,5,3,2,2,7,2,2.7,9.0,29.6,84.2,True,-0.386,0.161,17.0,445400.0,458952.0
1231,Lakeside,SplitLevel,10842.0,1964.0,1389.0,,1923,1948,7,7,3,1,6,8,2,13.53,4.0,32.1,58.8,False,0.499,0.104,57.0,442000.0,431806.0
1232,Riverside,2Story,6692.0,1573.0,1103.0,0.0,1960,1975,6,6,2,1,3,6,0,1.68,3.0,4.8,89.4,False,-0.413,0.707,62.0,348000.0,361997.0
1233,Lakeside,1.5Story,9096.0,2277.0,1521.0,215.0,1928,1935,6,7,1,2,5,5,2,5.67,9.0,24.4,61.1,False,0.35,0.328,56.0,459900.0,455951.0
1234,Suburbia,1.5Story,12505.0,1893.0,1176.0,229.0,1980,2005,3,7,2,1,4,6,1,1.38,10.0,26.5,69.5,True,1.038,0.408,76.0,374500.0,365392.0
1235,Lakeside,2Story,5125.0,2434.0,757.0,311.0,2013,2026,6,3,3,1,5,7,2,1.99,5.0,63.6,64.0,False,-1.686,0.937,35.0,419200.0,418364.0
1236,Downtown,2Story,7976.0,1654.0,469.0,680.0,1902,1939,1,7,1,1,3,4,1,14.92,2.0,11.9,90.3,True,-1.857,0.2,31.0,524200.0,375176.0
1237,Lakeside,1Story,7633.0,3525.0,711.0,538.0,1904,1906,9,10,1,0,6,7,2,6.13,7.0,0.0,76.9,False,-0.045,0.373,31.0,564400.0,560822.0
1238,Hillcrest,SplitLevel,9255.0,1540.0,933.0,362.0,1981,2015,6,4,2,0,4,8,0,4.85,,34.9,66.9,False,0.669,0.91,10.0,369600.0,350194.0
1239,Lakeside,1Story,12503.0,1353.0,,438.0,1903,1934,4,4,2,2,3,6,0,3.35,5.0,9.9,69.4,False,0.287,0.941,4.0,360700.0,374289.0
1240,Downtown,1.5Story,5088.0,1286.0,53.0,419.0,1980,2001,4,3,2,2,4,5,1,0.65,2.0,32.2,46.6,False,-1.211,0.803,59.0,274300.0,279035.0
1241,Suburbia,1.5Story,9891.0,1734.0,858.0,588.0,1961,2001,4,10,1,1,3,4,2,5.18,8.0,48.2,27.8,False,0.9,0.383,99.0,283800.0,307538.0
1242,Hillcrest,SplitLevel,11626.0,904.0,962.0,319.0,1957,1986,5,9,3,1,5,10,1,17.12,8.0,33.0,58.4,False,1.908,0.125,13.0,302300.0,305998.0
1243,Hillcrest,1Story,7591.0,2012.0,1180.0,516.0,1976,1977,2,4,2,0,3,5,0,14.08,9.0,26.4,64.5,False,-0.869,0.789,25.0,343900.0,358605.0
1244,Downtown,1Story,7723.0,802.0,1633.0,508.0,2012,2026,7,10,3,0,2,6,2,2.95,9.0,31.9,77.6,False,-0.725,0.839,0.0,561200.0,399475.0
1245,Hillcrest,1.5Story,9381.0,1939.0,1028.0,324.0,1916,1950,2,8,3,2,5,9,1,5.1,5.0,51.9,65.1,False,0.026,0.715,24.0,326800.0,346093.0
1246,Lakeside,2Story,9142.0,1107.0,,714.0,1916,1947,4,5,2,1,6,10,1,4.06,,11.9,59.6,False,-0.126,0.337,13.0,353100.0,358970.0
1247,Suburbia,SplitLevel,9935.0,1640.0,186.0,413.0,1987,1993,9,9,2,0,3,6,1,7.42,,49.6,22.0,False,1.203,0.652,99.0,277000.0,273874.0
1248,Lakeside,2Story,9862.0,2182.0,1239.0,301.0,1906,1912,6,10,3,1,6,10,2,1.54,2.0,14.9,77.5,False,0.284,0.702,26.0,472100.0,466210.0
1249,Old Town,2Story,5746.0,3117.0,585.0,596.0,1954,1991,10,9,3,0,2,7,2,19.0,9.0,47.0,71.8,False,-0.292,0.887,93.0,461300.0,448903.0
1250,Old Town,SplitLevel,11460.0,1257.0,1314.0,469.0,1962,1963,7,5,3,2,3,6,1,0.67,10.0,4.1,82.6,False,-0.59,0.139,67.0,370300.0,358651.0
1251,Downtown,1Story,12190.0,1767.0,1537.0,525.0,1949,1987,8,3,3,0,2,7,2,4.55,7.0,45.9,68.5,False,-1.528,0.264,30.0,413200.0,427185.0
1252,Downtown,2Story,8648.0,1452.0,301.0,,1967,1989,1,2,1,2,3,6,2,1.89,,33.0,88.6,False,1.37,0.404,33.0,323500.0,332651.0
1253,Downtown,2Story,4803.0,1372.0,1183.0,590.0,1914,1947,6,9,2,0,5,7,0,4.85,4.0,36.9,58.1,False,0.628,0.812,9.0,379800.0,377366.0
1254,Suburbia,1Story,7784.0,1457.0,1493.0,808.0,1933,1941,4,8,2,0,6,10,2,3.91,8.0,54.2,67.3,False,-0.09,0.894,91.0,350300.0,347690.0
1255,Downtown,SplitLevel,8674.0,2303.0,1378.0,258.0,1900,1914,1,8,2,2,6,8,1,5.51,4.0,18.6,72.3,False,0.109,0.278,80.0,407300.0,390265.0
1256,Suburbia,2Story,5428.0,1582.0,70.0,517.0,2021,2026,1,1,1,2,6,9,1,8.3,4.0,34.5,79.9,False,-0.108,0.504,74.0,255700.0,259266.0
1257,Suburbia,2Story,7143.0,3087.0,591.0,334.0,2004,2010,2,10,1,1,5,5,1,4.99,7.0,41.1,75.5,True,-1.766,0.608,2.0,417400.0,407919.0
1258,Suburbia,1Story,4948.0,2079.0,412.0,890.0,1931,1935,1,2,1,0,3,4,0,7.78,2.0,29.0,76.6,False,-1.421,0.165,98.0,432600.0,300666.0
1259,Riverside,SplitLevel,10022.0,1294.0,1170.0,658.0,1904,1928,5,6,1,0,6,7,2,0.81,5.0,49.3,72.8,False,-0.204,0.792,24.0,345100.0,340687.0
1260,Old Town,2Story,8588.0,1648.0,1124.0,0.0,1934,1934,1,10,3,1,2,5,2,11.35,5.0,41.6,64.5,True,-0.221,0.471,66.0,293800.0,289013.0
1261,Downtown,SplitLevel,4555.0,1409.0,0.0,264.0,2020,2026,9,3,2,1,6,8,2,8.99,5.0,23.4,84.2,False,-0.012,0.895,57.0,348700.0,348940.0
1262,Hillcrest,SplitLevel,9164.0,2290.0,824.0,302.0,2002,2026,6,6,3,1,6,11,1,4.46,8.0,,37.9,False,1.698,0.548,2.0,347000.0,359119.0
1263,Hillcrest,2Story,7944.0,949.0,1286.0,0.0,1983,2012,10,9,3,2,2,5,0,3.95,3.0,46.2,56.7,True,-0.286,0.833,39.0,359200.0,355760.0
1264,Old Town,SplitLevel,9708.0,1112.0,1012.0,242.0,2016,2026,1,3,3,2,5,9,1,2.55,2.0,18.1,96.7,False,-0.763,0.049,14.0,261900.0,253942.0
1265,Riverside,1.5Story,7065.0,1525.0,1011.0,247.0,1922,1947,1,2,3,0,6,8,0,4.96,7.0,17.9,55.9,False,0.053,0.439,17.0,289900.0,288556.0
1266,Suburbia,1Story,6121.0,2226.0,797.0,461.0,1967,2006,9,5,2,2,5,6,1,2.94,1.0,30.6,66.6,False,-1.397,0.419,26.0,334500.0,368717.0
1267,Lakeside,1Story,6187.0,2528.0,505.0,481.0,2000,2000,4,8,1,1,6,7,2,4.07,10.0,43.9,93.0,False,0.156,0.194,0.0,450500.0,452681.0
1268,Old Town,SplitLevel,6712.0,2609.0,943.0,521.0,1902,1912,8,6,1,0,3,3,0,1.53,10.0,0.0,65.7,False,-0.725,0.562,70.0,418400.0,409988.0
1269,Riverside,1.5Story,8157.0,2141.0,972.0,390.0,1954,1982,2,5,2,2,5,6,1,1.67,4.0,19.0,53.0,False,0.225,0.751,74.0,327900.0,339976.0
1270,Riverside,1.5Story,8534.0,1804.0,1208.0,607.0,1944,1949,1,7,1,2,6,6,1,2.84,7.0,23.5,89.6,False,-0.18,0.493,64.0,387000.0,373858.0
1271,Old Town,SplitLevel,7580.0,2287.0,1243.0,322.0,1922,1932,5,1,1,1,2,3,2,11.19,6.0,6.2,62.8,False,-0.141,0.832,45.0,328800.0,336372.0
1272,Hillcrest,1Story,6987.0,1221.0,986.0,560.0,1928,1928,6,4,1,2,4,4,1,0.67,7.0,14.6,64.0,False,0.627,0.293,20.0,346400.0,350379.0
1273,Hillcrest,SplitLevel,7165.0,835.0,1410.0,494.0,2021,2023,2,9,1,2,6,6,1,4.92,,37.7,32.4,False,0.734,0.298,61.0,267500.0,264975.0
1274,Riverside,SplitLevel,19491.0,2090.0,793.0,556.0,1964,1982,1,4,2,2,4,6,1,11.78,10.0,25.2,65.7,False,2.033,0.167,69.0,341900.0,353271.0
1275,Downtown,2Story,6187.0,1297.0,344.0,649.0,1910,1937,3,10,1,2,6,7,0,5.86,9.0,26.8,80.3,False,0.694,0.784,21.0,377000.0,365675.0
1276,Hillcrest,2Story,6666.0,1814.0,1150.0,387.0,1986,1990,2,6,2,0,5,9,0,1.56,6.0,7.4,60.2,False,-0.245,0.148,27.0,375800.0,360153.0
1277,Lakeside,1Story,25664.0,1916.0,1003.0,354.0,1974,2014,10,10,3,1,3,7,2,2.97,9.0,30.7,44.9,False,-0.633,0.15,85.0,454800.0,468390.0
1278,Downtown,SplitLevel,9390.0,1986.0,1159.0,0.0,1949,1980,10,7,2,0,3,6,2,2.82,4.0,4.9,59.4,False,0.347,0.007,66.0,415800.0,418092.0
1279,Suburbia,2Story,4999.0,2366.0,419.0,137.0,1950,1977,1,5,3,2,4,8,0,22.47,8.0,64.2,56.9,False,1.461,0.388,49.0,300200.0,276762.0
1280,Riverside,1.5Story,10883.0,2308.0,1702.0,432.0,1967,1969,5,10,1,1,4,4,1,1.88,10.0,69.9,63.4,False,0.856,0.437,31.0,433000.0,419396.0
1281,Hillcrest,2Story,5893.0,1957.0,1248.0,443.0,2017,2026,4,3,1,2,4,5,2,6.83,7.0,25.5,58.7,False,-0.712,0.451,21.0,356100.0,376062.0
1282,Hillcrest,1Story,11139.0,1607.0,829.0,286.0,1995,2026,1,4,1,2,5,7,2,1.58,10.0,12.6,98.0,False,0.453,0.766,21.0,371600.0,357196.0
1283,Hillcrest,1Story,7526.0,1909.0,557.0,321.0,1950,1959,7,8,3,0,4,9,0,2.2,3.0,52.1,73.4,False,0.222,0.415,88.0,318600.0,360925.0
1284,Suburbia,2Story,6947.0,1522.0,1402.0,704.0,1931,1953,9,9,1,0,5,6,0,5.83,1.0,46.8,36.7,False,1.049,0.004,49.0,350800.0,343149.0
1285,Old Town,SplitLevel,14231.0,1742.0,487.0,600.0,1913,1936,7,2,3,0,5,8,0,5.96,6.0,72.5,69.3,False,0.301,0.609,56.0,290400.0,300965.0
1286,Old Town,2Story,9880.0,3290.0,1900.0,258.0,1924,1952,10,10,3,1,6,11,1,4.09,4.0,77.8,67.3,False,0.264,0.171,98.0,475900.0,470241.0
1287,Hillcrest,SplitLevel,11391.0,1950.0,692.0,389.0,1917,1954,7,5,3,1,6,8,2,4.1,7.0,0.0,89.5,False,-1.181,0.025,69.0,667100.0,417140.0
1288,Hillcrest,2Story,9435.0,2098.0,1673.0,525.0,2001,2006,6,4,1,2,4,7,0,13.1,4.0,58.2,65.2,False,0.792,0.777,64.0,401100.0,399464.0
1289,Hillcrest,SplitLevel,6936.0,1462.0,873.0,360.0,1972,1974,10,2,1,2,2,3,2,15.63,9.0,30.5,64.7,False,-1.391,0.246,22.0,372000.0,364750.0
1290,Riverside,1Story,10036.0,2411.0,1614.0,331.0,1904,1907,8,1,1,1,3,3,2,6.47,2.0,46.0,101.5,False,0.09,0.755,35.0,425000.0,431087.0
1291,Riverside,2Story,12372.0,2268.0,641.0,406.0,2016,2026,8,6,3,1,3,6,2,9.95,10.0,50.6,48.8,False,-0.551,0.642,6.0,391300.0,398756.0
1292,Suburbia,2Story,8494.0,2272.0,958.0,0.0,1918,1932,8,7,2,1,3,7,1,5.68,3.0,49.7,82.4,False,-0.61,0.883,51.0,383600.0,372062.0
1293,Riverside,2Story,15223.0,1968.0,1288.0,649.0,1981,2017,1,1,2,2,6,8,2,13.25,,55.0,69.2,False,0.583,0.358,27.0,344300.0,344255.0
1294,Hillcrest,1Story,10913.0,2419.0,1228.0,342.0,1901,1922,8,10,1,2,4,4,1,1.87,1.0,23.8,59.0,False,-0.003,0.65,43.0,418200.0,425222.0
1295,Hillcrest,SplitLevel,8727.0,2549.0,1412.0,534.0,1974,2004,8,6,2,1,6,8,0,27.67,7.0,15.9,56.3,False,-2.393,0.568,42.0,428300.0,430499.0
1296,Hillcrest,1Story,8849.0,2006.0,745.0,0.0,1969,1992,5,1,2,1,2,5,2,7.61,7.0,58.7,92.5,False,-0.198,0.783,3.0,344700.0,347984.0
1297,Downtown,1Story,8502.0,1787.0,986.0,0.0,2014,2026,6,9,3,2,5,7,1,0.55,10.0,17.6,76.4,True,-0.388,0.329,50.0,418000.0,422275.0
1298,Lakeside,1Story,5229.0,2342.0,1474.0,0.0,1975,1988,9,2,3,0,4,9,0,1.65,2.0,72.2,78.8,True,1.257,0.599,67.0,446000.0,440471.0
1299,Suburbia,1Story,7852.0,1353.0,654.0,258.0,1961,1988,2,7,2,0,5,9,1,10.09,5.0,19.7,84.0,False,-1.242,0.541,80.0,266500.0,277230.0
1300,Hillcrest,1.5Story,8755.0,1455.0,1190.0,646.0,1966,1977,6,7,2,0,3,7,1,21.25,9.0,27.4,74.2,False,1.917,0.044,20.0,401900.0,383036.0
1301,Lakeside,1Story,7005.0,1821.0,858.0,708.0,1979,1988,8,9,2,0,4,8,2,9.34,1.0,31.2,48.9,False,0.857,0.034,39.0,412400.0,409631.0
1302,Riverside,1.5Story,9120.0,892.0,1036.0,394.0,1952,1992,3,9,1,1,3,3,2,9.71,6.0,4.2,39.7,False,-0.278,0.903,53.0,259700.0,282435.0
1303,Suburbia,SplitLevel,8164.0,2305.0,986.0,356.0,1989,1989,3,10,1,2,5,8,0,4.29,3.0,4.2,95.7,False,-0.419,0.641,82.0,378600.0,375215.0
1304,Lakeside,1Story,10623.0,1320.0,619.0,629.0,1966,1977,1,1,1,0,2,3,1,20.85,4.0,53.2,71.7,False,-0.638,0.613,7.0,289600.0,301120.0
1305,Suburbia,2Story,10220.0,1591.0,841.0,655.0,2022,2026,4,4,1,0,5,5,2,10.73,8.0,0.6,69.4,False,0.319,0.743,49.0,345200.0,345542.0
1306,Old Town,2Story,8591.0,1733.0,1011.0,282.0,1924,1929,4,4,1,0,4,4,1,0.54,9.0,85.4,100.5,False,-0.788,0.016,79.0,322400.0,324268.0
1307,Riverside,1Story,5021.0,1872.0,907.0,436.0,1991,2022,10,4,1,2,5,5,2,7.31,1.0,33.1,48.8,False,-0.117,0.232,4.0,365300.0,356950.0
1308,Suburbia,1Story,15165.0,1661.0,1611.0,0.0,2004,2018,1,3,3,0,2,4,2,11.42,7.0,14.4,22.6,True,-1.087,0.65,1.0,285200.0,276954.0
1309,Downtown,SplitLevel,7710.0,1813.0,1374.0,337.0,1990,2008,7,3,1,1,2,5,1,13.5,4.0,43.4,35.4,False,0.713,0.718,8.0,351100.0,348320.0
1310,Old Town,1Story,7877.0,1817.0,1072.0,522.0,2023,2026,1,10,3,1,5,7,2,3.29,8.0,0.0,58.4,False,0.169,0.63,32.0,347000.0,323360.0
1311,Hillcrest,1Story,7188.0,1604.0,629.0,348.0,1954,1990,8,9,1,0,3,5,0,3.43,9.0,28.3,70.1,False,-0.468,0.411,11.0,292700.0,376623.0
1312,Old Town,1.5Story,6830.0,1425.0,604.0,374.0,1968,1985,5,7,2,2,3,4,0,6.49,9.0,30.9,93.0,False,-0.242,0.589,38.0,333200.0,316298.0
1313,Riverside,2Story,13911.0,2445.0,1779.0,444.0,1919,1951,5,6,2,0,6,10,2,3.84,2.0,9.7,83.2,False,-0.693,0.7,29.0,469100.0,451830.0
1314,Downtown,SplitLevel,13162.0,693.0,526.0,222.0,1947,1972,10,5,2,1,6,9,0,2.54,9.0,22.4,22.0,False,0.313,0.406,77.0,306600.0,302441.0
1315,Downtown,2Story,9467.0,1737.0,998.0,131.0,1920,1959,8,7,3,1,2,6,2,8.2,10.0,65.5,118.4,True,-1.255,0.564,37.0,469400.0,463684.0
1316,Suburbia,1Story,7804.0,1592.0,1102.0,607.0,1999,2023,2,9,1,2,4,4,2,3.64,8.0,38.7,60.6,False,0.902,0.079,97.0,329800.0,318009.0
1317,Riverside,SplitLevel,10064.0,2080.0,819.0,342.0,1998,2026,3,5,3,0,5,10,2,2.2,4.0,43.0,90.1,False,0.173,0.17,15.0,352000.0,355887.0
1318,Downtown,1.5Story,8315.0,1050.0,529.0,802.0,1924,1952,3,6,2,2,5,7,0,3.66,8.0,19.3,77.8,False,-0.449,0.773,19.0,345500.0,351761.0
1319,Suburbia,SplitLevel,7581.0,1575.0,620.0,775.0,2001,2003,7,10,2,2,3,4,0,1.45,1.0,8.5,68.1,False,0.588,0.38,80.0,341100.0,346675.0
1320,Suburbia,1Story,9121.0,1794.0,720.0,379.0,1940,1946,9,10,1,2,6,8,1,4.68,,30.2,63.7,False,0.389,0.778,13.0,359500.0,355867.0
1321,Riverside,SplitLevel,6944.0,2439.0,652.0,834.0,1991,2023,7,3,3,1,5,10,0,1.9,9.0,0.0,48.0,True,-1.046,0.674,37.0,424300.0,430116.0
1322,Riverside,1Story,8851.0,2033.0,1508.0,610.0,2018,2019,5,3,3,1,6,8,2,1.27,7.0,13.1,44.8,False,1.307,0.363,62.0,378600.0,387486.0
1323,Downtown,1Story,8703.0,1199.0,946.0,357.0,2004,2011,8,3,2,0,5,6,2,11.09,3.0,10.0,65.0,False,-2.497,0.771,89.0,340900.0,353744.0
1324,Suburbia,2Story,10007.0,1582.0,730.0,0.0,1923,1955,8,1,3,0,6,10,2,7.5,6.0,0.0,43.0,False,1.09,0.126,21.0,412700.0,307924.0
1325,Hillcrest,2Story,6524.0,2337.0,995.0,570.0,1922,1936,1,7,3,2,2,4,0,8.7,1.0,48.0,97.7,False,-0.163,0.161,27.0,381700.0,389585.0
1326,Suburbia,1Story,10389.0,1190.0,1231.0,465.0,1914,1922,6,5,1,1,3,6,0,3.3,10.0,32.4,69.7,False,0.991,0.409,2.0,319400.0,327008.0
1327,Hillcrest,2Story,5900.0,1807.0,805.0,529.0,2006,2014,8,1,1,1,4,6,2,2.3,6.0,22.6,105.7,True,1.44,0.656,40.0,444000.0,442690.0
1328,Riverside,1.5Story,6632.0,1845.0,1329.0,0.0,1968,1980,7,3,3,0,3,7,2,5.7,6.0,48.4,60.2,True,-0.427,0.298,23.0,353300.0,362895.0
1329,Lakeside,SplitLevel,6734.0,1638.0,416.0,277.0,1919,1953,3,6,1,1,2,3,2,7.17,4.0,2.1,57.4,False,-0.38,0.323,29.0,343200.0,337105.0
1330,Lakeside,SplitLevel,5568.0,3333.0,1442.0,392.0,1974,1992,2,9,1,1,5,6,1,4.09,3.0,8.1,78.6,False,0.315,0.862,23.0,513000.0,488608.0
1331,Suburbia,2Story,11562.0,1623.0,946.0,0.0,1966,2005,3,7,2,2,6,7,0,7.98,4.0,57.3,63.3,False,-1.134,0.9,99.0,293300.0,277870.0
1332,Riverside,SplitLevel,5772.0,2097.0,930.0,403.0,1975,2004,4,6,1,2,4,6,2,2.95,5.0,80.6,85.5,False,-0.332,0.913,55.0,337600.0,350688.0
1333,Riverside,2Story,6345.0,1429.0,659.0,402.0,1979,1989,10,2,2,2,5,8,0,0.61,,48.7,93.9,True,-0.417,0.022,50.0,387500.0,391178.0
1334,Old Town,1Story,12574.0,2140.0,434.0,217.0,1920,1926,7,3,1,0,5,7,1,3.26,5.0,44.4,87.8,False,-1.186,0.798,45.0,314500.0,330242.0
1335,Old Town,SplitLevel,6636.0,2329.0,250.0,475.0,1948,1986,9,8,2,0,4,8,1,1.55,6.0,23.4,92.6,False,-0.469,0.762,58.0,390100.0,387736.0
1336,Suburbia,2Story,7587.0,1527.0,,282.0,1990,2026,1,8,1,0,5,7,1,2.88,,23.8,82.7,True,0.753,0.258,33.0,314500.0,311366.0
1337,Lakeside,2Story,5686.0,1820.0,1197.0,607.0,2014,2019,8,9,2,1,6,8,1,4.93,4.0,39.5,58.1,True,0.681,0.227,15.0,459700.0,457544.0
1338,Riverside,2Story,10846.0,1358.0,546.0,0.0,1930,1943,2,6,1,2,2,5,0,5.42,6.0,62.5,88.5,False,-0.177,0.035,28.0,271300.0,284301.0
1339,Suburbia,1Story,10898.0,1221.0,300.0,413.0,1971,2001,6,3,1,0,3,6,1,2.77,3.0,43.5,80.6,False,0.062,0.822,32.0,267900.0,275927.0
1340,Hillcrest,SplitLevel,10495.0,2420.0,568.0,806.0,2019,2026,4,6,3,2,2,7,0,6.21,10.0,54.2,56.9,False,-0.304,0.608,26.0,405300.0,393484.0
1341,Downtown,2Story,9780.0,1545.0,788.0,411.0,1975,2012,9,9,3,1,5,9,0,20.16,7.0,16.7,59.2,False,-1.761,0.016,14.0,407100.0,402197.0
1342,Suburbia,2Story,8314.0,523.0,805.0,390.0,1928,1939,7,2,1,2,5,6,1,9.13,3.0,47.3,66.3,False,-1.017,0.225,86.0,238100.0,248826.0
1343,Riverside,1Story,6744.0,2821.0,896.0,554.0,1973,2009,5,9,2,0,5,6,0,3.83,7.0,21.6,88.0,False,0.959,0.831,43.0,431100.0,446937.0
1344,Riverside,2Story,6092.0,1409.0,1384.0,174.0,1902,1931,6,10,2,0,5,7,2,15.52,10.0,37.8,70.1,False,1.197,0.602,46.0,364100.0,364993.0
1345,Old Town,1.5Story,12727.0,1714.0,1475.0,0.0,1961,1979,8,9,1,1,4,7,1,5.88,8.0,47.3,67.9,False,-0.858,0.856,89.0,344500.0,345995.0
1346,Suburbia,SplitLevel,10590.0,2752.0,1792.0,0.0,1971,1986,8,7,1,1,6,9,1,0.89,8.0,24.4,65.1,False,1.119,0.147,85.0,411400.0,427272.0
1347,Hillcrest,1.5Story,6357.0,1772.0,268.0,544.0,1907,1940,6,5,3,1,2,4,1,0.74,3.0,14.7,61.6,False,-1.201,0.953,24.0,348400.0,352218.0
1348,Hillcrest,SplitLevel,8217.0,1760.0,591.0,0.0,1925,1959,8,9,1,1,5,7,2,2.96,2.0,42.3,47.0,False,-0.517,0.207,99.0,318000.0,323981.0
1349,Hillcrest,1Story,7295.0,1175.0,1243.0,418.0,2024,2026,8,2,2,1,6,9,0,20.67,6.0,32.3,82.3,False,-0.119,0.304,42.0,340800.0,348112.0
1350,Downtown,SplitLevel,5460.0,951.0,759.0,256.0,1979,1997,1,8,1,1,3,5,0,10.29,3.0,37.7,49.7,False,-0.273,0.926,49.0,243000.0,248306.0
1351,Suburbia,2Story,8623.0,1758.0,1312.0,0.0,1957,1967,4,5,3,0,5,10,2,0.76,2.0,48.1,69.2,True,-0.692,0.313,93.0,330600.0,327188.0
1352,Suburbia,2Story,7006.0,2050.0,1037.0,628.0,1928,1963,10,6,1,2,2,3,0,21.41,10.0,61.1,60.6,False,0.127,0.595,92.0,389600.0,388476.0
1353,Hillcrest,1.5Story,5806.0,2018.0,1613.0,522.0,1915,1927,4,5,2,0,2,4,2,8.03,,48.3,81.8,False,0.776,0.344,93.0,410200.0,394622.0
1354,Hillcrest,2Story,4829.0,1585.0,1388.0,0.0,1953,1983,9,1,2,2,3,4,1,0.59,9.0,45.6,61.8,True,-1.454,0.74,17.0,392500.0,390064.0
1355,Suburbia,SplitLevel,4688.0,1861.0,1396.0,699.0,1968,1988,6,10,2,1,6,9,2,2.58,,25.0,49.9,False,0.126,0.311,7.0,385700.0,375764.0
1356,Downtown,1.5Story,7115.0,840.0,777.0,418.0,1922,1946,3,7,1,0,3,5,1,0.7,2.0,28.1,85.8,False,0.965,0.441,30.0,297700.0,314124.0
1357,Riverside,SplitLevel,7865.0,2103.0,909.0,749.0,2000,2008,4,7,1,0,4,5,0,3.28,2.0,44.1,53.1,False,-0.413,0.084,28.0,347600.0,345684.0
1358,Riverside,1Story,5965.0,1939.0,822.0,502.0,1954,1964,5,2,1,2,5,8,1,1.14,6.0,27.7,70.8,False,-0.547,0.921,65.0,350600.0,355181.0
1359,Suburbia,1Story,10176.0,2936.0,318.0,541.0,1907,1933,2,8,2,2,5,9,0,22.38,7.0,44.0,90.9,False,-0.851,0.906,16.0,379700.0,370785.0
1360,Lakeside,1.5Story,7919.0,1854.0,1568.0,386.0,1917,1927,4,10,2,0,5,7,1,1.25,3.0,18.7,54.9,False,2.0,0.804,23.0,416500.0,413326.0
1361,Suburbia,2Story,9916.0,1332.0,1263.0,685.0,2008,2026,7,9,3,1,2,7,1,6.06,2.0,73.6,66.1,False,1.493,0.873,79.0,358700.0,339245.0
1362,Hillcrest,1Story,7601.0,1822.0,805.0,557.0,1942,1982,10,3,3,0,6,11,0,0.88,7.0,38.9,60.2,False,-0.295,0.603,59.0,383000.0,394531.0
1363,Suburbia,1.5Story,6152.0,1670.0,1498.0,691.0,1946,1949,10,2,3,2,3,5,0,2.72,3.0,37.6,70.4,True,1.18,0.085,79.0,390200.0,399025.0
1364,Downtown,SplitLevel,8433.0,2089.0,685.0,488.0,1925,1962,4,4,1,2,4,7,2,3.34,2.0,25.3,66.8,False,-0.526,0.071,89.0,372800.0,368546.0
1365,Riverside,1.5Story,5209.0,1865.0,178.0,452.0,2001,2008,8,1,3,2,5,7,0,3.25,4.0,73.3,84.6,False,-0.156,0.786,93.0,336200.0,337826.0
1366,Riverside,2Story,9787.0,1157.0,1373.0,555.0,2002,2007,4,6,3,1,3,8,2,1.47,4.0,9.9,56.8,False,-1.06,0.517,97.0,332800.0,344479.0
1367,Lakeside,1Story,5837.0,950.0,413.0,691.0,1930,1964,9,5,3,0,5,9,1,2.73,5.0,20.9,90.9,False,-1.843,0.277,67.0,400900.0,396272.0
1368,Downtown,1Story,11174.0,1995.0,868.0,623.0,1991,1999,10,6,2,1,4,8,2,3.47,4.0,52.1,96.9,False,-0.58,0.037,53.0,452900.0,459064.0
1369,Lakeside,2Story,7198.0,2611.0,1037.0,482.0,1956,1982,5,10,3,1,2,6,1,5.54,6.0,39.8,72.6,True,-0.425,0.984,64.0,497000.0,491447.0
1370,Hillcrest,1Story,11753.0,1894.0,1112.0,163.0,1921,1925,7,7,2,0,3,5,2,2.43,6.0,23.5,53.8,False,0.427,0.097,73.0,357900.0,378949.0
1371,Downtown,2Story,5470.0,2297.0,1306.0,590.0,2000,2003,9,5,2,1,5,8,0,5.59,1.0,24.0,67.3,False,0.655,0.364,87.0,450100.0,453748.0
1372,Old Town,2Story,6392.0,2407.0,1194.0,0.0,1910,1918,2,8,3,0,2,5,1,1.35,3.0,29.2,65.8,False,-0.123,0.68,60.0,326800.0,324814.0
1373,Hillcrest,1Story,9259.0,1997.0,1181.0,466.0,2010,2026,3,4,1,1,3,3,0,4.18,6.0,,99.9,False,-0.991,0.623,58.0,390900.0,388828.0
1374,Suburbia,2Story,12206.0,1402.0,618.0,0.0,1903,1914,7,8,2,0,4,5,2,7.69,8.0,66.1,66.1,False,-0.658,0.126,41.0,311400.0,302782.0
1375,Old Town,1Story,14520.0,1957.0,1074.0,233.0,1940,1949,2,10,1,2,3,6,1,25.72,1.0,47.1,92.9,False,1.591,0.62,81.0,295600.0,298619.0
1376,Downtown,2Story,8221.0,2514.0,318.0,520.0,1928,1962,8,10,3,2,4,7,2,13.79,9.0,55.5,70.0,False,0.629,0.336,35.0,458100.0,452586.0
1377,Suburbia,1.5Story,15417.0,2141.0,1606.0,0.0,1929,1936,3,6,3,1,6,8,2,5.95,1.0,26.3,68.8,False,1.423,0.171,34.0,338500.0,339353.0
1378,Suburbia,2Story,7322.0,2262.0,361.0,410.0,1960,1963,4,5,1,0,2,3,0,2.59,7.0,45.3,61.6,False,1.777,0.617,61.0,337100.0,328023.0
1379,Suburbia,SplitLevel,11903.0,1596.0,804.0,583.0,1994,1998,9,4,3,2,6,8,0,6.07,3.0,3.9,63.3,False,-0.657,0.9,63.0,331400.0,350450.0
1380,Hillcrest,2Story,5827.0,1739.0,396.0,837.0,1950,1986,6,6,2,2,5,9,1,4.92,10.0,38.6,84.0,False,0.82,0.752,34.0,374500.0,406717.0
1381,Hillcrest,1Story,9387.0,1785.0,643.0,0.0,1964,1983,8,10,3,1,6,8,1,6.09,7.0,37.4,54.8,False,-0.902,0.162,1.0,372000.0,356500.0
1382,Downtown,1Story,3570.0,1822.0,956.0,357.0,2022,2026,7,9,2,2,5,9,2,5.08,8.0,71.4,85.3,False,1.033,0.174,74.0,398800.0,405837.0
1383,Riverside,2Story,5472.0,2492.0,728.0,498.0,1962,1995,6,7,1,2,6,8,1,6.48,9.0,66.2,93.9,False,0.828,0.469,8.0,404200.0,425274.0
1384,Old Town,1Story,9541.0,559.0,1431.0,537.0,1999,2010,6,3,3,2,2,4,2,1.47,1.0,29.8,57.3,False,-2.114,0.021,12.0,254400.0,256402.0
1385,Old Town,SplitLevel,5119.0,1867.0,1045.0,689.0,1948,1980,9,4,2,0,5,9,2,8.26,9.0,18.7,89.7,False,0.403,0.021,10.0,387300.0,393761.0
1386,Downtown,SplitLevel,9409.0,1806.0,756.0,654.0,1909,1927,10,3,2,2,5,7,2,6.73,1.0,19.2,86.9,False,-0.857,0.252,71.0,432200.0,427604.0
1387,Suburbia,1Story,11128.0,1096.0,894.0,120.0,1932,1954,1,2,2,2,6,8,2,1.47,6.0,29.1,83.6,False,-0.34,0.107,75.0,260600.0,254519.0
1388,Hillcrest,2Story,6799.0,2219.0,1462.0,323.0,1920,1941,6,1,3,2,2,6,0,2.38,7.0,61.0,56.6,False,-0.66,0.547,51.0,385100.0,390280.0
1389,Old Town,1.5Story,5773.0,1452.0,1332.0,449.0,2014,2026,8,8,2,0,4,7,2,2.89,9.0,43.3,65.9,False,0.908,0.043,9.0,361100.0,349605.0
1390,Downtown,1Story,6864.0,1654.0,472.0,298.0,1903,1911,7,8,2,1,4,7,2,13.86,8.0,45.4,65.8,False,-0.684,0.244,8.0,348300.0,363312.0
1391,Old Town,2Story,5779.0,2867.0,664.0,120.0,2003,2005,5,2,3,2,2,6,2,6.01,8.0,51.2,105.6,False,-1.279,0.058,56.0,359600.0,388711.0
1392,Suburbia,1.5Story,7821.0,2405.0,1149.0,344.0,1917,1946,8,7,3,2,5,10,0,3.31,10.0,15.1,67.8,False,-0.808,0.53,83.0,422400.0,420592.0
1393,Downtown,1Story,8398.0,2166.0,1098.0,0.0,1918,1957,5,2,1,0,4,5,2,5.5,,20.8,64.7,False,-0.215,0.353,70.0,356400.0,359619.0
1394,Downtown,1.5Story,7280.0,2059.0,509.0,376.0,1966,1989,2,3,3,1,4,6,0,19.41,1.0,45.4,47.3,False,0.41,0.083,54.0,277000.0,300413.0
1395,Suburbia,1Story,14560.0,1759.0,,300.0,1910,1914,3,3,3,1,5,7,2,2.53,2.0,19.4,50.5,False,1.196,0.354,50.0,309400.0,301886.0
1396,Downtown,1Story,6299.0,2950.0,576.0,467.0,1909,1913,1,2,3,0,5,7,1,11.53,3.0,4.5,55.7,False,0.514,0.001,73.0,359700.0,380698.0
1397,Riverside,2Story,13187.0,2291.0,1498.0,0.0,1997,2019,8,8,1,0,5,8,2,13.83,5.0,13.3,74.5,False,0.584,0.825,21.0,426300.0,427720.0
1398,Old Town,1.5Story,5628.0,1438.0,1172.0,0.0,1907,1943,10,1,2,1,3,7,1,3.72,9.0,56.1,42.4,False,0.738,0.364,12.0,297500.0,287978.0
1399,Riverside,2Story,8312.0,1080.0,475.0,0.0,1975,2000,4,5,1,1,6,7,0,3.59,4.0,27.5,56.0,False,0.817,0.666,35.0,259800.0,256628.0
1400,Hillcrest,1.5Story,12260.0,2162.0,728.0,469.0,1914,1926,8,5,3,0,3,5,1,7.64,9.0,39.5,34.5,False,1.033,0.709,15.0,388900.0,386430.0
1401,Hillcrest,1.5Story,12040.0,1819.0,720.0,0.0,1910,1935,10,6,3,1,3,7,1,2.56,7.0,14.3,93.2,False,2.505,0.555,26.0,413300.0,419200.0
1402,Downtown,1.5Story,6995.0,1064.0,1017.0,280.0,1984,1990,4,2,1,1,4,7,1,5.39,5.0,42.6,69.9,False,0.801,0.589,87.0,311000.0,308897.0
1403,Old Town,2Story,9841.0,2086.0,864.0,426.0,1949,1968,9,5,1,2,3,3,1,1.35,8.0,29.6,73.6,False,0.287,0.429,48.0,395600.0,389332.0
1404,Hillcrest,2Story,9390.0,1702.0,469.0,638.0,1902,1942,1,8,3,2,3,5,2,6.39,5.0,43.9,48.4,False,-0.465,0.407,46.0,312000.0,320016.0
1405,Lakeside,1Story,6708.0,2142.0,364.0,328.0,1985,2010,7,4,3,0,6,9,1,2.47,1.0,25.4,88.9,False,0.31,0.306,74.0,397000.0,410993.0
1406,Hillcrest,1Story,10053.0,2093.0,1181.0,555.0,2022,2026,2,10,3,2,2,5,0,2.82,9.0,45.1,95.1,False,1.154,0.071,29.0,425300.0,415528.0
1407,Old Town,SplitLevel,15551.0,1515.0,,475.0,1970,1978,8,5,1,1,4,4,0,12.5,2.0,24.5,69.2,False,-1.218,0.349,70.0,340200.0,317240.0
1408,Downtown,1Story,9558.0,2198.0,994.0,779.0,1947,1949,1,8,2,0,4,7,0,3.05,5.0,33.4,59.4,False,1.259,0.463,51.0,406300.0,387794.0
1409,Suburbia,SplitLevel,9880.0,1576.0,1064.0,522.0,2006,2022,9,2,3,1,2,5,0,2.21,2.0,29.6,77.9,False,-0.427,0.134,57.0,316100.0,348625.0
1410,Suburbia,2Story,10252.0,1612.0,690.0,348.0,1942,1951,4,9,1,0,3,6,2,2.23,8.0,35.5,81.2,True,-0.232,0.908,37.0,372300.0,356863.0
1411,Suburbia,1Story,4859.0,1557.0,1027.0,,1977,2017,3,5,1,0,3,6,2,3.06,7.0,40.6,83.7,False,0.522,0.008,93.0,313400.0,321275.0
1412,Old Town,2Story,9519.0,2472.0,2016.0,583.0,1959,1972,6,10,1,1,4,4,2,7.3,10.0,25.1,80.0,False,-0.527,0.224,97.0,480800.0,458481.0
1413,Suburbia,1.5Story,5677.0,1696.0,1443.0,396.0,1991,1992,10,8,2,0,4,6,1,3.73,9.0,32.6,85.4,False,0.459,0.68,12.0,399400.0,412277.0
1414,Old Town,2Story,6592.0,2605.0,829.0,274.0,1965,1982,2,8,1,0,4,7,2,6.37,3.0,,55.5,False,-1.152,0.823,19.0,306100.0,320017.0
1415,Downtown,2Story,17269.0,2831.0,730.0,546.0,1960,1990,4,2,2,0,3,4,1,5.89,3.0,45.2,84.4,True,0.876,0.474,74.0,457800.0,458466.0
1416,Suburbia,1.5Story,7416.0,1444.0,0.0,470.0,1952,1980,7,6,1,1,5,8,0,13.11,3.0,33.5,59.8,True,0.196,0.589,53.0,285500.0,290425.0
1417,Riverside,1Story,6254.0,500.0,1399.0,217.0,1937,1977,1,8,1,0,3,4,1,1.45,2.0,17.3,22.8,False,-0.004,0.273,77.0,203900.0,208222.0
1418,Riverside,2Story,12130.0,2424.0,1280.0,501.0,1961,1975,10,9,3,2,6,11,1,10.76,10.0,36.7,59.7,False,0.275,0.954,33.0,482500.0,470859.0
1419,Old Town,2Story,5816.0,1662.0,722.0,358.0,1907,1928,6,4,2,0,6,9,1,5.07,1.0,48.4,58.0,False,-0.02,0.644,64.0,295900.0,280573.0
1420,Old Town,1Story,6929.0,1374.0,349.0,218.0,1942,1964,10,6,3,1,5,10,2,10.51,5.0,8.3,72.3,False,0.442,0.131,16.0,300900.0,312570.0
1421,Suburbia,1Story,12546.0,1526.0,465.0,404.0,1909,1909,5,2,2,0,2,3,2,10.11,3.0,8.6,83.1,True,-0.207,0.736,96.0,342000.0,321674.0
1422,Riverside,2Story,8225.0,1622.0,1137.0,665.0,1940,1940,9,5,3,1,6,11,0,3.56,1.0,21.8,71.5,True,-0.291,0.128,68.0,398500.0,413747.0
1423,Hillcrest,1Story,4691.0,2563.0,912.0,0.0,1944,1976,4,5,2,0,6,9,0,5.55,9.0,31.2,104.2,False,-1.768,0.403,64.0,399800.0,407305.0
1424,Hillcrest,2Story,9803.0,1938.0,1240.0,611.0,1903,1918,5,1,2,1,4,8,1,14.87,6.0,0.0,58.5,False,1.365,0.491,13.0,422400.0,391049.0
1425,Hillcrest,1Story,7053.0,2556.0,,503.0,1937,1965,4,10,2,1,3,7,0,12.46,9.0,46.5,32.2,False,-1.163,0.722,89.0,383900.0,379326.0
1426,Hillcrest,1Story,13890.0,2122.0,1356.0,555.0,1984,2022,6,7,3,0,5,9,1,2.76,7.0,31.3,73.0,False,1.615,0.996,27.0,423900.0,431988.0
1427,Downtown,2Story,6554.0,1680.0,1105.0,476.0,2022,2026,3,2,2,0,5,7,2,0.67,5.0,0.0,58.2,False,-0.242,0.371,12.0,375300.0,372041.0
1428,Downtown,2Story,11707.0,1635.0,,283.0,1977,2008,6,9,3,1,5,10,1,6.56,3.0,12.7,48.5,False,1.218,0.676,48.0,398800.0,390106.0
1429,Suburbia,2Story,15086.0,2159.0,72.0,0.0,1989,1997,9,7,1,1,5,7,2,3.26,6.0,29.0,62.6,False,1.042,0.672,96.0,357800.0,353584.0
1430,Hillcrest,2Story,6016.0,2301.0,432.0,363.0,1984,2014,2,7,3,1,6,11,0,1.49,8.0,0.0,53.9,False,0.962,0.184,42.0,387000.0,371109.0
1431,Old Town,1Story,7573.0,2398.0,797.0,684.0,2019,2025,8,10,1,0,6,8,2,3.27,1.0,54.4,55.7,False,0.046,0.643,0.0,352300.0,362967.0
1432,Suburbia,SplitLevel,9284.0,1706.0,1403.0,632.0,2018,2026,9,5,2,0,5,8,0,17.69,3.0,38.7,95.4,False,-1.195,0.879,91.0,372100.0,380205.0
1433,Downtown,SplitLevel,6002.0,1946.0,1740.0,287.0,1914,1933,1,4,3,0,3,7,0,1.08,4.0,48.6,70.2,False,-0.182,0.556,65.0,347000.0,358021.0
1434,Downtown,1Story,8907.0,2171.0,881.0,0.0,1959,1979,7,7,3,1,6,8,0,3.63,2.0,14.4,63.2,False,-0.314,0.48,65.0,377600.0,387868.0
1435,Lakeside,1Story,7490.0,1639.0,693.0,396.0,2014,2015,5,9,2,0,6,9,2,0.53,1.0,43.2,96.8,True,-0.102,0.648,55.0,413000.0,412484.0
1436,Old Town,1Story,7437.0,1226.0,129.0,435.0,2011,2026,7,9,2,1,4,5,1,9.07,3.0,21.8,62.7,True,-1.228,0.807,6.0,272200.0,285346.0
1437,Lakeside,SplitLevel,8243.0,1407.0,1313.0,,1967,1967,3,8,3,0,2,6,2,1.4,,31.2,45.9,False,-0.286,0.225,69.0,355800.0,352214.0
1438,Riverside,2Story,8308.0,1717.0,719.0,,1955,1991,3,8,1,0,6,9,0,2.94,,42.1,44.1,False,-2.923,0.163,14.0,336500.0,328659.0
1439,Old Town,2Story,8581.0,2214.0,2193.0,457.0,1907,1915,3,1,3,2,4,7,1,4.8,9.0,33.6,66.6,False,-0.3,0.651,20.0,365600.0,380710.0
1440,Old Town,1Story,6571.0,2542.0,639.0,495.0,1960,1989,2,5,2,1,4,8,1,1.45,9.0,51.2,38.4,False,0.126,0.035,58.0,297200.0,305010.0
1441,Lakeside,2Story,6672.0,1104.0,1834.0,0.0,1963,1992,5,4,1,1,5,5,0,14.58,4.0,37.8,46.9,False,-0.782,0.825,51.0,324600.0,330910.0
1442,Downtown,1Story,7774.0,1521.0,1264.0,296.0,1979,1997,9,4,3,0,2,4,1,8.51,6.0,25.7,61.1,False,-0.27,0.302,22.0,387000.0,389678.0
1443,Downtown,SplitLevel,7977.0,1653.0,518.0,477.0,1965,1987,8,9,3,0,6,9,1,1.26,1.0,51.9,88.4,False,0.163,0.111,6.0,386000.0,388082.0
1444,Downtown,SplitLevel,6949.0,2287.0,1048.0,,1927,1929,2,4,2,2,2,6,0,17.79,9.0,56.1,91.3,False,1.013,0.765,19.0,410000.0,398776.0
1445,Lakeside,2Story,9076.0,1560.0,1274.0,696.0,2021,2026,6,9,2,2,3,6,1,11.67,3.0,36.8,79.9,False,1.055,0.223,4.0,317200.0,434062.0
1446,Riverside,1Story,4293.0,1614.0,855.0,276.0,1927,1931,1,10,3,0,4,7,0,4.72,1.0,61.7,67.9,False,0.305,0.401,98.0,268700.0,278729.0
1447,Old Town,1Story,6275.0,1073.0,1302.0,,1948,1974,1,5,2,2,5,9,2,3.6,7.0,30.3,57.7,False,-0.029,0.414,7.0,247700.0,239118.0
1448,Riverside,1Story,7347.0,2116.0,1293.0,,1964,1964,7,2,3,2,2,5,0,15.53,4.0,32.4,75.0,False,0.355,0.82,70.0,400300.0,383274.0
1449,Suburbia,1Story,6005.0,1761.0,1200.0,637.0,1936,1966,4,7,3,2,4,7,0,1.45,5.0,35.1,100.1,False,1.8,0.264,37.0,385500.0,370494.0
1450,Lakeside,2Story,14332.0,1490.0,943.0,518.0,1908,1922,8,9,2,1,2,6,2,1.55,5.0,32.4,70.5,False,0.501,0.633,30.0,442600.0,440059.0
1451,Suburbia,SplitLevel,8157.0,1707.0,457.0,,1977,1996,2,5,1,2,6,6,0,7.51,7.0,28.8,59.7,False,0.261,0.999,0.0,280700.0,281335.0
1452,Suburbia,SplitLevel,8620.0,2470.0,918.0,242.0,1929,1929,2,2,1,0,3,6,0,1.1,9.0,20.7,65.2,False,1.073,0.599,2.0,315700.0,333093.0
1453,Suburbia,1.5Story,6842.0,1297.0,1024.0,368.0,2010,2018,8,6,1,1,4,4,1,0.61,6.0,15.1,63.2,True,0.048,0.141,99.0,345200.0,350265.0
1454,Old Town,1.5Story,8058.0,1387.0,162.0,120.0,1999,2016,3,10,1,0,5,7,1,5.57,7.0,37.2,77.9,False,-0.853,0.283,79.0,237200.0,255734.0
1455,Hillcrest,1Story,5296.0,2539.0,1021.0,437.0,1953,1982,1,6,3,2,2,6,1,4.69,9.0,59.0,54.3,False,0.459,0.535,28.0,379100.0,365009.0
1456,Downtown,1Story,7636.0,1892.0,909.0,120.0,1958,1982,8,5,2,2,2,6,1,4.21,8.0,51.3,75.3,True,0.17,0.322,57.0,408100.0,411326.0
1457,Lakeside,2Story,5837.0,2218.0,405.0,673.0,2019,2026,8,5,2,0,6,10,0,18.3,2.0,42.8,78.2,False,-0.219,0.517,89.0,425500.0,426562.0
1458,Hillcrest,1Story,7353.0,2071.0,810.0,709.0,1903,1927,10,8,3,1,4,9,0,5.28,4.0,60.0,74.2,False,0.544,0.543,31.0,414800.0,422427.0
1459,Old Town,2Story,3308.0,1831.0,819.0,483.0,1947,1956,6,4,1,1,3,6,0,7.13,5.0,35.4,48.4,True,-1.813,0.736,96.0,300300.0,317780.0
1460,Hillcrest,SplitLevel,5460.0,1658.0,1761.0,218.0,1907,1929,5,8,2,2,5,9,2,0.68,10.0,15.2,65.3,False,-0.541,0.623,52.0,404000.0,395183.0
1461,Suburbia,1Story,13526.0,2307.0,1042.0,520.0,1917,1939,7,10,2,1,6,9,0,2.0,,28.0,58.5,True,-0.879,0.698,45.0,421700.0,415468.0
1462,Riverside,1Story,10836.0,2489.0,1385.0,757.0,2015,2024,8,8,1,2,5,8,1,9.45,9.0,33.8,66.7,False,-0.775,0.218,89.0,473000.0,461447.0
1463,Lakeside,1Story,12857.0,2446.0,901.0,536.0,1912,1920,7,10,2,1,4,8,0,3.11,8.0,24.8,56.0,False,-0.154,0.423,45.0,446900.0,468601.0
1464,Hillcrest,SplitLevel,13170.0,1198.0,163.0,650.0,2020,2026,4,8,1,0,5,6,1,1.33,,47.2,90.4,False,-0.91,0.825,6.0,356600.0,340292.0
1465,Suburbia,2Story,10255.0,2568.0,1232.0,382.0,1998,2022,9,9,1,2,6,9,0,9.69,6.0,53.7,71.4,False,1.677,0.752,14.0,423400.0,424965.0
1466,Suburbia,2Story,6915.0,1653.0,674.0,321.0,1980,2020,8,1,1,1,3,3,0,6.13,3.0,0.4,38.9,False,0.452,0.182,73.0,313500.0,303849.0
1467,Hillcrest,2Story,5636.0,1435.0,809.0,449.0,1993,2013,9,4,1,0,5,5,0,7.03,5.0,32.1,44.1,False,-0.794,0.064,63.0,312200.0,344803.0
1468,Lakeside,1.5Story,12105.0,1757.0,508.0,152.0,1923,1941,6,3,2,1,6,7,0,1.01,1.0,0.0,89.7,False,-1.74,0.653,86.0,396900.0,391805.0
1469,Suburbia,SplitLevel,8288.0,2307.0,981.0,822.0,1914,1933,5,9,3,0,3,7,0,11.07,7.0,33.2,64.8,False,-0.583,0.444,19.0,383100.0,383966.0
1470,Lakeside,2Story,19398.0,2147.0,1397.0,0.0,1946,1981,9,3,2,2,6,7,0,2.38,7.0,32.9,61.0,False,-0.33,0.41,52.0,452100.0,454836.0
1471,Old Town,SplitLevel,7131.0,1710.0,1342.0,0.0,1996,2008,7,10,2,2,2,3,2,0.78,2.0,70.5,88.3,True,-0.635,0.025,37.0,338300.0,339480.0
1472,Lakeside,2Story,16164.0,2311.0,1616.0,386.0,1938,1953,8,7,1,1,3,3,1,15.76,5.0,64.5,65.3,True,2.542,0.382,96.0,475500.0,482856.0
1473,Downtown,1Story,7670.0,1927.0,1676.0,213.0,1922,1937,9,2,3,2,3,5,0,0.68,8.0,53.6,46.5,False,-1.654,0.179,79.0,386600.0,404051.0
1474,Riverside,2Story,12934.0,1535.0,91.0,688.0,1998,2023,3,7,2,2,2,3,2,0.77,8.0,15.8,47.7,False,0.051,0.034,23.0,313200.0,328892.0
1475,Riverside,1Story,14674.0,1461.0,449.0,280.0,1979,2007,2,4,2,2,5,6,1,9.69,8.0,14.6,79.3,False,-0.13,0.399,74.0,307800.0,307502.0
1476,Riverside,1.5Story,5664.0,2076.0,191.0,516.0,1967,1986,2,3,3,1,4,7,1,26.1,1.0,13.1,104.5,False,-0.249,0.825,72.0,345300.0,329108.0
1477,Hillcrest,1Story,6838.0,1805.0,1215.0,531.0,1951,1961,6,10,1,2,3,6,1,1.45,4.0,65.5,83.1,False,-1.939,0.891,39.0,405900.0,392168.0
1478,Old Town,2Story,5645.0,1093.0,659.0,472.0,1998,2026,9,8,2,2,6,9,0,3.27,,16.8,61.1,False,-0.043,0.238,42.0,319300.0,316488.0
1479,Riverside,SplitLevel,5269.0,2316.0,745.0,334.0,1992,2003,10,8,3,1,3,6,1,6.91,2.0,27.3,63.9,False,0.18,0.275,23.0,392000.0,398034.0
1480,Riverside,SplitLevel,10234.0,1586.0,859.0,436.0,1945,1981,1,4,1,0,6,6,0,3.74,2.0,17.0,68.9,False,0.71,0.099,37.0,318200.0,292687.0
1481,Hillcrest,1Story,7564.0,2726.0,1111.0,308.0,1916,1941,1,7,2,1,5,8,2,25.27,10.0,9.8,31.6,False,0.483,0.909,10.0,371200.0,362816.0
1482,Downtown,1Story,8253.0,1078.0,326.0,589.0,2009,2026,7,4,2,1,6,8,1,28.0,6.0,41.7,68.4,False,1.218,0.065,63.0,323600.0,316212.0
1483,Riverside,1.5Story,9845.0,1751.0,421.0,0.0,1917,1926,3,7,3,1,2,6,2,0.82,,38.1,78.5,False,-2.046,0.937,50.0,299800.0,316266.0
1484,Lakeside,2Story,4230.0,1465.0,951.0,457.0,1954,1985,5,4,3,0,6,8,0,4.93,2.0,0.0,99.9,False,-0.235,0.641,60.0,413900.0,410760.0
1485,Suburbia,SplitLevel,12713.0,1314.0,1453.0,369.0,2012,2026,1,7,2,2,2,6,0,12.93,7.0,9.0,87.6,False,2.505,0.786,96.0,298800.0,314080.0
1486,Downtown,2Story,7171.0,1582.0,939.0,797.0,1952,1988,1,8,1,2,5,5,1,2.47,10.0,40.1,102.7,False,1.06,0.22,36.0,437900.0,412116.0
1487,Old Town,1.5Story,9763.0,2824.0,618.0,252.0,2004,2026,6,4,2,1,5,9,0,1.5,10.0,33.6,98.3,False,-1.453,0.608,12.0,393400.0,403828.0
1488,Riverside,2Story,10069.0,1929.0,48.0,213.0,1961,1993,7,1,1,0,2,4,2,1.96,2.0,27.0,93.1,False,0.088,0.109,37.0,342800.0,350323.0
1489,Old Town,2Story,13092.0,1415.0,1350.0,447.0,1993,1996,9,1,3,0,2,6,0,3.19,,47.1,68.5,True,-1.047,0.659,35.0,341200.0,349202.0
1490,Riverside,1Story,7811.0,844.0,641.0,419.0,1974,1975,5,10,2,2,2,6,1,9.72,6.0,6.1,74.2,False,-0.432,0.6,47.0,306400.0,311004.0
1491,Downtown,1Story,3853.0,903.0,468.0,636.0,1935,1961,7,10,3,0,2,5,1,0.43,9.0,23.1,37.9,False,2.0,0.824,84.0,345100.0,336831.0
1492,Suburbia,SplitLevel,8267.0,1555.0,230.0,563.0,2012,2012,9,7,2,0,2,5,0,1.43,1.0,45.4,70.3,False,0.958,0.645,99.0,314100.0,314050.0
1493,Suburbia,SplitLevel,8693.0,1501.0,346.0,465.0,1958,1994,5,2,3,0,6,10,0,5.24,3.0,22.0,78.2,False,-1.52,0.972,63.0,287800.0,287236.0
1494,Suburbia,2Story,5642.0,1727.0,546.0,540.0,1957,1993,3,6,3,0,3,7,0,7.41,2.0,41.3,62.9,False,-0.765,0.49,79.0,300700.0,291846.0
1495,Hillcrest,2Story,8532.0,600.0,850.0,537.0,1982,2005,9,5,3,1,6,10,0,0.47,8.0,12.1,40.3,False,0.001,0.552,28.0,313600.0,332404.0
1496,Suburbia,1Story,7141.0,1800.0,442.0,797.0,2017,2026,1,3,3,0,2,7,1,11.94,5.0,18.5,96.5,False,-0.264,0.076,36.0,327700.0,318455.0
1497,Suburbia,1Story,5065.0,2415.0,1028.0,501.0,2009,2026,3,4,1,0,5,6,0,1.34,8.0,0.0,75.3,False,0.313,0.108,87.0,375800.0,374114.0
1498,Suburbia,1Story,10250.0,2743.0,846.0,351.0,1949,1988,2,8,1,2,4,6,0,12.1,,0.0,99.0,False,-0.774,0.174,36.0,371800.0,380480.0
1499,Hillcrest,SplitLevel,6652.0,808.0,1883.0,0.0,1929,1930,7,10,3,2,4,6,0,6.77,2.0,25.5,81.4,False,-0.366,0.118,37.0,340600.0,338986.0
1500,Suburbia,1.5Story,7029.0,1409.0,234.0,120.0,1940,1951,3,9,3,0,5,7,2,4.06,6.0,44.0,92.6,False,-0.786,0.137,89.0,285500.0,284145.0
1501,Suburbia,2Story,6892.0,1380.0,1018.0,,1933,1961,4,3,3,1,3,7,0,0.62,5.0,32.7,88.9,False,-0.368,0.26,80.0,293200.0,325711.0
1502,Old Town,1Story,12487.0,1930.0,1023.0,635.0,1937,1969,7,6,2,2,2,3,1,6.61,2.0,58.2,55.8,False,0.704,0.278,77.0,344800.0,327821.0
1503,Hillcrest,1Story,7988.0,1179.0,517.0,556.0,1954,1963,3,6,3,2,3,5,1,2.83,3.0,27.1,58.8,False,0.297,0.696,72.0,310200.0,295204.0
1504,Hillcrest,1Story,8331.0,2775.0,990.0,508.0,1902,1934,4,3,2,2,6,9,1,1.85,8.0,0.0,60.3,True,-0.701,0.486,65.0,427900.0,444102.0
1505,Suburbia,2Story,6945.0,1874.0,1273.0,564.0,1967,1985,5,5,1,1,4,6,2,24.45,1.0,41.9,50.6,False,1.132,0.927,55.0,305800.0,315106.0
1506,Riverside,1Story,9528.0,1782.0,991.0,637.0,2006,2026,2,4,1,2,6,8,2,6.88,9.0,13.4,99.8,True,1.064,0.343,71.0,414900.0,398201.0
1507,Suburbia,1Story,12994.0,2726.0,1531.0,688.0,1954,1964,10,1,3,2,6,9,1,2.43,2.0,37.5,68.8,False,-0.001,0.063,3.0,453100.0,444831.0
1508,Hillcrest,2Story,10165.0,1841.0,35.0,532.0,1909,1937,10,5,2,2,2,6,0,1.52,8.0,0.0,76.3,False,-0.258,0.844,5.0,425100.0,420305.0
1509,Lakeside,1.5Story,10305.0,2070.0,596.0,409.0,1949,1957,8,4,3,0,2,4,2,2.68,7.0,29.5,44.0,True,1.763,0.843,86.0,436700.0,431279.0
1510,Suburbia,1Story,10018.0,1437.0,1570.0,120.0,1942,1947,2,4,3,1,2,4,0,6.29,,49.1,82.7,False,1.607,0.363,9.0,284100.0,279458.0
1511,Downtown,1Story,4999.0,1096.0,1333.0,617.0,1974,2002,5,7,3,0,2,5,1,5.5,,46.6,60.6,False,-1.515,0.07,64.0,343900.0,357100.0
1512,Lakeside,1Story,5963.0,1514.0,1177.0,542.0,1931,1958,4,8,1,1,4,7,1,4.46,5.0,30.0,90.7,True,1.194,0.881,31.0,415800.0,422800.0
1513,Suburbia,SplitLevel,7542.0,3053.0,1468.0,0.0,1937,1949,2,1,1,1,2,4,2,2.35,4.0,34.0,55.7,False,1.724,0.934,74.0,356000.0,343638.0
1514,Suburbia,2Story,6285.0,2198.0,145.0,350.0,1993,2017,9,4,2,0,6,9,0,0.68,2.0,25.1,92.0,False,0.657,0.997,47.0,380600.0,372496.0
1515,Old Town,2Story,5583.0,2001.0,1284.0,0.0,1922,1960,5,1,1,1,4,7,0,6.31,2.0,29.0,84.9,False,-0.467,0.391,30.0,317000.0,313456.0
1516,Lakeside,1Story,4208.0,1313.0,1397.0,419.0,2017,2026,7,9,3,1,5,10,0,13.57,5.0,47.5,59.6,False,-0.346,0.127,71.0,372100.0,380118.0
1517,Downtown,1Story,5058.0,2351.0,673.0,454.0,1937,1957,7,10,1,0,6,6,0,12.28,3.0,20.0,93.5,False,1.711,0.378,98.0,447100.0,434890.0
1518,Old Town,2Story,7407.0,1103.0,,451.0,2002,2010,4,5,2,2,2,5,2,8.5,9.0,22.0,88.7,False,0.835,0.586,78.0,337500.0,349472.0
1519,Downtown,1.5Story,7909.0,988.0,1032.0,532.0,1910,1931,4,10,3,2,4,9,0,5.88,6.0,3.4,76.8,False,0.547,0.043,22.0,386600.0,368288.0
1520,Lakeside,2Story,6139.0,1543.0,29.0,276.0,1940,1976,10,7,1,0,5,5,2,12.38,1.0,47.9,50.1,False,2.333,0.274,88.0,344500.0,353454.0
1521,Hillcrest,2Story,8330.0,2925.0,1110.0,550.0,1947,1973,9,9,2,0,6,7,2,3.4,9.0,28.6,82.4,False,-1.008,0.942,99.0,509800.0,520603.0
1522,Riverside,1Story,6962.0,2894.0,648.0,345.0,1957,1962,6,10,1,0,6,7,0,0.55,3.0,9.7,69.2,False,-0.091,0.044,27.0,419400.0,419065.0
1523,Old Town,1.5Story,11869.0,1602.0,1439.0,350.0,1911,1941,6,6,3,1,3,8,1,6.18,7.0,51.4,68.9,True,0.19,0.151,64.0,352200.0,349526.0
1524,Suburbia,SplitLevel,7657.0,1479.0,1180.0,602.0,1931,1948,1,5,3,1,3,5,2,1.75,9.0,33.0,69.3,False,-0.212,0.581,74.0,310900.0,309691.0
1525,Suburbia,1.5Story,10339.0,948.0,699.0,301.0,2010,2010,3,8,2,0,5,8,2,1.98,7.0,19.1,67.5,False,-1.84,0.958,62.0,258700.0,275058.0
1526,Lakeside,1Story,8700.0,1893.0,1581.0,601.0,2016,2026,1,2,3,2,5,8,0,10.47,5.0,51.8,52.4,False,1.004,0.94,99.0,370500.0,365306.0
1527,Hillcrest,1.5Story,4961.0,1939.0,1345.0,476.0,1955,1967,9,3,1,0,3,5,2,3.03,1.0,27.1,40.7,False,-0.751,0.258,25.0,391100.0,378954.0
1528,Riverside,1.5Story,7850.0,2284.0,602.0,196.0,1914,1953,10,6,1,0,4,7,2,6.29,,2.5,37.0,True,-0.769,0.614,20.0,392200.0,393164.0
1529,Downtown,2Story,5258.0,2351.0,886.0,678.0,1934,1974,2,3,1,1,6,6,0,24.21,6.0,53.1,73.4,True,-0.359,0.965,88.0,376300.0,395409.0
1530,Lakeside,1Story,7802.0,1741.0,1167.0,510.0,2019,2026,3,5,1,2,3,4,1,19.35,10.0,17.1,24.4,False,-0.23,0.63,6.0,352700.0,355302.0
1531,Hillcrest,1.5Story,6243.0,2156.0,797.0,523.0,2015,2026,4,9,3,0,3,7,0,9.4,1.0,94.3,81.1,False,-0.122,0.222,3.0,340200.0,354190.0
1532,Downtown,1Story,9262.0,1465.0,810.0,0.0,2002,2014,9,8,2,1,6,7,1,11.29,2.0,,77.1,False,0.964,0.694,89.0,341900.0,365839.0
1533,Riverside,1.5Story,5065.0,2145.0,965.0,700.0,2008,2010,5,9,1,1,5,7,2,10.19,4.0,0.0,62.6,False,1.169,0.511,84.0,390000.0,396755.0
1534,Suburbia,1Story,8145.0,1571.0,502.0,492.0,1989,1991,1,9,3,1,3,6,2,4.52,8.0,69.0,86.5,False,-0.259,0.494,13.0,315100.0,294955.0
1535,Downtown,1Story,9901.0,2103.0,12.0,559.0,1978,1997,6,4,2,1,3,4,2,9.63,10.0,32.8,63.3,False,-0.598,0.488,82.0,384000.0,385040.0
1536,Riverside,2Story,11133.0,2058.0,1050.0,519.0,1997,2010,2,8,1,2,6,8,0,6.88,2.0,39.0,75.5,False,-0.128,0.113,71.0,358100.0,361484.0
1537,Suburbia,1.5Story,6201.0,1888.0,,405.0,1981,2020,7,4,3,0,3,5,2,13.44,6.0,41.5,32.8,False,-0.894,0.789,90.0,292800.0,283968.0
1538,Suburbia,SplitLevel,8154.0,2287.0,533.0,207.0,1942,1954,9,10,2,1,5,6,2,2.74,10.0,6.7,27.6,False,-0.028,0.347,38.0,373800.0,366240.0
1539,Suburbia,2Story,8643.0,986.0,206.0,494.0,1980,1988,1,2,2,0,4,5,1,16.91,10.0,0.0,63.8,False,-0.946,0.185,32.0,227400.0,245516.0
1540,Hillcrest,1Story,13926.0,1264.0,258.0,681.0,1937,1970,10,3,2,1,3,4,0,10.47,8.0,73.0,75.6,False,2.127,0.441,35.0,374200.0,351083.0
1541,Suburbia,2Story,4825.0,1701.0,1129.0,553.0,1978,2012,7,10,1,2,3,4,0,1.61,8.0,2.6,85.1,False,0.128,0.643,65.0,409100.0,406682.0
1542,Lakeside,2Story,5891.0,1056.0,857.0,289.0,1948,1963,1,3,1,2,5,8,2,12.16,3.0,66.7,64.8,False,-0.538,0.553,94.0,294200.0,283015.0
1543,Hillcrest,SplitLevel,21624.0,1626.0,841.0,636.0,1961,1964,3,7,1,1,6,7,0,28.0,4.0,44.4,72.4,False,0.706,0.819,94.0,324700.0,332062.0
1544,Lakeside,1Story,7364.0,1644.0,397.0,410.0,1922,1926,2,3,1,0,2,3,0,3.67,10.0,,82.2,True,-1.232,0.843,35.0,347100.0,371318.0
1545,Riverside,1Story,4180.0,2570.0,675.0,125.0,2020,2026,9,3,1,2,6,9,0,3.42,7.0,24.6,65.7,False,-0.712,0.621,6.0,392100.0,393538.0
1546,Hillcrest,2Story,6608.0,1928.0,1108.0,623.0,1994,2026,8,7,3,0,3,8,0,9.52,2.0,80.1,78.6,False,0.424,0.552,40.0,384300.0,397945.0
1547,Lakeside,SplitLevel,3074.0,2416.0,928.0,309.0,1913,1928,4,8,3,0,5,8,2,13.19,1.0,20.1,47.7,False,0.135,0.567,44.0,399100.0,384616.0
1548,Suburbia,2Story,8816.0,2016.0,1296.0,0.0,1959,1959,6,3,3,2,3,5,0,8.63,9.0,20.6,38.2,True,1.049,0.393,1.0,331100.0,348596.0
1549,Hillcrest,1.5Story,10758.0,1555.0,1355.0,,1957,1972,4,10,2,2,3,7,2,1.07,2.0,47.4,58.4,False,-2.73,0.469,97.0,365900.0,365593.0
1550,Lakeside,2Story,5889.0,1924.0,844.0,,2011,2011,5,1,1,1,6,8,1,0.88,7.0,20.5,81.9,False,0.818,0.527,18.0,426300.0,418898.0
1551,Downtown,2Story,6872.0,2251.0,172.0,0.0,1995,2012,7,2,2,0,5,9,1,7.25,4.0,13.7,55.2,False,-0.543,0.801,57.0,366500.0,361227.0
1552,Hillcrest,1.5Story,11196.0,2506.0,632.0,848.0,2010,2026,2,10,3,2,6,10,1,4.61,2.0,32.8,79.7,False,-1.17,0.746,36.0,407400.0,413597.0
1553,Hillcrest,2Story,4391.0,1777.0,909.0,620.0,1958,1987,8,1,2,2,2,6,2,10.2,2.0,47.7,49.5,True,-1.723,0.196,71.0,351700.0,373734.0
1554,Hillcrest,1.5Story,5102.0,944.0,624.0,,1919,1921,10,4,2,2,3,4,1,4.11,6.0,71.5,57.5,False,-0.556,0.978,66.0,301300.0,319924.0
1555,Lakeside,2Story,7481.0,905.0,507.0,922.0,1990,2009,10,2,1,2,2,3,0,6.79,9.0,75.6,72.4,False,1.59,0.965,91.0,378700.0,388113.0
1556,Suburbia,1.5Story,6227.0,1670.0,979.0,0.0,1927,1934,2,3,3,1,4,8,2,13.69,1.0,0.0,56.0,False,0.969,0.279,6.0,240800.0,258258.0
1557,Old Town,1.5Story,7311.0,564.0,1971.0,553.0,1980,1999,5,1,2,1,4,7,0,2.11,8.0,54.8,59.0,False,1.634,0.999,27.0,266800.0,267749.0
1558,Riverside,1.5Story,5207.0,2837.0,745.0,310.0,1951,1991,3,4,3,1,6,9,1,6.57,6.0,14.3,22.0,False,-0.114,0.525,34.0,339100.0,348546.0
1559,Suburbia,2Story,8734.0,2178.0,949.0,192.0,1944,1974,7,3,1,1,3,4,2,7.32,8.0,15.3,83.1,False,0.107,0.227,89.0,371500.0,387542.0
1560,Suburbia,1.5Story,7691.0,1500.0,399.0,414.0,1914,1948,4,2,2,1,5,7,1,3.44,6.0,23.2,65.9,True,-1.579,0.72,36.0,283300.0,300854.0
1561,Old Town,SplitLevel,9820.0,1240.0,1472.0,466.0,2000,2001,4,8,1,2,6,6,1,0.73,2.0,21.9,51.0,True,-1.579,0.048,51.0,279100.0,298792.0
1562,Suburbia,2Story,8692.0,2415.0,1317.0,513.0,1986,2017,2,1,2,0,2,6,0,13.37,5.0,,101.0,False,-0.147,0.688,79.0,385400.0,386050.0
1563,Old Town,2Story,8711.0,1237.0,1288.0,233.0,1943,1978,6,5,1,0,4,7,2,2.87,10.0,0.0,53.8,True,-1.376,0.835,91.0,326400.0,335462.0
1564,Old Town,SplitLevel,4884.0,1290.0,1521.0,566.0,1992,2019,6,4,1,1,3,6,1,1.07,9.0,62.9,58.7,False,-0.857,0.351,27.0,302100.0,301812.0
1565,Suburbia,2Story,9628.0,1429.0,771.0,327.0,2024,2026,6,7,2,0,2,5,2,2.14,4.0,51.9,50.7,False,0.043,0.335,66.0,297900.0,298893.0
1566,Riverside,1.5Story,7217.0,1913.0,823.0,557.0,1990,1991,4,4,2,2,4,5,2,0.51,10.0,33.6,87.9,False,1.272,0.272,89.0,385800.0,388349.0
1567,Downtown,1.5Story,7644.0,2191.0,1668.0,610.0,2019,2026,8,5,1,2,3,4,1,17.46,1.0,14.6,93.8,False,0.01,0.407,26.0,475000.0,466990.0
1568,Downtown,2Story,11695.0,2506.0,1216.0,397.0,1959,1993,7,9,2,2,3,6,1,8.32,6.0,58.7,92.0,False,-1.36,0.573,94.0,459200.0,477385.0
1569,Riverside,1Story,6299.0,2425.0,18.0,306.0,1947,1956,2,2,1,1,3,3,1,0.57,8.0,32.7,91.8,False,-1.822,0.762,39.0,351400.0,343295.0
1570,Riverside,1Story,13003.0,1850.0,1141.0,707.0,2006,2025,4,5,2,2,4,5,1,15.56,7.0,22.5,57.2,True,0.12,0.887,22.0,385200.0,380304.0
1571,Hillcrest,1Story,13434.0,2411.0,706.0,600.0,1983,2000,7,6,1,0,3,6,0,7.43,2.0,1.1,98.1,False,-0.629,0.549,79.0,440500.0,442920.0
1572,Riverside,SplitLevel,10546.0,1481.0,1327.0,484.0,1976,1980,2,8,1,2,5,5,1,0.42,2.0,44.7,64.5,False,0.116,0.475,37.0,304800.0,314807.0
1573,Riverside,2Story,5749.0,849.0,1121.0,695.0,1980,1985,4,6,2,0,3,6,1,8.08,8.0,27.3,40.2,False,-0.204,0.375,41.0,301600.0,301154.0
1574,Suburbia,1Story,3770.0,1481.0,219.0,473.0,2025,2026,9,8,3,0,5,7,0,0.96,10.0,39.2,60.3,False,-0.07,0.595,73.0,333500.0,327946.0
1575,Downtown,SplitLevel,11821.0,1407.0,1063.0,361.0,1986,1990,5,8,3,2,4,6,0,11.79,8.0,37.4,73.9,False,1.202,0.145,22.0,351600.0,368969.0
1576,Lakeside,2Story,8425.0,1502.0,1038.0,0.0,2002,2022,6,8,3,1,3,7,1,4.0,9.0,46.7,56.4,True,1.054,0.467,26.0,405500.0,397906.0
1577,Suburbia,SplitLevel,6243.0,1322.0,1103.0,443.0,1904,1906,7,7,1,1,6,6,0,6.31,10.0,38.3,70.6,False,0.369,0.509,71.0,352100.0,330558.0
1578,Suburbia,2Story,12219.0,1596.0,1192.0,583.0,1991,1991,4,10,1,0,5,7,0,10.39,10.0,27.9,77.7,False,-0.895,0.629,82.0,368700.0,369458.0
1579,Old Town,1Story,5994.0,2191.0,1578.0,682.0,1940,1965,9,1,3,1,4,9,2,6.33,8.0,45.1,75.4,False,-0.551,0.069,18.0,420900.0,404793.0
1580,Suburbia,2Story,6985.0,2793.0,1124.0,464.0,1915,1925,1,5,2,1,4,7,2,5.12,8.0,53.0,79.8,False,0.763,0.43,97.0,389800.0,383926.0
1581,Old Town,1.5Story,9737.0,901.0,960.0,654.0,1934,1949,5,9,2,0,5,6,0,11.32,8.0,64.9,64.8,False,1.301,0.762,4.0,278000.0,274716.0
1582,Hillcrest,1.5Story,5488.0,1142.0,1432.0,426.0,2004,2017,6,2,3,2,5,10,0,7.3,4.0,11.6,54.9,False,-1.274,0.784,63.0,323000.0,331704.0
1583,Hillcrest,SplitLevel,7798.0,1415.0,1892.0,335.0,2003,2022,3,9,1,2,5,6,1,7.98,6.0,56.2,41.5,False,1.528,0.543,41.0,317500.0,321729.0
1584,Lakeside,SplitLevel,11863.0,2271.0,1334.0,251.0,1938,1957,8,1,2,2,2,6,0,5.9,3.0,2.2,66.4,False,-0.78,0.872,16.0,428000.0,440142.0
1585,Suburbia,1.5Story,8724.0,1737.0,1037.0,379.0,1924,1929,1,8,2,0,3,4,2,4.2,6.0,54.3,58.3,True,0.669,0.755,78.0,319600.0,307887.0
1586,Old Town,1.5Story,12539.0,1452.0,1132.0,257.0,1952,1952,7,2,3,2,4,6,0,6.71,6.0,22.2,65.9,False,2.801,0.797,0.0,302100.0,311329.0
1587,Hillcrest,1Story,12049.0,2244.0,1058.0,782.0,1941,1959,7,7,2,2,4,7,1,4.44,1.0,50.8,30.7,False,-1.59,0.793,28.0,405200.0,383366.0
1588,Riverside,SplitLevel,8125.0,2376.0,958.0,530.0,1958,1981,8,9,2,1,3,4,1,15.99,,63.9,40.7,False,0.505,0.729,40.0,367400.0,361995.0
1589,Hillcrest,1Story,3577.0,1840.0,1859.0,445.0,1998,2026,3,9,3,1,6,10,1,0.49,10.0,38.6,77.2,False,-0.314,0.856,69.0,413700.0,408832.0
1590,Lakeside,SplitLevel,5503.0,1401.0,635.0,736.0,1941,1949,2,6,1,1,3,5,2,7.27,6.0,34.1,38.6,False,0.447,0.097,22.0,306500.0,322882.0
1591,Lakeside,2Story,10585.0,1999.0,1435.0,,1921,1924,6,10,1,2,4,4,0,1.79,1.0,33.0,64.6,False,-0.619,0.504,5.0,438500.0,430261.0
1592,Downtown,1Story,4710.0,1722.0,897.0,438.0,1913,1937,10,2,2,0,5,7,2,0.57,4.0,25.6,53.0,False,-2.479,0.825,77.0,387800.0,390514.0
1593,Old Town,1.5Story,7228.0,1717.0,328.0,0.0,1986,2022,8,3,2,2,3,4,2,3.1,9.0,57.5,51.9,False,-0.754,0.109,8.0,271500.0,278479.0
1594,Hillcrest,2Story,9122.0,1568.0,871.0,437.0,1925,1934,3,2,2,1,4,5,1,1.87,,32.8,69.5,False,0.347,0.155,46.0,337400.0,345526.0
1595,Suburbia,2Story,13553.0,2359.0,720.0,851.0,1927,1930,5,8,3,0,5,10,1,3.24,9.0,0.0,68.5,False,1.349,0.402,66.0,413700.0,429083.0
1596,Suburbia,SplitLevel,6626.0,1987.0,1193.0,0.0,2001,2017,3,9,1,0,3,3,0,2.38,7.0,52.7,77.8,False,0.406,0.564,63.0,316000.0,315869.0
1597,Lakeside,1Story,6469.0,2420.0,988.0,669.0,1911,1933,8,10,1,0,6,9,2,8.98,8.0,51.6,48.2,False,1.473,0.724,10.0,456500.0,458516.0
1598,Lakeside,2Story,7956.0,2585.0,521.0,674.0,1982,2007,6,6,3,2,4,7,2,8.63,3.0,35.9,52.1,False,-0.493,0.561,60.0,424600.0,440852.0
1599,Suburbia,1Story,9162.0,2102.0,1568.0,460.0,1901,1905,5,2,3,1,5,8,1,0.92,9.0,19.2,88.2,False,-0.575,0.217,1.0,407500.0,401101.0
1600,Lakeside,1Story,7677.0,1571.0,1408.0,382.0,2018,2026,1,2,2,1,5,8,2,7.76,8.0,11.8,64.0,False,0.343,0.848,3.0,391600.0,365244.0
1601,Old Town,1Story,11699.0,2422.0,1616.0,442.0,1989,2003,7,7,1,1,6,9,1,15.24,3.0,19.3,74.6,True,-0.375,0.265,23.0,392000.0,409611.0
1602,Downtown,SplitLevel,6126.0,2106.0,1050.0,302.0,2003,2004,5,9,2,2,5,8,2,3.08,,39.0,59.1,False,1.123,0.858,70.0,384800.0,386221.0
1603,Suburbia,SplitLevel,8451.0,3282.0,935.0,449.0,1983,2020,1,10,2,2,4,5,2,1.18,8.0,0.0,76.2,False,-1.406,0.495,21.0,447800.0,427271.0
1604,Suburbia,1.5Story,9469.0,2021.0,1245.0,459.0,1950,1971,2,8,2,2,5,9,1,7.57,,43.5,23.2,False,0.863,0.04,82.0,281200.0,290813.0
1605,Lakeside,1.5Story,7044.0,2234.0,707.0,730.0,2025,2026,8,9,1,2,4,7,1,2.09,7.0,36.5,88.7,True,1.208,0.48,13.0,508400.0,502922.0
1606,Lakeside,1Story,10871.0,2010.0,1005.0,,1999,2026,8,5,2,0,6,10,1,1.91,5.0,60.7,59.8,False,0.365,0.654,47.0,428000.0,423122.0
1607,Old Town,SplitLevel,8537.0,1795.0,876.0,838.0,1911,1943,5,2,1,1,4,4,0,5.25,3.0,49.0,45.5,False,0.913,0.88,48.0,294000.0,285875.0
1608,Lakeside,2Story,10680.0,1708.0,336.0,120.0,1972,1980,8,5,2,1,5,9,0,8.69,2.0,20.5,48.9,False,-0.649,0.582,58.0,384300.0,361646.0
1609,Hillcrest,2Story,8673.0,2012.0,1004.0,265.0,1968,2007,8,1,2,0,3,5,0,4.46,8.0,1.2,63.3,False,-0.831,0.991,38.0,382700.0,404848.0
1610,Hillcrest,SplitLevel,9244.0,2137.0,765.0,,1936,1957,7,7,2,2,2,4,0,9.2,4.0,18.6,66.0,False,0.352,0.381,14.0,389000.0,386607.0
1611,Lakeside,SplitLevel,6494.0,2485.0,848.0,699.0,1957,1967,3,4,3,2,4,8,0,4.6,6.0,62.6,70.5,False,-0.722,0.246,72.0,408100.0,414331.0
1612,Suburbia,1Story,6498.0,2020.0,1103.0,442.0,2022,2026,5,4,1,2,6,8,2,0.95,3.0,40.9,46.5,False,0.301,0.443,65.0,317500.0,318015.0
1613,Suburbia,1.5Story,12438.0,1595.0,1484.0,225.0,1910,1917,9,1,1,2,5,5,1,5.41,,46.9,83.7,False,0.302,0.658,65.0,350700.0,350163.0
1614,Hillcrest,1Story,10122.0,1670.0,594.0,421.0,2016,2026,4,10,3,0,3,5,0,2.65,1.0,22.4,58.6,False,-0.067,0.095,93.0,327900.0,331526.0
1615,Suburbia,1Story,5664.0,1122.0,809.0,268.0,1988,1999,7,5,1,0,6,8,2,13.34,10.0,44.7,57.7,True,0.282,0.09,88.0,284700.0,298139.0
1616,Lakeside,2Story,8633.0,2764.0,629.0,0.0,1914,1931,9,8,3,2,5,10,0,9.39,4.0,4.6,63.9,False,0.635,0.624,71.0,455000.0,467577.0
1617,Downtown,2Story,3530.0,1552.0,601.0,780.0,1938,1940,6,6,2,2,4,5,2,10.56,6.0,53.7,79.9,False,-0.1,0.384,43.0,416100.0,389752.0
1618,Riverside,1Story,6628.0,2382.0,700.0,404.0,2005,2026,6,7,2,1,6,9,0,2.44,5.0,11.9,67.4,False,-0.477,0.783,1.0,374100.0,391223.0
1619,Old Town,1Story,11343.0,2002.0,867.0,488.0,1988,2000,2,5,2,0,5,7,0,8.93,4.0,0.0,58.2,False,0.823,0.264,21.0,316400.0,301180.0
1620,Downtown,1Story,7756.0,2017.0,1196.0,445.0,1909,1935,5,7,3,0,3,5,0,5.22,9.0,80.2,62.2,False,0.273,0.433,30.0,375100.0,387867.0
1621,Lakeside,2Story,8444.0,1785.0,1085.0,0.0,1918,1932,1,2,2,0,2,6,1,5.39,10.0,37.7,89.9,False,0.451,0.515,29.0,376800.0,375590.0
1622,Riverside,SplitLevel,2819.0,1417.0,506.0,325.0,2017,2026,2,10,3,0,3,7,2,26.83,,37.1,87.0,False,0.583,0.942,95.0,301700.0,277338.0
1623,Suburbia,1Story,7064.0,1317.0,1494.0,410.0,1919,1941,6,5,1,0,2,3,1,3.33,1.0,0.0,74.6,False,0.149,0.007,6.0,339000.0,329187.0
1624,Downtown,SplitLevel,9122.0,2801.0,1347.0,514.0,1978,1989,3,1,1,1,2,3,0,1.12,4.0,47.5,70.7,False,-0.344,0.217,66.0,397800.0,415571.0
1625,Hillcrest,2Story,9536.0,1913.0,572.0,,2025,2026,4,10,1,1,4,5,0,12.5,2.0,52.7,109.6,True,-0.617,0.092,48.0,407200.0,411322.0
1626,Suburbia,1Story,11348.0,2469.0,1464.0,612.0,1920,1944,4,1,1,1,6,9,1,20.02,,31.0,76.3,False,-0.088,0.991,32.0,360800.0,361146.0
1627,Hillcrest,SplitLevel,7528.0,2612.0,1087.0,0.0,1905,1913,5,5,3,1,5,10,1,3.91,9.0,52.8,71.3,False,0.482,0.132,73.0,406000.0,393218.0
1628,Lakeside,1Story,7647.0,1624.0,884.0,618.0,2002,2007,7,8,1,2,4,4,2,1.71,1.0,58.4,64.4,True,0.528,0.823,60.0,409300.0,408670.0
1629,Lakeside,2Story,5084.0,2083.0,1100.0,536.0,2019,2026,5,4,1,0,3,6,0,4.43,1.0,45.5,74.4,False,0.144,0.52,84.0,407400.0,409354.0
1630,Hillcrest,2Story,7543.0,1875.0,939.0,360.0,1964,1981,9,3,2,0,5,7,0,0.84,4.0,0.0,22.0,False,0.352,0.782,16.0,388500.0,367258.0
1631,Riverside,2Story,5211.0,1214.0,1179.0,0.0,1929,1937,5,3,1,0,4,6,2,3.01,6.0,12.0,86.5,False,-1.105,0.302,27.0,350100.0,330517.0
1632,Suburbia,1Story,4244.0,1748.0,1029.0,0.0,1907,1918,10,7,1,0,2,5,0,12.2,5.0,68.7,45.1,True,-0.464,0.475,92.0,322800.0,314142.0
1633,Suburbia,1Story,5542.0,2173.0,808.0,468.0,2014,2026,10,6,2,0,4,6,2,5.75,8.0,36.6,55.1,False,0.671,0.978,87.0,375900.0,383688.0
1634,Suburbia,2Story,13740.0,1576.0,99.0,537.0,2000,2026,5,6,2,2,2,4,1,2.22,8.0,36.7,42.8,False,-0.833,0.095,38.0,267700.0,300530.0
1635,Old Town,1Story,7371.0,1671.0,1171.0,322.0,2012,2026,8,6,3,2,4,8,1,12.39,1.0,18.4,54.7,False,0.141,0.621,40.0,297100.0,312971.0
1636,Hillcrest,2Story,8751.0,1755.0,793.0,779.0,1999,2026,5,4,2,0,2,4,0,0.85,8.0,22.3,61.9,False,0.052,0.958,19.0,369400.0,388470.0
1637,Hillcrest,1Story,6770.0,3011.0,1277.0,0.0,1954,1971,9,10,3,2,3,6,2,1.03,1.0,58.9,84.0,False,-0.114,0.127,7.0,460400.0,461121.0
1638,Old Town,1.5Story,4330.0,841.0,1152.0,552.0,1960,1998,8,3,1,0,6,8,0,2.58,10.0,65.0,91.2,True,0.679,0.84,7.0,335700.0,324051.0
1639,Lakeside,2Story,11245.0,2126.0,804.0,519.0,1948,1985,4,9,1,0,2,3,0,6.0,,50.9,102.9,False,0.227,0.276,0.0,467500.0,443032.0
1640,Suburbia,2Story,3789.0,1711.0,1380.0,563.0,1992,2001,4,8,2,0,2,5,1,15.17,10.0,46.0,69.8,True,-1.197,0.201,3.0,385500.0,369694.0
1641,Suburbia,2Story,6673.0,1498.0,1036.0,347.0,1912,1919,9,1,1,2,3,3,0,0.56,10.0,47.5,64.1,True,0.516,0.166,37.0,352400.0,361188.0
1642,Downtown,2Story,7950.0,1697.0,1019.0,,1905,1941,6,2,1,1,6,6,0,6.54,2.0,33.6,82.0,False,-0.507,0.736,64.0,396000.0,392815.0
1643,Riverside,1Story,8784.0,2217.0,892.0,443.0,2021,2026,7,6,2,2,6,7,0,1.77,4.0,10.9,52.6,False,-1.364,0.036,64.0,388900.0,383954.0
1644,Lakeside,2Story,6284.0,2248.0,1657.0,0.0,1940,1974,7,2,2,1,5,7,1,0.59,2.0,6.6,50.6,False,0.742,0.421,68.0,407800.0,427050.0
1645,Lakeside,2Story,4259.0,1952.0,650.0,285.0,1904,1922,2,9,1,1,5,5,2,0.77,10.0,61.3,61.4,False,-1.186,0.697,64.0,366700.0,377530.0
1646,Riverside,SplitLevel,6122.0,2451.0,814.0,0.0,1984,2019,3,5,1,2,6,7,2,11.07,5.0,34.3,67.4,False,-0.355,0.14,65.0,326300.0,331639.0
1647,Hillcrest,SplitLevel,6235.0,2548.0,430.0,205.0,1950,1981,10,9,1,2,3,4,2,8.37,9.0,44.5,30.8,True,0.294,0.224,38.0,434900.0,408510.0
1648,Suburbia,2Story,6182.0,2299.0,1255.0,748.0,1929,1959,3,2,1,1,4,4,0,3.43,6.0,39.2,87.2,False,-0.073,0.152,31.0,389200.0,384419.0
1649,Old Town,1Story,11379.0,1550.0,705.0,628.0,1954,1978,9,1,3,2,2,6,0,0.74,9.0,40.2,72.3,False,-0.624,0.026,42.0,326100.0,342319.0
1650,Suburbia,1Story,5299.0,2122.0,753.0,0.0,1956,1966,4,7,1,0,4,5,0,8.39,6.0,41.9,82.4,False,-0.994,0.457,79.0,308400.0,313672.0
1651,Lakeside,SplitLevel,9003.0,2125.0,733.0,735.0,1977,2007,9,9,3,2,6,8,0,8.9,1.0,48.9,39.7,False,-0.76,0.497,54.0,420400.0,414798.0
1652,Lakeside,SplitLevel,8565.0,1401.0,976.0,404.0,2017,2026,6,10,3,0,2,5,0,1.08,5.0,19.6,56.0,False,-1.077,0.946,83.0,380700.0,383775.0
1653,Lakeside,2Story,11341.0,987.0,425.0,321.0,2011,2026,1,8,1,0,5,5,1,6.04,7.0,58.6,55.1,False,-0.126,0.728,33.0,288600.0,293006.0
1654,Downtown,2Story,7734.0,737.0,8.0,120.0,2004,2026,3,8,1,2,4,6,0,12.29,10.0,20.2,64.4,False,-0.545,0.97,60.0,285000.0,275985.0
1655,Old Town,1Story,10688.0,1888.0,1142.0,395.0,1962,1963,10,1,2,1,6,8,0,26.37,9.0,39.8,67.4,False,-1.379,0.757,64.0,361200.0,343865.0
1656,Hillcrest,SplitLevel,7629.0,2014.0,62.0,743.0,1970,2000,3,7,2,0,4,7,1,6.02,6.0,11.3,83.7,False,-0.289,0.979,61.0,383200.0,368157.0
1657,Lakeside,SplitLevel,9434.0,1200.0,1309.0,0.0,1916,1926,3,8,1,0,4,4,2,5.19,9.0,31.7,69.8,False,-0.643,0.248,10.0,345300.0,348994.0
1658,Suburbia,2Story,4788.0,2425.0,1605.0,426.0,1972,1980,2,4,3,0,2,5,1,10.64,10.0,21.8,54.7,False,0.268,0.168,19.0,369800.0,371879.0
1659,Hillcrest,1Story,3218.0,1934.0,881.0,371.0,1984,1987,7,10,2,2,4,8,1,9.32,9.0,35.5,107.4,False,0.362,0.391,62.0,423800.0,427644.0
1660,Downtown,2Story,9248.0,2592.0,1496.0,520.0,2011,2017,9,10,2,0,6,7,0,9.37,10.0,49.7,63.2,False,1.342,0.492,85.0,512200.0,499171.0
1661,Lakeside,1.5Story,9423.0,2054.0,940.0,666.0,1905,1925,10,9,3,2,2,7,2,2.18,4.0,36.5,51.7,False,0.648,0.825,48.0,302400.0,465301.0
1662,Suburbia,SplitLevel,9570.0,1264.0,1622.0,214.0,2008,2019,9,9,1,2,2,3,0,13.85,5.0,74.2,34.1,False,-1.088,0.541,8.0,266800.0,290549.0
1663,Suburbia,1Story,6743.0,2102.0,758.0,0.0,1965,1980,9,6,3,0,6,8,2,26.01,1.0,50.9,69.6,False,-2.173,0.952,86.0,323700.0,317690.0
1664,Lakeside,2Story,13649.0,2219.0,0.0,698.0,1911,1931,10,9,2,2,3,4,0,4.28,2.0,30.4,80.4,False,-1.519,0.289,80.0,475200.0,468652.0
1665,Old Town,1Story,6898.0,1549.0,916.0,577.0,2025,2026,6,1,2,1,5,7,2,10.16,9.0,33.3,47.5,False,-0.503,0.579,81.0,289200.0,294216.0
1666,Suburbia,1Story,9389.0,1057.0,1667.0,418.0,1958,1975,9,3,1,1,5,8,2,11.29,4.0,42.6,79.2,False,-1.608,0.652,41.0,357900.0,334924.0
1667,Suburbia,SplitLevel,9978.0,1905.0,1175.0,733.0,1951,1969,7,7,1,1,4,5,1,14.4,5.0,49.1,69.5,True,-0.616,0.156,64.0,372900.0,379643.0
1668,Lakeside,1Story,14788.0,1300.0,734.0,242.0,1924,1960,2,2,3,0,4,6,1,1.92,4.0,10.3,36.1,False,0.032,0.786,9.0,320900.0,303329.0
1669,Downtown,SplitLevel,7252.0,2466.0,1088.0,609.0,1909,1920,1,9,2,2,5,7,2,5.18,10.0,47.7,79.3,False,-0.563,0.639,2.0,407400.0,423946.0
1670,Suburbia,2Story,6447.0,1626.0,1358.0,0.0,1910,1910,1,2,3,2,3,8,2,16.21,9.0,10.8,63.2,False,0.279,0.192,6.0,293900.0,290494.0
1671,Hillcrest,2Story,4797.0,2799.0,914.0,557.0,1933,1965,4,4,3,0,2,7,0,7.11,8.0,45.8,47.7,False,-0.609,0.414,42.0,394000.0,404005.0
1672,Suburbia,1Story,13951.0,682.0,2053.0,120.0,1936,1939,5,3,2,0,6,9,1,3.95,10.0,57.0,85.2,False,-0.762,0.641,98.0,302900.0,303827.0
1673,Suburbia,2Story,9391.0,1924.0,733.0,418.0,1958,1989,7,6,1,1,2,5,2,3.29,6.0,41.0,84.9,False,1.708,0.733,5.0,304200.0,374691.0
1674,Downtown,2Story,9495.0,2636.0,1371.0,578.0,1976,1989,6,1,1,1,2,5,1,12.04,2.0,0.0,47.3,False,-0.033,0.417,56.0,429300.0,436376.0
1675,Suburbia,1.5Story,24121.0,1360.0,1270.0,450.0,2024,2026,4,9,2,2,5,7,2,4.11,7.0,0.0,73.3,False,0.112,0.722,75.0,357000.0,365598.0
1676,Old Town,2Story,9079.0,1762.0,656.0,661.0,2000,2006,8,9,3,2,4,9,1,4.46,1.0,46.3,71.7,False,0.844,0.261,44.0,347800.0,350599.0
1677,Suburbia,2Story,5137.0,1628.0,772.0,655.0,1961,1967,9,8,2,0,3,4,0,5.03,5.0,0.0,66.8,True,0.877,0.305,5.0,443500.0,396990.0
1678,Hillcrest,2Story,7566.0,1474.0,1378.0,307.0,2014,2026,3,2,2,0,2,6,0,5.15,9.0,47.2,58.7,False,-0.366,0.012,92.0,333100.0,330602.0
1679,Suburbia,2Story,5761.0,1985.0,1011.0,592.0,1970,1987,3,3,2,1,3,6,0,3.98,2.0,54.7,65.3,False,1.046,0.488,89.0,317700.0,315931.0
1680,Riverside,SplitLevel,7055.0,1138.0,1092.0,301.0,1953,1982,10,3,1,1,2,4,2,6.32,6.0,57.7,84.9,False,-0.449,0.188,46.0,351200.0,345774.0
1681,Suburbia,SplitLevel,7038.0,1789.0,263.0,469.0,1927,1953,10,7,2,2,4,8,2,4.53,8.0,30.2,75.4,False,1.016,0.602,84.0,346100.0,367323.0
1682,Suburbia,2Story,6598.0,2134.0,1226.0,565.0,1953,1993,4,9,3,1,4,7,1,1.33,8.0,43.8,33.3,False,-1.234,0.966,84.0,366800.0,355384.0
1683,Suburbia,1.5Story,4976.0,1732.0,1071.0,326.0,1905,1932,6,9,3,0,6,8,1,0.85,6.0,39.2,29.4,True,-0.307,1.0,65.0,337100.0,328347.0
1684,Hillcrest,1.5Story,14149.0,1300.0,923.0,586.0,1919,1927,6,10,2,2,6,9,1,3.94,4.0,5.5,34.6,True,0.223,0.374,85.0,345000.0,367080.0
1685,Downtown,SplitLevel,8997.0,2417.0,1102.0,379.0,2019,2022,7,7,1,1,4,6,2,6.74,3.0,49.9,43.6,False,0.361,0.734,69.0,427500.0,397732.0
1686,Lakeside,1Story,7488.0,2252.0,778.0,367.0,1924,1934,9,3,3,1,4,6,1,0.71,2.0,62.8,54.4,False,-0.844,0.961,75.0,407800.0,407736.0
1687,Riverside,2Story,10564.0,1277.0,701.0,0.0,1971,2011,2,4,3,2,5,8,1,12.02,8.0,48.8,59.9,False,-1.649,0.523,11.0,253000.0,266860.0
1688,Riverside,1Story,9556.0,1138.0,848.0,0.0,1912,1943,6,3,3,1,3,6,1,14.04,3.0,24.9,66.8,False,0.46,0.334,9.0,282400.0,278533.0
1689,Riverside,SplitLevel,8924.0,1326.0,755.0,318.0,1975,2005,3,1,2,2,5,9,0,8.34,7.0,49.8,67.4,False,-0.207,0.156,15.0,263100.0,274349.0
1690,Hillcrest,1.5Story,10298.0,2150.0,1866.0,627.0,2022,2026,8,9,1,1,2,5,2,2.5,1.0,61.0,67.1,False,-0.391,0.176,95.0,421000.0,440954.0
1691,Suburbia,1Story,8492.0,2002.0,1333.0,477.0,1957,1976,6,6,2,1,6,7,2,5.41,3.0,58.3,88.6,False,1.654,0.854,41.0,366100.0,369433.0
1692,Old Town,2Story,10245.0,2285.0,543.0,227.0,1916,1944,8,10,1,1,6,8,0,5.91,4.0,55.5,37.8,False,-0.293,0.259,62.0,320700.0,323518.0
1693,Lakeside,1.5Story,10547.0,1671.0,1805.0,597.0,1902,1940,10,9,3,1,6,10,0,3.73,8.0,3.2,74.0,False,-0.517,0.271,57.0,486700.0,506133.0
1694,Suburbia,SplitLevel,8578.0,1341.0,768.0,395.0,1995,2018,8,7,2,1,3,5,1,2.5,1.0,43.0,73.9,False,-1.8,0.747,40.0,300700.0,310354.0
1695,Suburbia,1Story,7502.0,2355.0,962.0,236.0,1912,1912,9,1,1,0,5,8,2,11.62,5.0,47.9,45.3,False,-1.083,0.837,70.0,326200.0,339029.0
1696,Riverside,1.5Story,13844.0,1546.0,1327.0,120.0,1940,1975,9,5,3,0,4,9,0,7.8,5.0,55.8,77.6,True,0.876,0.208,76.0,378500.0,382914.0
1697,Lakeside,1Story,6855.0,1953.0,123.0,605.0,2006,2026,7,5,2,1,6,7,2,13.09,4.0,45.3,74.7,False,-0.725,0.689,95.0,399500.0,391447.0
1698,Suburbia,1Story,9292.0,998.0,850.0,322.0,1967,1968,4,7,1,0,2,3,0,3.09,8.0,66.0,67.2,False,0.629,0.447,7.0,262600.0,260809.0
1699,Old Town,1Story,9366.0,1537.0,709.0,261.0,2010,2026,4,6,3,1,3,7,0,11.26,10.0,0.0,24.5,False,-1.293,0.277,35.0,261600.0,261992.0
1700,Suburbia,1.5Story,6546.0,2405.0,1036.0,0.0,2009,2026,4,8,1,1,2,5,0,0.98,1.0,46.2,85.3,False,-0.869,0.52,17.0,317800.0,340419.0
1701,Old Town,SplitLevel,6107.0,1456.0,1105.0,589.0,1983,2022,7,1,2,0,6,9,1,2.88,10.0,44.6,72.1,False,-0.895,0.777,54.0,321600.0,321935.0
1702,Old Town,1Story,7159.0,2298.0,918.0,334.0,2017,2026,9,2,2,1,2,6,1,6.11,9.0,53.1,75.3,True,0.477,0.099,67.0,370900.0,384385.0
1703,Hillcrest,1Story,6821.0,568.0,,606.0,1904,1943,4,10,1,0,2,4,1,4.41,9.0,65.8,22.0,False,-0.212,0.071,17.0,233800.0,255051.0
1704,Suburbia,1Story,4864.0,1542.0,1397.0,789.0,1930,1930,6,5,1,1,2,3,1,8.63,2.0,17.2,58.4,False,-1.111,0.912,62.0,346800.0,335984.0
1705,Riverside,2Story,6451.0,1756.0,1077.0,675.0,1934,1940,5,9,3,1,6,8,2,4.23,4.0,65.2,42.2,False,0.714,0.963,5.0,334100.0,350520.0
1706,Old Town,2Story,8894.0,2808.0,967.0,651.0,2014,2026,7,9,1,1,4,4,2,6.25,7.0,51.3,91.3,False,0.494,0.529,52.0,443100.0,441973.0
1707,Downtown,2Story,12621.0,1207.0,1012.0,510.0,1978,2002,9,2,1,1,2,5,2,4.89,3.0,31.3,48.1,True,0.34,0.144,97.0,377500.0,383487.0
1708,Hillcrest,1Story,9838.0,2219.0,1721.0,0.0,1931,1947,5,8,3,2,3,8,1,1.43,3.0,16.8,94.6,False,0.295,0.079,67.0,413700.0,425536.0
1709,Suburbia,2Story,3262.0,2431.0,1023.0,451.0,1926,1936,4,2,1,1,4,7,0,12.15,6.0,38.9,85.2,False,-0.854,0.156,78.0,379100.0,364021.0
1710,Hillcrest,1Story,10142.0,1453.0,734.0,531.0,2001,2011,3,2,2,1,6,7,2,4.0,9.0,40.7,72.0,True,1.259,0.283,94.0,339800.0,347204.0
1711,Suburbia,1.5Story,6665.0,1645.0,148.0,259.0,2008,2026,5,3,1,1,3,6,2,12.87,2.0,41.8,88.4,False,-0.101,0.684,52.0,271600.0,278200.0
1712,Hillcrest,2Story,9496.0,1928.0,348.0,337.0,1901,1941,5,8,2,2,2,6,2,3.97,1.0,22.5,51.0,False,0.268,0.11,13.0,335100.0,344235.0
1713,Old Town,1Story,8063.0,1035.0,754.0,232.0,1946,1979,2,1,3,1,5,10,2,2.75,,47.2,54.2,True,0.383,0.137,58.0,238200.0,236022.0
1714,Old Town,SplitLevel,7575.0,1600.0,904.0,498.0,1967,1974,10,7,1,0,4,5,0,15.9,5.0,26.9,84.6,False,-0.945,0.713,34.0,345500.0,347480.0
1715,Hillcrest,1Story,7818.0,2552.0,717.0,473.0,1929,1935,9,4,1,2,2,3,1,0.76,1.0,59.3,51.1,True,1.896,0.257,95.0,399000.0,407680.0
1716,Suburbia,2Story,8040.0,2137.0,1097.0,356.0,1991,2001,3,3,2,2,4,6,2,11.8,10.0,69.2,44.1,False,-0.027,0.216,29.0,303800.0,315239.0
1717,Hillcrest,1Story,12972.0,1764.0,711.0,591.0,1995,2025,10,3,3,1,4,6,2,2.66,3.0,18.7,62.2,False,0.033,0.583,52.0,399500.0,400032.0
1718,Suburbia,1Story,8048.0,1912.0,566.0,293.0,2005,2005,3,4,2,1,3,6,0,0.76,2.0,36.2,52.1,False,-0.413,0.079,93.0,263800.0,271850.0
1719,Suburbia,1Story,11848.0,2169.0,1207.0,350.0,1999,2026,5,4,3,0,3,8,2,1.88,7.0,54.4,101.6,False,1.15,0.629,74.0,408100.0,386794.0
1720,Suburbia,2Story,11259.0,2275.0,1525.0,585.0,2005,2026,2,4,2,2,2,4,0,2.63,8.0,40.5,82.0,False,1.192,0.019,18.0,384200.0,390744.0
1721,Downtown,1Story,10234.0,1544.0,485.0,609.0,1946,1973,7,6,1,2,6,6,1,3.21,2.0,7.9,57.6,False,0.158,0.233,87.0,372100.0,367974.0
1722,Lakeside,1Story,4336.0,2694.0,1052.0,333.0,1937,1972,5,10,3,2,2,5,2,5.28,8.0,52.3,50.0,False,-1.466,0.45,36.0,440400.0,441543.0
1723,Suburbia,2Story,11978.0,2574.0,150.0,497.0,1939,1963,3,5,3,1,4,9,0,2.09,4.0,22.9,74.1,False,-0.164,0.631,70.0,354200.0,357801.0
1724,Riverside,1Story,6903.0,2222.0,331.0,335.0,2007,2026,3,2,1,0,2,4,0,2.23,4.0,39.0,89.4,False,-0.065,0.204,90.0,342800.0,331697.0
1725,Riverside,2Story,10410.0,1386.0,703.0,428.0,1981,2000,10,7,1,0,6,6,2,13.68,7.0,15.1,73.2,False,-0.452,0.879,97.0,393700.0,386554.0
1726,Downtown,1Story,5765.0,1289.0,1427.0,483.0,1940,1966,7,9,2,2,3,5,2,0.99,1.0,50.9,50.9,False,-0.983,0.919,67.0,368200.0,361298.0
1727,Hillcrest,SplitLevel,5352.0,1670.0,623.0,550.0,1990,2005,2,6,1,0,6,7,0,0.47,2.0,26.6,42.1,False,-1.554,0.481,73.0,296500.0,289734.0
1728,Suburbia,2Story,16183.0,1883.0,607.0,511.0,1929,1931,2,6,3,2,2,4,2,3.31,9.0,53.0,61.2,False,1.471,0.272,3.0,308300.0,328260.0
1729,Downtown,1Story,5797.0,877.0,965.0,504.0,1933,1934,1,7,1,0,3,4,1,8.4,10.0,30.7,73.7,False,0.742,0.11,95.0,317400.0,311983.0
1730,Hillcrest,1Story,12102.0,2122.0,966.0,287.0,1900,1929,3,9,1,2,3,6,2,7.65,10.0,25.4,59.5,False,0.034,0.939,96.0,375600.0,378681.0
1731,Old Town,1Story,8446.0,2558.0,620.0,,2021,2026,8,1,1,1,2,3,1,1.66,8.0,43.2,86.1,False,-0.65,0.134,21.0,379500.0,385885.0
1732,Downtown,SplitLevel,6995.0,2167.0,1784.0,,1929,1945,1,10,3,1,4,8,1,15.68,2.0,13.5,77.5,False,0.36,0.299,6.0,452200.0,409416.0
1733,Suburbia,1Story,7977.0,1478.0,839.0,570.0,1994,2024,3,9,1,2,4,6,0,2.36,4.0,,72.3,False,0.204,0.329,94.0,272700.0,290925.0
1734,Lakeside,2Story,5139.0,1413.0,998.0,345.0,1914,1933,1,10,2,1,4,7,1,2.2,9.0,38.7,77.1,True,-0.401,0.268,52.0,391500.0,392638.0
1735,Suburbia,SplitLevel,8064.0,2015.0,781.0,606.0,1904,1914,7,5,3,1,4,7,1,24.36,8.0,23.7,43.0,False,0.39,0.002,17.0,332400.0,334477.0
1736,Suburbia,1.5Story,5547.0,1766.0,1135.0,249.0,1985,2008,9,9,1,2,2,4,1,0.79,,27.0,59.0,False,0.512,0.207,24.0,372700.0,373678.0
1737,Old Town,1.5Story,7056.0,2094.0,1469.0,0.0,1912,1927,6,1,1,1,3,5,0,3.94,5.0,35.4,49.3,False,0.687,0.749,66.0,291100.0,303663.0
1738,Lakeside,2Story,11202.0,2181.0,1649.0,416.0,1918,1957,10,5,1,0,4,6,1,7.35,,54.9,74.9,True,-0.888,0.205,63.0,507000.0,504237.0
1739,Riverside,2Story,8857.0,2451.0,630.0,258.0,1941,1970,7,9,1,2,5,8,0,6.9,8.0,17.1,49.5,False,0.431,0.764,61.0,384900.0,398783.0
1740,Suburbia,1Story,4823.0,1227.0,1412.0,413.0,1973,2003,8,3,1,1,3,3,2,1.09,8.0,27.6,69.5,False,1.178,0.416,28.0,343600.0,340123.0
1741,Lakeside,2Story,10916.0,1972.0,1181.0,495.0,1902,1930,4,8,3,1,4,6,1,0.97,8.0,34.0,65.0,False,0.296,0.081,76.0,441600.0,439636.0
1742,Lakeside,2Story,8083.0,1650.0,1359.0,0.0,1915,1943,9,4,3,0,6,11,1,2.49,1.0,65.8,78.8,False,2.208,0.827,81.0,399300.0,402353.0
1743,Downtown,1.5Story,6702.0,1796.0,911.0,397.0,1942,1973,7,6,2,0,5,8,2,8.33,3.0,55.0,46.5,False,-0.18,0.635,4.0,357500.0,358427.0
1744,Old Town,2Story,10523.0,2325.0,871.0,180.0,1988,2005,1,7,3,0,2,5,1,7.78,5.0,66.8,76.1,False,-1.718,0.612,56.0,327000.0,307370.0
1745,Suburbia,2Story,7642.0,2385.0,1343.0,0.0,1912,1945,1,9,1,2,3,5,2,4.08,,35.6,48.7,False,-0.849,0.15,69.0,337300.0,330099.0
1746,Suburbia,2Story,5388.0,2619.0,1351.0,494.0,1935,1936,9,4,2,2,2,6,2,2.09,10.0,63.7,50.6,False,-0.669,0.623,31.0,425700.0,423548.0
1747,Suburbia,1Story,15471.0,2084.0,1608.0,480.0,1924,1951,3,8,2,1,6,10,2,5.21,4.0,60.3,65.4,False,0.559,0.797,69.0,359500.0,354203.0
1748,Riverside,1Story,8054.0,1789.0,1033.0,497.0,1938,1960,5,5,1,2,6,9,1,7.22,8.0,48.9,89.5,True,0.832,0.996,86.0,389200.0,388713.0
1749,Riverside,SplitLevel,7876.0,1711.0,905.0,557.0,1932,1932,8,4,2,1,4,7,1,0.85,7.0,50.5,52.9,False,0.136,0.671,89.0,274100.0,355452.0
1750,Hillcrest,2Story,7032.0,896.0,0.0,617.0,1980,2007,8,1,2,2,3,6,2,3.25,3.0,23.1,36.0,False,0.293,0.432,77.0,277200.0,284682.0
1751,Suburbia,2Story,12246.0,2587.0,273.0,210.0,1908,1908,1,1,3,0,5,9,1,15.72,2.0,71.6,51.0,False,1.915,0.819,70.0,292700.0,265331.0
1752,Lakeside,1Story,6743.0,1673.0,784.0,0.0,2018,2026,7,8,2,2,2,4,0,20.36,7.0,30.1,61.1,False,-0.831,0.05,49.0,367500.0,365192.0
1753,Old Town,1Story,4719.0,2128.0,488.0,659.0,1930,1951,10,2,2,1,5,8,1,6.78,4.0,46.2,101.6,False,-0.073,0.419,9.0,412000.0,377014.0
1754,Suburbia,1Story,6390.0,2223.0,1292.0,449.0,2024,2026,4,2,1,2,6,6,0,1.22,3.0,48.5,75.0,True,-0.452,0.732,49.0,384200.0,356749.0
1755,Hillcrest,SplitLevel,12892.0,1165.0,400.0,0.0,1991,2016,6,2,2,0,2,6,2,12.85,3.0,7.6,54.4,False,-1.174,0.359,78.0,264400.0,270650.0
1756,Riverside,1Story,10843.0,1342.0,739.0,,1945,1957,3,4,1,2,4,5,1,5.58,3.0,34.0,65.5,False,-2.025,0.059,46.0,274800.0,271822.0
1757,Downtown,1Story,7411.0,2701.0,756.0,261.0,1938,1963,8,2,2,0,2,5,0,12.06,1.0,39.1,96.3,False,1.297,0.111,92.0,432500.0,427962.0
1758,Old Town,SplitLevel,13104.0,2010.0,1456.0,543.0,2019,2026,2,6,2,1,5,8,1,17.37,,32.7,63.7,False,-0.764,0.167,54.0,319400.0,307887.0
1759,Old Town,2Story,10528.0,1531.0,695.0,652.0,2025,2026,6,9,1,2,5,6,0,1.55,10.0,34.2,63.9,True,-0.25,0.831,0.0,362100.0,360431.0
1760,Old Town,SplitLevel,7381.0,1781.0,1140.0,577.0,1977,1980,5,6,2,1,2,4,2,12.46,2.0,64.9,60.7,False,0.431,0.721,85.0,308700.0,293743.0
1761,Hillcrest,1Story,7646.0,2447.0,1032.0,448.0,1905,1910,7,7,3,1,6,8,1,2.68,5.0,18.5,80.5,False,-1.19,0.764,44.0,420200.0,441934.0
1762,Lakeside,1Story,9093.0,2364.0,,768.0,2014,2026,5,9,3,2,3,5,0,15.68,5.0,9.6,58.5,False,-0.834,0.909,7.0,454100.0,461619.0
1763,Lakeside,SplitLevel,6056.0,1044.0,1307.0,621.0,1960,1962,10,9,3,2,4,9,1,1.31,8.0,23.3,83.7,False,-0.022,0.303,68.0,446100.0,448501.0
1764,Downtown,1Story,8116.0,2749.0,936.0,0.0,1903,1942,10,7,2,2,3,6,0,4.52,4.0,49.9,87.1,True,-0.438,0.743,38.0,464300.0,472586.0
1765,Downtown,1Story,9027.0,2381.0,238.0,809.0,2001,2002,3,1,2,0,6,9,1,3.04,9.0,51.8,79.0,False,-1.276,0.365,78.0,373000.0,394476.0
1766,Downtown,2Story,4490.0,1766.0,853.0,285.0,1904,1925,1,8,1,2,5,5,2,0.48,8.0,47.1,64.0,False,0.607,0.786,75.0,360400.0,349499.0
1767,Old Town,1.5Story,7584.0,1195.0,942.0,225.0,1946,1986,5,8,3,1,6,11,1,8.83,6.0,53.2,42.8,True,-0.464,0.696,94.0,252500.0,266192.0
1768,Downtown,1Story,7288.0,2430.0,1070.0,393.0,1909,1936,6,4,1,1,3,4,1,0.65,9.0,40.1,64.0,False,0.137,0.99,96.0,416700.0,425014.0
1769,Downtown,2Story,11612.0,2112.0,640.0,339.0,1955,1980,8,2,3,2,4,7,1,2.13,4.0,24.6,56.0,False,0.057,0.757,75.0,414500.0,405137.0
1770,Suburbia,1.5Story,4249.0,1048.0,1429.0,402.0,2001,2026,6,2,3,1,4,8,1,3.46,5.0,16.1,54.0,True,0.97,0.006,15.0,328000.0,312864.0
1771,Riverside,1Story,7090.0,1722.0,956.0,588.0,1916,1944,6,3,2,2,3,6,0,11.8,6.0,9.8,63.7,False,0.353,0.7,81.0,349100.0,356116.0
1772,Suburbia,1Story,6846.0,3569.0,563.0,,1917,1923,1,8,2,1,6,7,0,9.51,2.0,30.5,76.6,False,-0.863,0.102,4.0,374200.0,387069.0
1773,Suburbia,2Story,11339.0,1859.0,758.0,459.0,2020,2026,8,10,3,0,6,11,2,3.91,1.0,50.8,56.8,False,1.162,0.546,45.0,449100.0,354280.0
1774,Old Town,1Story,7981.0,1442.0,1760.0,469.0,1922,1929,4,2,1,2,6,6,2,8.87,10.0,,43.3,False,-0.473,0.157,80.0,308600.0,294766.0
1775,Suburbia,2Story,15194.0,1295.0,1229.0,120.0,1914,1922,4,5,3,1,4,8,0,2.52,1.0,35.5,50.7,False,-0.814,0.495,90.0,290700.0,276198.0
1776,Riverside,2Story,10217.0,2825.0,1390.0,218.0,1973,1981,5,9,3,1,2,4,2,4.05,1.0,13.9,98.4,False,-0.962,0.793,97.0,467600.0,463389.0
1777,Suburbia,1Story,7019.0,2316.0,513.0,398.0,1934,1960,1,1,2,0,2,6,0,4.73,2.0,86.6,77.9,False,-2.344,0.289,12.0,275500.0,272458.0
1778,Hillcrest,2Story,8812.0,2624.0,,325.0,2020,2026,5,10,2,0,4,7,1,2.02,6.0,18.5,50.8,False,-0.608,0.153,71.0,396200.0,412520.0
1779,Hillcrest,2Story,7159.0,1987.0,664.0,0.0,1920,1942,4,1,2,2,6,10,2,7.39,3.0,37.4,91.2,False,0.397,0.314,8.0,348800.0,343033.0
1780,Riverside,1.5Story,10947.0,2540.0,1027.0,685.0,1971,1971,3,3,1,0,5,8,0,6.43,3.0,55.1,63.7,False,-1.362,0.174,55.0,378600.0,368917.0
1781,Lakeside,1Story,5083.0,1383.0,877.0,448.0,2016,2026,3,1,3,0,5,8,2,7.06,9.0,35.8,109.0,False,1.709,0.184,34.0,386800.0,384738.0
1782,Suburbia,SplitLevel,6074.0,1939.0,744.0,248.0,1992,2014,1,8,1,1,5,5,2,19.65,10.0,18.9,72.7,False,-2.241,0.697,23.0,304200.0,301662.0
1783,Lakeside,SplitLevel,9504.0,2008.0,797.0,333.0,1903,1934,9,5,2,2,6,7,1,2.08,9.0,51.2,78.2,False,-0.783,0.704,74.0,427900.0,440671.0
1784,Downtown,1Story,12444.0,2610.0,617.0,0.0,1923,1938,3,5,3,0,6,10,2,9.7,4.0,8.2,83.1,False,-1.488,0.529,95.0,410400.0,395895.0
1785,Lakeside,SplitLevel,3749.0,2025.0,874.0,705.0,1915,1932,9,6,1,1,3,3,0,1.93,1.0,69.8,94.7,False,0.918,0.252,34.0,421300.0,438130.0
1786,Suburbia,SplitLevel,13109.0,1506.0,1418.0,555.0,2015,2026,9,3,2,1,5,6,1,0.68,10.0,40.6,60.1,False,0.652,0.53,72.0,370100.0,370336.0
1787,Hillcrest,1Story,7715.0,1885.0,314.0,210.0,1925,1954,5,8,2,2,3,7,0,1.82,6.0,29.9,93.2,False,-0.266,0.949,76.0,370700.0,365048.0
1788,Suburbia,1.5Story,4191.0,928.0,1096.0,509.0,1907,1916,9,5,1,0,5,7,1,5.72,10.0,6.7,56.8,False,-1.422,0.384,69.0,343900.0,329770.0
1789,Suburbia,2Story,2834.0,573.0,1530.0,521.0,1948,1972,3,8,3,2,2,5,0,15.04,,12.0,61.5,False,-1.198,0.424,33.0,279200.0,266180.0
1790,Downtown,1.5Story,4744.0,2307.0,873.0,0.0,1935,1974,2,7,2,0,2,3,1,12.16,10.0,34.0,68.2,False,0.25,0.494,88.0,382000.0,367926.0
1791,Suburbia,1Story,8047.0,1644.0,728.0,0.0,1920,1922,9,7,1,1,2,5,2,9.04,4.0,72.9,84.6,False,-0.676,0.178,70.0,313300.0,317008.0
1792,Hillcrest,2Story,7918.0,1706.0,1338.0,402.0,1957,1970,7,10,1,2,4,7,0,10.29,8.0,39.7,62.1,False,-0.562,0.245,87.0,427900.0,399184.0
1793,Lakeside,2Story,10113.0,2307.0,537.0,358.0,2013,2026,7,6,1,2,6,6,2,4.25,2.0,41.9,97.7,False,-0.074,0.691,24.0,465400.0,451903.0
1794,Suburbia,SplitLevel,6685.0,2618.0,940.0,0.0,1928,1965,10,4,3,1,4,8,2,3.68,8.0,42.7,91.9,True,-0.413,0.162,8.0,427600.0,431983.0
1795,Old Town,1Story,5498.0,2144.0,513.0,679.0,2023,2026,1,8,2,1,4,6,0,0.8,5.0,82.3,68.7,False,-1.75,0.605,68.0,283500.0,287089.0
1796,Hillcrest,2Story,7012.0,2910.0,165.0,601.0,1983,2007,2,8,3,2,5,9,2,1.19,10.0,26.2,50.6,False,-1.331,0.386,1.0,420600.0,411230.0
1797,Riverside,2Story,8199.0,2126.0,886.0,414.0,1948,1970,10,5,3,2,6,9,0,4.21,2.0,66.3,86.0,False,-1.307,0.306,19.0,403900.0,409674.0
1798,Hillcrest,1Story,8785.0,2016.0,419.0,516.0,1985,2001,2,4,3,0,4,6,1,10.29,,27.0,30.3,False,-0.728,0.55,22.0,277600.0,293442.0
1799,Riverside,SplitLevel,6147.0,1982.0,945.0,522.0,1943,1961,5,10,3,0,5,10,1,1.86,7.0,20.9,81.3,False,0.09,0.226,19.0,398600.0,397569.0
1800,Suburbia,1.5Story,11109.0,1143.0,1418.0,0.0,1926,1956,1,3,2,0,4,8,2,19.69,9.0,33.4,53.2,False,0.049,0.31,91.0,211500.0,239568.0
1801,Suburbia,1Story,6519.0,2376.0,1729.0,600.0,1929,1951,4,1,2,2,6,9,1,8.33,9.0,33.3,90.6,False,1.187,0.525,87.0,410500.0,406056.0
1802,Suburbia,2Story,5977.0,505.0,989.0,594.0,1901,1923,2,7,3,0,4,6,1,16.74,,46.2,43.1,False,-1.407,0.657,53.0,217400.0,209468.0
1803,Downtown,2Story,6702.0,1528.0,1378.0,466.0,1981,2015,3,1,3,0,6,9,1,9.45,1.0,0.0,56.1,False,0.306,0.836,67.0,345900.0,349154.0
1804,Suburbia,1Story,11804.0,1863.0,1118.0,390.0,1909,1914,9,8,1,0,6,8,2,3.35,4.0,38.0,75.9,False,-0.787,0.825,64.0,395600.0,381380.0
1805,Suburbia,SplitLevel,7735.0,1416.0,789.0,681.0,1925,1964,3,9,2,2,6,10,2,9.08,1.0,23.0,78.8,False,1.976,0.498,87.0,316300.0,305791.0
1806,Suburbia,1.5Story,6355.0,1602.0,142.0,564.0,1900,1928,9,8,3,0,3,8,0,4.45,5.0,20.5,56.7,False,-0.106,0.074,34.0,318700.0,331258.0
1807,Downtown,1Story,11205.0,2862.0,1633.0,327.0,1908,1932,9,3,2,0,3,7,0,0.51,5.0,9.1,62.0,False,-0.562,0.188,70.0,489100.0,488590.0
1808,Hillcrest,1Story,17154.0,2457.0,509.0,533.0,2014,2026,6,10,1,1,5,7,2,4.0,10.0,27.7,85.1,False,0.274,0.0,42.0,445500.0,451966.0
1809,Hillcrest,1Story,8720.0,1473.0,1531.0,594.0,1902,1925,6,1,2,1,6,10,0,2.9,1.0,24.7,86.1,False,0.197,0.186,50.0,369800.0,373768.0
1810,Downtown,1Story,12480.0,1592.0,1175.0,125.0,1978,2001,4,2,1,0,5,8,0,7.17,4.0,26.5,61.7,False,-0.38,0.031,30.0,344600.0,330410.0
1811,Lakeside,1Story,11645.0,1148.0,540.0,312.0,1941,1955,7,4,2,1,5,6,0,2.4,4.0,2.2,57.1,False,0.594,0.715,75.0,358500.0,350766.0
1812,Hillcrest,1.5Story,6555.0,2238.0,1081.0,0.0,1917,1947,9,6,3,2,4,8,0,2.43,,37.0,43.4,False,1.51,0.546,94.0,375300.0,384161.0
1813,Suburbia,1Story,8179.0,1713.0,1846.0,152.0,1937,1947,9,8,3,0,6,8,0,2.86,4.0,19.2,72.6,False,0.918,0.036,98.0,386400.0,383634.0
1814,Lakeside,SplitLevel,5172.0,768.0,1595.0,177.0,1911,1937,2,3,3,1,4,9,1,1.43,7.0,2.3,82.6,False,-0.149,0.618,41.0,331800.0,341112.0
1815,Suburbia,1Story,7542.0,1905.0,735.0,0.0,1939,1960,7,10,3,1,5,7,1,3.58,9.0,24.0,70.7,False,1.777,0.814,8.0,345800.0,351763.0
1816,Riverside,2Story,6508.0,2091.0,651.0,539.0,2003,2018,2,9,2,0,4,6,0,5.21,7.0,19.5,51.4,False,0.482,0.029,83.0,370800.0,351725.0
1817,Suburbia,2Story,7037.0,2380.0,992.0,,1978,2010,5,3,2,0,6,9,1,6.48,7.0,35.8,100.2,False,-1.098,0.127,2.0,436500.0,404980.0
1818,Riverside,1Story,6233.0,1810.0,880.0,0.0,2002,2015,1,1,2,2,5,7,0,23.47,2.0,23.8,30.1,False,0.055,0.471,15.0,247300.0,225279.0
1819,Riverside,1Story,7328.0,1645.0,1454.0,473.0,1987,2014,6,8,1,2,6,8,1,1.4,9.0,6.0,83.8,False,-0.217,0.042,89.0,415400.0,411956.0
1820,Suburbia,1Story,9762.0,2942.0,1261.0,400.0,2016,2026,9,2,1,1,2,4,2,1.0,6.0,17.2,71.9,False,-0.541,0.021,31.0,447500.0,445259.0
1821,Old Town,1.5Story,7771.0,1854.0,239.0,251.0,1913,1921,9,3,2,2,3,6,1,0.66,2.0,0.5,76.4,True,0.314,0.582,54.0,357900.0,345329.0
1822,Riverside,2Story,4219.0,2246.0,1143.0,398.0,1920,1943,8,8,2,1,6,9,0,4.41,7.0,57.7,53.8,False,-1.879,0.563,18.0,400600.0,399370.0
1823,Riverside,1.5Story,6241.0,1553.0,875.0,573.0,1951,1991,6,2,1,2,2,3,2,15.36,5.0,61.0,65.3,False,1.603,0.807,26.0,303200.0,320834.0
1824,Suburbia,1.5Story,4761.0,2229.0,966.0,580.0,1965,1977,7,4,1,1,5,7,2,6.29,10.0,63.4,73.3,False,0.612,0.078,29.0,403600.0,381104.0
1825,Suburbia,1Story,8826.0,1049.0,1055.0,,1998,2002,1,10,1,2,5,8,2,10.53,7.0,23.2,66.5,False,-1.841,0.897,21.0,263200.0,277870.0
1826,Downtown,1Story,9664.0,1596.0,1453.0,548.0,1915,1919,8,7,1,2,3,5,0,0.77,10.0,60.9,35.7,False,0.6,0.019,66.0,407300.0,392330.0
1827,Riverside,2Story,8864.0,1185.0,1361.0,664.0,1913,1933,7,7,3,2,2,6,0,3.2,10.0,43.1,98.8,False,0.443,0.301,67.0,422000.0,412563.0
1828,Riverside,1Story,6151.0,1517.0,635.0,472.0,2000,2026,2,10,2,1,2,5,1,4.77,3.0,18.6,79.7,True,1.465,0.049,14.0,360200.0,337204.0
1829,Old Town,1.5Story,8834.0,2538.0,925.0,679.0,1969,1998,7,8,3,2,6,8,0,11.87,3.0,22.4,68.6,False,1.724,0.244,97.0,402100.0,391406.0
1830,Riverside,SplitLevel,6874.0,1513.0,762.0,,1951,1959,4,5,3,2,2,4,1,3.45,3.0,31.6,69.8,False,1.893,0.815,53.0,301400.0,308642.0
1831,Riverside,1Story,5440.0,2245.0,244.0,448.0,1927,1961,6,7,3,2,5,9,0,8.41,3.0,37.0,98.3,False,-0.278,0.125,72.0,391400.0,377971.0
1832,Old Town,2Story,10506.0,2684.0,904.0,383.0,1987,1993,9,6,3,1,2,5,1,8.12,7.0,42.3,54.6,False,0.541,0.202,0.0,395100.0,399625.0
1833,Hillcrest,1.5Story,10789.0,1835.0,1725.0,587.0,2001,2023,4,4,1,0,3,5,2,1.47,10.0,35.0,50.6,False,-0.48,0.611,38.0,381200.0,393298.0
1834,Lakeside,1.5Story,11295.0,2397.0,231.0,298.0,1903,1937,10,10,3,1,2,7,1,14.4,5.0,28.0,83.3,True,0.978,0.022,98.0,459500.0,482204.0
1835,Lakeside,1Story,6549.0,2142.0,940.0,409.0,1906,1939,5,6,3,2,5,10,2,11.51,9.0,62.0,76.3,False,-2.161,0.602,85.0,417400.0,418928.0
1836,Downtown,SplitLevel,12244.0,1914.0,926.0,162.0,1998,2026,6,8,3,2,2,4,1,12.08,8.0,32.7,49.8,False,-1.275,0.894,3.0,353400.0,374301.0
1837,Downtown,2Story,6817.0,2263.0,1071.0,0.0,2011,2024,1,5,1,2,5,6,1,1.0,3.0,31.6,87.6,False,-0.434,0.07,67.0,392700.0,374923.0
1838,Hillcrest,2Story,10186.0,2862.0,546.0,659.0,1928,1959,2,2,1,1,6,6,0,5.0,9.0,30.7,73.3,False,-0.06,0.006,75.0,396300.0,415694.0
1839,Suburbia,2Story,6776.0,1500.0,351.0,,1988,2003,3,2,2,1,5,6,0,2.47,5.0,32.7,51.8,True,0.163,0.406,13.0,283700.0,288450.0
1840,Suburbia,2Story,7492.0,1322.0,371.0,590.0,2006,2020,10,9,1,2,5,7,0,3.34,1.0,7.8,76.8,False,1.274,0.849,86.0,349200.0,353344.0
1841,Downtown,SplitLevel,3472.0,1290.0,,0.0,1914,1935,3,6,3,0,6,10,0,14.2,8.0,14.9,74.1,False,-0.65,0.935,17.0,335300.0,333127.0
1842,Riverside,1Story,7291.0,2397.0,537.0,572.0,1923,1948,4,6,2,2,6,7,1,9.2,9.0,83.9,66.4,False,-1.292,0.801,99.0,346800.0,357577.0
1843,Downtown,2Story,8366.0,2471.0,740.0,558.0,1916,1924,9,2,1,1,5,7,0,2.22,3.0,2.0,74.9,False,-0.388,0.649,0.0,474300.0,460282.0
1844,Old Town,1Story,7020.0,1555.0,1834.0,569.0,1999,2026,4,8,1,1,4,5,1,2.35,3.0,40.4,79.3,True,-0.606,0.427,65.0,354700.0,352727.0
1845,Lakeside,1Story,14983.0,675.0,642.0,0.0,1997,2026,9,3,2,1,3,7,0,12.35,8.0,41.9,84.5,False,0.553,0.789,23.0,337700.0,337912.0
1846,Suburbia,1Story,5395.0,1479.0,1094.0,428.0,1916,1927,2,6,2,1,5,8,1,20.2,10.0,55.3,69.9,False,1.525,0.757,60.0,276500.0,284496.0
1847,Hillcrest,2Story,6652.0,2151.0,1397.0,471.0,1921,1930,2,4,2,2,2,4,0,5.16,3.0,42.3,63.1,False,1.435,0.184,76.0,372800.0,365957.0
1848,Suburbia,1.5Story,5903.0,1813.0,1377.0,406.0,1983,1985,1,3,2,1,6,8,0,1.12,5.0,72.8,72.3,False,1.089,0.716,55.0,311800.0,294475.0
1849,Hillcrest,2Story,6652.0,1949.0,391.0,209.0,2013,2026,2,2,2,0,6,7,1,17.3,7.0,39.8,89.4,False,-0.57,0.793,74.0,359900.0,326574.0
1850,Suburbia,1.5Story,11626.0,1562.0,650.0,262.0,1998,2005,7,9,3,0,3,8,2,1.45,9.0,62.0,79.3,False,-0.162,0.901,76.0,333000.0,344605.0
1851,Lakeside,2Story,13593.0,2408.0,1077.0,497.0,1921,1959,1,1,2,0,5,8,1,6.1,1.0,55.8,62.1,True,0.425,0.73,33.0,398000.0,399640.0
1852,Old Town,1.5Story,6341.0,2039.0,1760.0,605.0,1948,1984,7,1,2,1,5,9,0,7.57,,65.8,69.0,True,-0.771,0.732,87.0,338700.0,362250.0
1853,Riverside,SplitLevel,6291.0,2173.0,630.0,461.0,1908,1941,6,4,1,0,6,8,2,2.6,9.0,35.5,98.0,False,-0.677,0.902,8.0,407700.0,399316.0
1854,Suburbia,2Story,5405.0,1937.0,743.0,902.0,1930,1941,3,9,2,0,6,9,2,13.7,6.0,43.0,81.5,False,0.374,0.194,52.0,345500.0,362432.0
1855,Suburbia,2Story,12800.0,2138.0,1126.0,,1970,1998,1,8,1,2,5,5,2,1.14,8.0,27.6,70.7,False,-1.364,0.55,75.0,359800.0,356347.0
1856,Old Town,SplitLevel,11996.0,2102.0,1210.0,531.0,1943,1963,2,9,3,2,6,11,0,3.68,1.0,38.2,88.5,False,1.093,0.893,72.0,503600.0,339069.0
1857,Lakeside,1Story,7808.0,1340.0,1236.0,667.0,1976,1987,2,3,1,2,3,5,0,8.73,1.0,39.3,58.2,False,-0.402,0.632,31.0,325000.0,330079.0
1858,Hillcrest,1Story,4971.0,2055.0,595.0,631.0,1937,1958,6,10,2,2,4,6,2,2.83,8.0,0.0,73.9,False,0.541,0.931,96.0,411700.0,423239.0
1859,Lakeside,2Story,5129.0,2285.0,727.0,0.0,1970,1976,10,2,3,0,2,7,2,5.61,4.0,32.1,101.8,False,0.207,0.05,98.0,477000.0,460719.0
1860,Lakeside,2Story,8602.0,2485.0,1041.0,631.0,1979,2018,5,1,1,2,6,6,1,0.78,10.0,52.8,79.8,False,1.254,0.214,11.0,476100.0,467311.0
1861,Riverside,1Story,9821.0,2079.0,1480.0,469.0,1924,1930,7,5,1,0,3,3,1,2.68,5.0,8.0,97.2,False,-2.128,0.221,9.0,422900.0,436854.0
1862,Old Town,SplitLevel,3932.0,1319.0,850.0,0.0,1905,1917,4,5,3,0,4,8,1,3.92,9.0,15.3,66.5,True,1.26,0.079,58.0,280700.0,278972.0
1863,Old Town,2Story,7241.0,1404.0,941.0,665.0,1942,1951,1,3,2,2,2,5,2,10.76,6.0,58.1,59.4,False,1.238,0.623,18.0,249500.0,260090.0
1864,Riverside,1.5Story,14277.0,1611.0,519.0,324.0,1905,1926,3,2,2,1,3,6,0,5.0,,61.9,88.9,False,0.281,0.401,6.0,327200.0,314073.0
1865,Suburbia,1.5Story,7509.0,1954.0,1733.0,511.0,1920,1947,5,4,3,1,5,9,2,6.47,7.0,22.6,35.1,False,0.521,0.242,81.0,354400.0,352843.0
1866,Suburbia,2Story,13648.0,1783.0,1015.0,212.0,1936,1975,9,4,1,1,3,4,2,6.36,2.0,38.5,71.2,False,0.596,0.728,43.0,374400.0,355485.0
1867,Old Town,2Story,10170.0,1232.0,1403.0,703.0,1942,1957,3,7,1,1,4,5,0,0.46,8.0,33.4,86.6,False,-0.901,0.676,86.0,327000.0,338549.0
1868,Lakeside,2Story,5544.0,1229.0,963.0,496.0,1934,1942,10,4,2,1,4,6,0,5.27,10.0,58.5,78.1,False,0.054,0.039,72.0,422100.0,419304.0
1869,Riverside,1Story,7314.0,696.0,986.0,676.0,1906,1906,7,3,2,0,5,6,0,8.14,4.0,24.3,30.2,False,0.89,0.44,66.0,270300.0,270479.0
1870,Suburbia,1Story,7746.0,500.0,320.0,443.0,1922,1946,4,6,3,0,3,5,2,8.52,4.0,27.4,43.8,True,-1.788,0.72,38.0,223900.0,220732.0
1871,Hillcrest,1Story,5806.0,1778.0,47.0,163.0,2011,2026,7,6,2,2,4,5,0,6.16,6.0,61.8,65.9,False,0.471,0.103,74.0,308300.0,315264.0
1872,Hillcrest,2Story,5771.0,3126.0,1476.0,882.0,1990,1992,7,5,1,1,2,3,0,4.2,7.0,14.9,76.5,False,0.087,0.795,10.0,493000.0,520820.0
1873,Old Town,1.5Story,13730.0,2838.0,983.0,0.0,1955,1995,7,2,3,2,4,8,1,1.56,4.0,25.0,77.3,False,0.627,0.616,31.0,391800.0,383423.0
1874,Old Town,1Story,5756.0,1312.0,1037.0,300.0,1902,1912,9,10,2,1,2,4,1,6.18,,37.7,67.9,False,-1.272,0.718,82.0,314900.0,314251.0
1875,Old Town,1Story,11819.0,1932.0,425.0,643.0,1945,1982,7,6,3,2,5,8,0,5.74,10.0,65.5,81.1,False,-0.744,0.25,67.0,339700.0,349997.0
1876,Suburbia,1Story,6955.0,1044.0,571.0,0.0,2016,2018,1,3,1,0,6,9,2,2.44,9.0,11.1,75.9,False,-1.396,0.748,24.0,230500.0,236705.0
1877,Lakeside,2Story,8031.0,1128.0,1396.0,428.0,2002,2026,4,8,3,2,4,6,1,17.03,6.0,20.8,65.7,False,-1.407,0.174,85.0,365200.0,379680.0
1878,Hillcrest,1.5Story,9864.0,1191.0,,444.0,1995,2008,10,5,2,1,6,10,1,17.03,4.0,46.9,77.7,False,0.831,0.86,50.0,362800.0,385789.0
1879,Riverside,1Story,6572.0,1726.0,689.0,498.0,1931,1942,3,2,2,2,3,4,1,4.76,4.0,49.9,56.3,False,-0.589,0.206,73.0,307300.0,294452.0
1880,Riverside,1Story,9885.0,1750.0,1232.0,282.0,1950,1958,5,8,3,0,6,10,1,3.18,4.0,39.2,79.5,False,-0.662,0.268,14.0,370700.0,363634.0
1881,Riverside,2Story,3959.0,1989.0,1030.0,0.0,1903,1908,6,1,1,1,4,4,2,5.5,6.0,32.7,52.8,False,1.091,0.671,13.0,316500.0,333186.0
1882,Suburbia,1Story,9451.0,2215.0,899.0,745.0,2008,2026,6,3,1,1,4,5,2,16.77,1.0,37.6,76.8,False,-0.343,0.334,98.0,387600.0,356386.0
1883,Hillcrest,1Story,3415.0,1665.0,1728.0,439.0,1914,1916,9,7,1,2,4,7,1,1.4,7.0,4.9,76.3,False,0.964,0.309,91.0,422700.0,436624.0
1884,Suburbia,1Story,7485.0,1870.0,760.0,326.0,1977,1995,6,8,3,2,6,8,1,3.13,6.0,37.0,62.6,False,-1.049,0.063,38.0,344200.0,335344.0
1885,Hillcrest,SplitLevel,10927.0,1248.0,1471.0,388.0,1935,1973,1,10,3,1,5,9,0,2.87,2.0,64.6,79.4,True,-0.346,0.82,92.0,330600.0,330561.0
1886,Hillcrest,SplitLevel,10075.0,1111.0,1110.0,0.0,1971,1987,3,8,3,0,4,7,0,6.35,3.0,8.6,95.8,False,-0.906,0.459,82.0,302900.0,318478.0
1887,Downtown,2Story,5144.0,1026.0,943.0,144.0,2004,2026,7,3,1,0,5,6,2,1.51,3.0,19.3,49.6,False,0.548,0.393,27.0,324300.0,319980.0
1888,Lakeside,1.5Story,5381.0,2207.0,,501.0,1939,1967,8,8,1,0,4,6,1,17.65,10.0,27.1,85.2,False,-0.207,0.246,38.0,489000.0,491300.0
1889,Suburbia,1Story,6368.0,1664.0,1072.0,854.0,1902,1934,7,8,2,0,6,8,0,3.95,10.0,28.3,87.6,False,0.731,0.555,52.0,391700.0,399563.0
1890,Hillcrest,SplitLevel,8649.0,821.0,910.0,785.0,1983,2021,8,7,3,2,4,9,2,1.92,8.0,71.8,64.3,False,0.153,0.56,34.0,361800.0,345432.0
1891,Lakeside,2Story,3979.0,1815.0,1529.0,552.0,1967,1971,3,8,3,1,6,8,2,1.66,7.0,16.4,82.4,False,-1.946,0.002,28.0,458500.0,450742.0
1892,Suburbia,2Story,8066.0,1163.0,1475.0,671.0,1917,1929,1,9,3,0,3,6,0,1.6,10.0,12.4,63.4,True,-0.264,0.086,24.0,358600.0,349708.0
1893,Riverside,1Story,9036.0,2763.0,1455.0,669.0,1906,1919,10,6,3,1,4,7,0,12.84,8.0,50.4,90.6,False,-1.535,0.613,63.0,489400.0,492051.0
1894,Downtown,2Story,7339.0,1532.0,0.0,440.0,1966,1968,6,10,3,1,5,10,1,7.18,4.0,22.1,22.0,False,0.347,0.284,40.0,326300.0,321988.0
1895,Hillcrest,1.5Story,9739.0,2225.0,1135.0,608.0,1977,1981,8,7,1,0,4,6,2,10.83,4.0,50.8,94.0,False,0.555,0.984,96.0,442200.0,442578.0
1896,Lakeside,1Story,8763.0,2449.0,1039.0,746.0,1914,1918,10,1,2,1,4,8,0,0.57,7.0,31.1,48.0,False,0.659,0.249,87.0,476200.0,470002.0
1897,Suburbia,2Story,6704.0,1325.0,935.0,258.0,1975,2013,2,2,2,1,2,3,0,7.85,5.0,44.2,69.6,False,-0.123,0.152,9.0,249200.0,261211.0
1898,Lakeside,1Story,4115.0,1892.0,1206.0,0.0,1956,1991,9,5,1,1,6,6,2,14.64,5.0,3.6,53.3,False,-1.632,0.045,66.0,373500.0,402882.0
1899,Downtown,SplitLevel,8490.0,2154.0,1059.0,518.0,1917,1941,4,5,3,0,3,7,2,5.15,10.0,44.1,94.9,False,0.21,0.687,63.0,447400.0,430572.0
1900,Downtown,1.5Story,5805.0,1914.0,1235.0,477.0,1977,2011,7,9,1,1,2,5,1,6.88,10.0,39.4,63.9,False,0.407,0.291,5.0,426800.0,426955.0
1901,Riverside,1Story,6618.0,2049.0,837.0,462.0,1981,1995,4,7,3,2,6,8,1,5.11,7.0,29.9,58.2,False,-0.183,0.274,78.0,364900.0,357799.0
1902,Downtown,2Story,9582.0,1119.0,1579.0,0.0,1919,1938,2,1,1,1,2,3,1,1.22,4.0,10.3,88.2,False,0.085,0.11,54.0,329100.0,337548.0
1903,Suburbia,2Story,13307.0,2155.0,1277.0,510.0,1984,2020,9,5,1,2,5,5,0,3.3,5.0,39.3,81.2,False,-1.888,0.052,83.0,416200.0,419003.0
1904,Downtown,SplitLevel,7996.0,1583.0,1178.0,639.0,1927,1933,4,6,2,2,3,7,2,4.93,4.0,49.5,62.0,False,0.066,0.23,49.0,380500.0,361646.0
1905,Suburbia,1.5Story,9837.0,2042.0,1157.0,536.0,1975,1980,1,10,2,1,5,6,1,1.51,5.0,24.4,50.2,True,-0.108,0.397,42.0,352900.0,348397.0
1906,Hillcrest,1Story,4887.0,2356.0,1436.0,432.0,2002,2023,2,7,2,1,3,6,2,7.01,4.0,24.8,47.7,False,-1.213,0.662,68.0,396100.0,368841.0
1907,Hillcrest,SplitLevel,8830.0,2218.0,1379.0,326.0,2018,2026,10,2,3,1,5,8,2,11.72,5.0,50.9,91.0,False,0.528,0.101,76.0,446100.0,435032.0
1908,Downtown,2Story,7935.0,2042.0,903.0,384.0,1932,1959,9,2,3,1,6,9,0,2.48,5.0,69.2,75.5,False,-0.494,0.366,75.0,405500.0,413765.0
1909,Suburbia,1.5Story,12459.0,2203.0,1366.0,502.0,1942,1968,7,4,2,0,4,7,2,9.65,7.0,53.8,71.1,True,0.229,0.992,48.0,411000.0,405575.0
1910,Old Town,2Story,6707.0,2229.0,1023.0,0.0,1912,1925,8,5,3,2,4,7,0,2.53,9.0,,76.9,False,0.488,0.681,56.0,391100.0,370285.0
1911,Downtown,2Story,7446.0,2673.0,1755.0,611.0,2022,2026,7,2,3,1,5,7,0,1.17,6.0,30.1,32.9,False,0.329,0.999,99.0,461300.0,458619.0
1912,Lakeside,1Story,11738.0,1831.0,1411.0,0.0,1941,1944,10,8,1,0,3,5,1,15.89,3.0,34.4,62.2,False,-1.341,0.079,87.0,422700.0,414700.0
1913,Old Town,1Story,7846.0,1940.0,687.0,643.0,2001,2019,1,1,2,2,4,5,0,3.06,2.0,8.5,62.6,False,-0.384,0.405,39.0,296300.0,278864.0
1914,Riverside,SplitLevel,5497.0,2363.0,1929.0,358.0,2017,2026,1,1,3,2,5,10,1,6.43,7.0,31.9,85.7,False,2.129,0.23,64.0,356700.0,385721.0
1915,Downtown,1Story,19793.0,1580.0,67.0,327.0,1959,1960,7,2,3,1,2,7,2,1.1,,57.4,41.6,True,1.396,0.942,16.0,362600.0,353945.0
1916,Lakeside,SplitLevel,5555.0,1116.0,1218.0,642.0,1987,2015,10,2,1,2,4,7,0,0.85,4.0,35.8,87.0,False,0.835,0.905,33.0,285400.0,410910.0
1917,Suburbia,1.5Story,7922.0,2121.0,658.0,481.0,1959,1998,6,6,1,2,4,5,1,1.88,1.0,22.5,100.3,False,0.274,0.569,53.0,365500.0,375009.0
1918,Suburbia,1.5Story,9148.0,1737.0,1741.0,428.0,1972,2012,10,9,1,2,3,4,1,7.76,1.0,20.6,37.1,False,-0.988,0.307,37.0,381900.0,368921.0
1919,Riverside,SplitLevel,8899.0,1186.0,1056.0,572.0,1931,1935,5,10,2,2,4,7,0,7.3,3.0,34.4,68.3,False,-0.162,0.545,93.0,325400.0,325514.0
1920,Old Town,1Story,7582.0,2125.0,617.0,0.0,2005,2012,7,9,3,0,3,8,0,6.24,10.0,10.3,77.0,False,-0.422,0.871,85.0,331300.0,352268.0
1921,Riverside,1Story,7596.0,2637.0,838.0,259.0,1915,1932,6,7,2,0,4,8,2,3.2,8.0,16.8,83.7,False,-0.085,0.574,2.0,438100.0,428334.0
1922,Hillcrest,2Story,7463.0,954.0,650.0,682.0,1983,2020,9,6,1,1,3,4,0,4.2,8.0,65.7,29.0,False,-1.446,0.765,25.0,316500.0,316618.0
1923,Riverside,2Story,5483.0,2412.0,822.0,394.0,2015,2026,7,4,2,2,6,10,1,2.74,4.0,14.3,74.1,False,0.954,0.688,15.0,411700.0,412622.0
1924,Hillcrest,SplitLevel,17198.0,500.0,812.0,732.0,2002,2020,5,5,1,2,5,6,0,10.87,10.0,19.0,64.1,False,-2.686,0.098,14.0,319800.0,311784.0
1925,Lakeside,1Story,7503.0,1630.0,635.0,247.0,1995,2026,3,9,3,1,5,10,2,3.02,5.0,40.8,62.9,False,0.857,0.758,54.0,341600.0,353388.0
1926,Downtown,1Story,9986.0,2862.0,1063.0,511.0,1982,2009,4,2,3,0,6,8,0,1.06,5.0,26.2,105.2,False,0.876,0.209,75.0,478200.0,468633.0
1927,Hillcrest,2Story,7207.0,1669.0,1114.0,430.0,2019,2026,1,9,2,2,2,4,1,5.79,,36.8,64.1,False,2.327,0.871,72.0,345600.0,356848.0
1928,Suburbia,1Story,7157.0,1899.0,532.0,144.0,2008,2026,2,9,3,1,3,8,1,1.39,8.0,52.3,76.1,False,-0.25,0.31,42.0,320100.0,301362.0
1929,Downtown,1.5Story,6909.0,2270.0,254.0,565.0,1934,1974,6,1,2,2,2,3,2,0.89,3.0,4.1,65.8,False,-0.52,0.564,40.0,411300.0,397252.0
1930,Hillcrest,2Story,4711.0,906.0,1081.0,152.0,1978,2000,1,3,3,0,5,9,0,0.87,7.0,50.1,72.3,False,0.12,0.286,22.0,292100.0,273076.0
1931,Suburbia,1.5Story,7660.0,1890.0,1173.0,413.0,1954,1969,5,4,3,2,3,6,2,4.21,4.0,23.4,77.9,False,0.56,0.009,86.0,361400.0,355638.0
1932,Suburbia,1Story,7027.0,1885.0,1257.0,0.0,1933,1935,1,10,1,0,5,6,0,6.03,7.0,29.3,84.1,False,-0.09,0.78,82.0,309600.0,314798.0
1933,Suburbia,1.5Story,12210.0,2874.0,1181.0,375.0,2003,2026,2,5,2,2,6,8,0,0.85,2.0,73.4,54.0,True,-1.183,0.715,36.0,351300.0,360225.0
1934,Suburbia,2Story,5330.0,1170.0,1611.0,315.0,1905,1915,7,8,1,2,3,5,2,4.06,1.0,6.9,70.7,True,0.559,0.924,18.0,349900.0,359605.0
1935,Suburbia,1Story,6621.0,1640.0,1369.0,0.0,1916,1916,1,7,1,2,3,6,1,1.19,10.0,46.8,71.4,True,-0.001,0.573,46.0,308400.0,310581.0
1936,Downtown,2Story,5917.0,1339.0,2076.0,420.0,1913,1945,4,1,1,2,4,7,1,4.66,1.0,57.6,38.3,False,-1.008,0.188,73.0,320400.0,328845.0
1937,Riverside,1Story,13425.0,1281.0,2252.0,395.0,1925,1942,2,7,1,2,4,5,1,14.53,5.0,,50.8,False,-1.625,0.171,27.0,332900.0,328848.0
1938,Suburbia,1.5Story,5977.0,2470.0,212.0,664.0,1964,1986,1,7,1,0,3,3,2,4.76,2.0,21.6,84.0,False,2.469,0.389,34.0,327400.0,337334.0
1939,Lakeside,1Story,9866.0,1865.0,27.0,273.0,2018,2026,3,9,1,0,3,6,0,9.65,1.0,27.6,59.7,True,0.832,0.331,14.0,335700.0,343402.0
1940,Downtown,2Story,11379.0,1544.0,947.0,,2022,2026,2,10,3,0,3,6,2,5.43,,21.2,115.0,True,0.559,0.408,71.0,431500.0,436240.0
1941,Lakeside,SplitLevel,7699.0,1565.0,1162.0,599.0,2013,2026,1,6,2,0,4,7,0,13.49,3.0,36.3,85.3,False,-0.115,0.225,88.0,351300.0,360948.0
1942,Hillcrest,2Story,5005.0,1540.0,918.0,263.0,1995,2018,7,9,1,1,4,5,1,7.84,8.0,52.9,76.1,False,0.69,0.989,77.0,368000.0,372265.0
1943,Hillcrest,1Story,5027.0,1589.0,1246.0,744.0,1957,1980,2,2,2,0,4,8,0,6.08,6.0,27.7,95.2,False,-1.052,0.086,80.0,371600.0,364400.0
1944,Lakeside,SplitLevel,10948.0,1155.0,836.0,425.0,1997,2008,10,7,3,0,3,5,2,4.29,7.0,53.6,81.9,False,0.199,0.739,15.0,399500.0,410413.0
1945,Suburbia,1Story,5212.0,1708.0,659.0,600.0,1933,1965,5,6,2,1,5,6,2,3.71,7.0,63.0,71.3,False,0.243,0.568,86.0,305700.0,320610.0
1946,Old Town,SplitLevel,9295.0,1652.0,722.0,600.0,1983,1992,5,2,1,1,4,5,0,15.32,2.0,43.6,42.5,False,-1.028,0.556,82.0,246700.0,248888.0
1947,Lakeside,1Story,8434.0,1433.0,866.0,436.0,1901,1926,9,6,1,1,3,4,0,6.37,5.0,45.5,80.0,False,-0.104,0.613,31.0,388300.0,402392.0
1948,Old Town,1.5Story,9246.0,1935.0,1304.0,0.0,2013,2026,8,7,2,2,5,9,2,16.53,8.0,23.1,93.1,False,-0.413,0.904,61.0,390000.0,373449.0
1949,Downtown,1.5Story,9557.0,1982.0,746.0,453.0,2022,2026,5,5,3,1,6,9,1,2.24,3.0,0.0,57.3,False,-0.764,0.675,7.0,379700.0,388302.0
1950,Old Town,1.5Story,5844.0,1544.0,829.0,574.0,1992,2008,10,7,1,1,3,4,1,19.45,2.0,46.7,35.1,False,-0.539,0.271,85.0,293000.0,292355.0
1951,Old Town,2Story,5759.0,1771.0,1189.0,302.0,1922,1949,6,8,3,0,4,6,1,1.88,5.0,50.9,48.8,False,-1.707,0.269,0.0,323000.0,317390.0
1952,Downtown,1.5Story,10407.0,3037.0,867.0,0.0,1932,1943,8,6,1,2,6,9,2,10.38,9.0,39.8,99.7,False,1.063,0.828,3.0,472100.0,487726.0
1953,Suburbia,2Story,6501.0,3016.0,1419.0,697.0,1993,1994,10,4,2,1,3,6,2,1.79,4.0,53.2,69.4,False,1.562,0.478,61.0,461200.0,471680.0
1954,Old Town,SplitLevel,3095.0,1270.0,564.0,342.0,1962,1978,8,3,1,0,3,6,0,1.0,4.0,24.0,94.3,False,-0.926,0.705,75.0,287800.0,295572.0
1955,Old Town,2Story,10169.0,1347.0,473.0,517.0,1968,1988,6,7,2,0,3,5,2,3.23,2.0,45.4,68.3,True,1.11,0.376,81.0,318500.0,308776.0
1956,Old Town,2Story,5638.0,1267.0,1078.0,428.0,1950,1987,7,10,3,0,4,6,2,3.46,8.0,64.4,59.1,False,-0.032,0.738,98.0,340800.0,318114.0
1957,Riverside,SplitLevel,9542.0,2431.0,1120.0,0.0,2005,2026,7,5,1,0,4,5,0,9.07,4.0,48.3,106.4,True,-0.01,0.424,1.0,436200.0,413265.0
1958,Downtown,2Story,13194.0,1631.0,587.0,689.0,1920,1927,10,6,2,2,5,7,1,2.71,2.0,61.9,61.3,False,-1.295,0.493,70.0,419400.0,403653.0
1959,Suburbia,1Story,8151.0,1982.0,1514.0,446.0,1955,1966,8,10,1,2,3,3,1,4.64,2.0,62.0,63.5,False,-0.558,0.928,31.0,354000.0,369324.0
1960,Suburbia,1.5Story,11482.0,2948.0,1758.0,403.0,1928,1935,3,3,2,0,4,5,2,2.12,,10.6,76.3,False,0.533,0.495,91.0,412300.0,423113.0
1961,Suburbia,2Story,8551.0,1844.0,686.0,417.0,1987,2024,1,9,1,0,2,5,2,2.32,3.0,49.4,62.8,False,-0.975,0.225,29.0,311800.0,294600.0
1962,Hillcrest,2Story,14124.0,2238.0,1575.0,379.0,1935,1949,8,3,1,0,6,8,2,19.06,5.0,22.4,82.0,False,-0.742,0.531,41.0,464700.0,445855.0
1963,Riverside,1Story,5587.0,2136.0,0.0,353.0,1937,1973,5,3,3,2,3,7,1,4.09,5.0,12.9,76.0,True,-0.508,0.009,29.0,368500.0,358690.0
1964,Downtown,2Story,8080.0,1526.0,1402.0,380.0,1921,1923,5,3,3,1,3,6,2,4.9,5.0,29.3,76.7,False,-3.407,0.279,70.0,402300.0,392358.0
1965,Suburbia,2Story,10256.0,2433.0,590.0,726.0,2008,2026,10,1,3,2,2,5,1,4.35,4.0,,56.9,True,0.328,0.604,90.0,398800.0,404105.0
1966,Downtown,2Story,7581.0,1383.0,1360.0,574.0,1927,1930,2,5,3,0,3,7,0,3.07,1.0,24.1,38.1,False,0.637,0.071,56.0,348300.0,327084.0
1967,Suburbia,1Story,12128.0,2587.0,546.0,405.0,2009,2026,1,4,1,0,6,7,2,4.79,8.0,0.0,53.0,False,0.365,0.455,34.0,326700.0,335760.0
1968,Suburbia,1Story,6966.0,1527.0,921.0,617.0,2015,2015,8,3,2,1,4,8,1,11.48,,6.1,54.6,False,0.943,0.599,33.0,315500.0,335464.0
1969,Riverside,2Story,16719.0,1587.0,610.0,206.0,2021,2026,10,8,3,2,5,7,1,6.61,2.0,44.6,73.3,False,-0.444,0.227,68.0,383900.0,373986.0
1970,Riverside,1Story,17031.0,1251.0,860.0,0.0,1943,1948,9,6,3,2,4,9,1,6.08,1.0,19.8,53.3,False,1.811,0.218,62.0,309900.0,317063.0
1971,Hillcrest,1Story,8944.0,1342.0,1719.0,667.0,1982,2011,9,2,2,1,3,7,0,0.89,10.0,0.0,41.6,False,-0.845,0.669,24.0,386300.0,402353.0
1972,Old Town,2Story,9832.0,1615.0,905.0,818.0,2004,2026,9,2,3,0,5,9,1,15.8,10.0,6.9,47.4,False,-0.224,0.974,36.0,371500.0,360600.0
1973,Suburbia,1Story,12297.0,513.0,1836.0,622.0,1909,1931,7,9,1,0,3,4,0,1.4,2.0,38.3,75.0,False,-0.323,0.307,94.0,293700.0,316370.0
1974,Hillcrest,SplitLevel,5348.0,1722.0,788.0,530.0,1908,1916,10,3,3,1,5,10,1,14.68,5.0,50.6,80.4,False,0.186,0.208,94.0,387100.0,381502.0
1975,Lakeside,1Story,5119.0,1571.0,1577.0,667.0,1926,1936,4,4,1,1,6,9,1,2.2,6.0,26.1,58.9,False,-0.24,0.984,38.0,391900.0,397398.0
1976,Lakeside,1Story,12579.0,2285.0,267.0,0.0,2023,2026,8,2,3,0,2,7,1,2.07,5.0,48.0,60.8,True,-0.103,0.835,79.0,421900.0,402086.0
1977,Riverside,1Story,8919.0,2083.0,830.0,397.0,1911,1951,1,9,3,2,2,4,0,7.52,9.0,53.3,79.1,False,-0.678,0.936,7.0,356400.0,350728.0
1978,Old Town,2Story,7486.0,1461.0,725.0,450.0,1996,2024,6,4,2,2,5,8,2,2.0,6.0,19.3,71.0,False,-0.438,0.046,87.0,334000.0,320730.0
1979,Suburbia,SplitLevel,8135.0,1598.0,1596.0,679.0,2005,2006,3,8,2,0,2,3,2,1.87,3.0,32.6,89.3,False,-2.234,0.934,31.0,342900.0,356338.0
1980,Lakeside,SplitLevel,3515.0,1721.0,1028.0,323.0,2014,2015,10,5,1,1,5,5,0,12.23,8.0,23.0,65.2,True,0.802,0.838,63.0,411300.0,432306.0
1981,Suburbia,SplitLevel,7580.0,2667.0,73.0,306.0,1966,1980,5,9,1,1,3,3,1,0.74,9.0,45.8,53.0,False,-1.022,0.3,61.0,338000.0,342441.0
1982,Hillcrest,2Story,6226.0,1398.0,400.0,498.0,1966,1974,3,5,1,2,4,7,0,7.75,1.0,22.8,87.6,False,-0.491,0.624,84.0,326700.0,319092.0
1983,Suburbia,1Story,11174.0,1454.0,525.0,,1993,2009,6,9,3,2,5,9,1,1.34,9.0,10.7,62.4,False,-1.06,0.172,95.0,345300.0,344434.0
1984,Lakeside,2Story,11479.0,1229.0,1342.0,348.0,1979,2019,1,8,1,0,3,6,2,8.67,8.0,36.1,53.8,False,0.57,0.418,36.0,364700.0,350479.0
1985,Suburbia,1Story,9915.0,1035.0,1288.0,567.0,1999,2007,2,5,3,0,6,10,2,1.2,10.0,57.2,84.1,False,-0.543,0.602,54.0,311500.0,304712.0
1986,Old Town,1Story,9306.0,2019.0,824.0,679.0,1945,1969,5,5,1,2,6,8,1,8.87,10.0,45.2,94.1,False,-2.443,0.11,66.0,352000.0,364966.0
1987,Lakeside,1Story,4798.0,1962.0,720.0,0.0,2017,2026,7,7,3,1,3,5,0,1.89,,55.1,71.3,False,0.281,0.966,58.0,377300.0,371520.0
1988,Suburbia,2Story,9964.0,2556.0,1251.0,517.0,1954,1981,6,7,2,2,5,8,2,3.74,5.0,53.4,49.9,True,-0.747,0.929,33.0,412300.0,410189.0
1989,Old Town,SplitLevel,10100.0,2423.0,476.0,446.0,1931,1953,1,8,3,1,5,10,1,2.08,1.0,35.8,95.6,False,-0.023,0.867,38.0,340400.0,324660.0
1990,Downtown,2Story,12529.0,3168.0,1142.0,738.0,1994,2015,7,1,3,2,3,6,2,28.0,1.0,23.1,74.8,True,0.832,0.129,59.0,768200.0,502979.0
1991,Downtown,2Story,17007.0,1809.0,1106.0,462.0,1978,1989,1,3,3,1,6,10,2,0.47,10.0,17.6,72.0,False,-0.988,0.669,93.0,391100.0,399311.0
1992,Suburbia,SplitLevel,4481.0,1707.0,835.0,610.0,1906,1945,9,5,2,2,3,6,1,2.87,3.0,3.3,60.7,False,-0.051,0.89,7.0,360200.0,355312.0
1993,Hillcrest,1.5Story,7073.0,1135.0,1117.0,773.0,1920,1930,1,6,2,1,3,6,0,8.21,1.0,58.8,88.3,False,-0.772,0.138,22.0,327400.0,309912.0
1994,Downtown,1Story,6249.0,2233.0,993.0,594.0,1904,1909,1,1,2,0,5,9,1,1.5,10.0,28.4,48.0,False,0.987,0.647,79.0,365000.0,367496.0
1995,Riverside,1Story,8607.0,1915.0,1159.0,300.0,1972,1975,6,2,1,2,2,3,2,6.55,5.0,0.9,46.3,False,0.079,0.204,59.0,511600.0,350057.0
1996,Suburbia,2Story,8141.0,2208.0,390.0,262.0,2010,2012,9,5,3,1,6,11,2,6.42,2.0,59.7,102.1,False,-0.023,0.69,42.0,381000.0,380522.0
1997,Hillcrest,2Story,7466.0,1223.0,1208.0,412.0,1940,1954,8,5,3,0,3,8,2,0.52,3.0,36.9,52.5,False,-1.241,0.648,35.0,354800.0,355349.0
1998,Hillcrest,1Story,11610.0,2043.0,1381.0,574.0,1913,1946,7,7,1,1,4,4,1,3.03,1.0,54.4,85.3,True,0.75,0.872,98.0,445600.0,431343.0
1999,Suburbia,1Story,5511.0,1963.0,1085.0,531.0,2007,2013,2,1,1,1,5,7,2,0.86,7.0,29.8,92.8,False,0.877,0.486,88.0,342700.0,341378.0
2000,Riverside,1Story,5629.0,1926.0,1203.0,813.0,1990,1990,10,8,1,0,6,6,0,24.09,10.0,19.1,71.8,False,-0.766,0.759,85.0,427300.0,432762.0
2001,Suburbia,2Story,5662.0,1474.0,904.0,530.0,1968,1989,1,4,3,2,5,8,0,6.09,4.0,,52.1,False,0.154,0.192,28.0,260200.0,266384.0
2002,Hillcrest,1.5Story,7143.0,2504.0,1324.0,408.0,1925,1948,4,6,2,1,3,5,1,12.18,9.0,45.6,79.3,False,0.588,0.643,61.0,416200.0,420010.0
2003,Old Town,1.5Story,5271.0,2978.0,977.0,279.0,1984,2007,8,10,1,1,5,7,0,5.86,4.0,29.4,93.1,False,2.218,0.877,95.0,418100.0,426707.0
2004,Suburbia,2Story,7966.0,1239.0,468.0,0.0,1946,1946,7,4,2,2,3,5,0,9.97,5.0,61.3,74.2,False,0.391,0.723,26.0,265100.0,268031.0
2005,Downtown,2Story,7647.0,2246.0,1294.0,459.0,1930,1938,8,4,2,1,4,6,0,4.47,3.0,53.9,54.6,False,-0.0,0.879,20.0,419400.0,418637.0
2006,Old Town,1Story,6153.0,500.0,264.0,219.0,1936,1950,8,3,2,1,5,9,2,1.9,1.0,46.3,73.5,False,-0.156,0.63,62.0,215900.0,212349.0
2007,Riverside,1.5Story,11002.0,2218.0,1069.0,464.0,1907,1937,10,7,2,2,4,8,1,19.96,2.0,12.8,43.1,False,-0.096,0.551,19.0,554200.0,397742.0
2008,Downtown,1.5Story,7936.0,821.0,789.0,0.0,1961,1987,6,10,3,2,2,4,0,5.84,6.0,10.0,50.5,False,0.767,0.915,75.0,305900.0,311153.0
2009,Downtown,1.5Story,11754.0,1561.0,762.0,392.0,1994,2026,9,6,3,1,2,5,1,4.95,1.0,59.0,63.3,True,-0.882,0.323,86.0,382900.0,387525.0
2010,Suburbia,1Story,7568.0,1128.0,1022.0,461.0,2004,2026,2,2,1,2,2,5,1,1.3,9.0,0.0,69.1,False,0.933,0.748,47.0,278700.0,288115.0
2011,Downtown,2Story,8035.0,1731.0,652.0,0.0,1991,2007,2,10,3,0,2,4,1,3.71,10.0,33.2,46.4,False,-1.541,0.693,99.0,424100.0,336477.0
2012,Hillcrest,1Story,6654.0,2311.0,1165.0,382.0,2010,2026,1,1,2,1,5,8,2,0.76,3.0,37.9,72.5,False,0.666,0.814,59.0,361700.0,350581.0
2013,Downtown,2Story,8083.0,828.0,974.0,341.0,2021,2026,3,5,1,1,2,3,1,6.72,3.0,25.2,77.4,False,0.945,0.498,41.0,329700.0,312841.0
2014,Hillcrest,1.5Story,10397.0,1652.0,691.0,,1927,1933,2,2,3,1,3,7,0,6.85,2.0,34.3,64.1,False,0.806,0.494,87.0,294200.0,298033.0
2015,Hillcrest,2Story,7017.0,1568.0,1512.0,0.0,1954,1977,9,1,2,2,3,6,2,4.72,5.0,43.4,29.2,False,0.27,0.034,62.0,331000.0,339789.0
2016,Riverside,2Story,9715.0,2720.0,1036.0,383.0,1942,1954,5,10,2,1,2,5,0,17.74,10.0,23.3,69.9,False,0.395,0.931,13.0,435800.0,436808.0
2017,Lakeside,1Story,6097.0,2087.0,1215.0,317.0,1986,1996,5,1,3,1,6,9,2,6.37,4.0,,100.7,False,-0.4,0.387,86.0,421000.0,419922.0
2018,Downtown,1Story,10569.0,1203.0,1545.0,554.0,2005,2026,7,10,2,1,2,6,0,5.42,8.0,46.6,76.2,True,-1.125,0.552,49.0,431800.0,423210.0
2019,Suburbia,1Story,6615.0,1591.0,1538.0,492.0,2012,2014,4,6,1,1,2,3,0,1.02,4.0,31.4,68.3,False,0.25,0.198,34.0,323400.0,328308.0
2020,Hillcrest,1Story,10917.0,2706.0,1194.0,651.0,1911,1911,6,4,1,0,3,4,2,3.17,5.0,18.5,61.3,False,0.069,0.616,86.0,435000.0,441741.0
2021,Suburbia,SplitLevel,8278.0,2243.0,823.0,762.0,1964,1978,1,9,3,0,2,5,0,28.0,5.0,33.2,78.4,False,0.924,0.346,77.0,363400.0,333098.0
2022,Downtown,SplitLevel,13799.0,1345.0,350.0,568.0,1914,1938,8,1,2,1,3,5,2,0.58,10.0,77.2,71.8,True,-0.141,0.585,39.0,359600.0,375620.0
2023,Downtown,SplitLevel,5410.0,1703.0,1037.0,532.0,1941,1975,9,7,1,0,2,4,0,5.68,5.0,19.9,80.7,False,0.159,0.735,98.0,430300.0,419113.0
2024,Lakeside,1Story,4834.0,1721.0,1410.0,578.0,1960,1981,1,8,1,2,3,5,1,5.7,7.0,65.6,48.3,True,0.287,0.61,88.0,392400.0,373924.0
2025,Hillcrest,1Story,6531.0,1554.0,1099.0,535.0,1978,1988,1,4,3,2,2,7,2,6.33,,0.0,70.2,False,0.572,0.031,17.0,347300.0,350454.0
2026,Hillcrest,1Story,4991.0,909.0,0.0,468.0,1999,2013,2,4,2,1,6,8,2,6.61,10.0,17.8,59.7,True,0.949,0.806,55.0,283700.0,278207.0
2027,Suburbia,1Story,4994.0,1477.0,1315.0,455.0,2025,2026,7,1,2,1,5,9,0,10.02,9.0,24.1,74.7,True,-0.954,0.561,63.0,334800.0,355587.0
2028,Hillcrest,1Story,10072.0,2614.0,1341.0,297.0,1942,1955,8,1,2,0,5,7,2,7.24,2.0,54.0,33.0,False,0.702,0.238,40.0,380700.0,380423.0
2029,Riverside,1Story,8091.0,1640.0,823.0,594.0,1970,1997,9,1,2,2,4,8,1,0.47,2.0,36.1,60.9,False,-0.181,0.324,53.0,367700.0,353358.0
2030,Riverside,2Story,6851.0,1793.0,1365.0,455.0,1908,1940,8,5,3,0,5,10,0,0.59,5.0,61.2,77.8,False,0.643,0.811,99.0,398000.0,396549.0
2031,Downtown,2Story,7077.0,1927.0,1214.0,0.0,1914,1943,6,6,2,1,6,9,0,0.45,,28.3,80.7,False,1.478,0.936,56.0,400900.0,400432.0
2032,Riverside,SplitLevel,6575.0,3070.0,662.0,606.0,2021,2026,8,5,2,1,2,5,0,18.91,7.0,33.9,67.5,False,-2.108,0.813,16.0,453900.0,432407.0
2033,Hillcrest,2Story,14438.0,1855.0,1484.0,360.0,2018,2026,3,8,3,2,4,8,1,0.83,5.0,28.4,29.1,True,1.214,0.886,85.0,388500.0,378393.0
2034,Hillcrest,1Story,6264.0,2452.0,418.0,659.0,2018,2021,8,4,1,0,2,3,2,1.14,5.0,75.5,79.5,False,-0.118,0.49,34.0,415100.0,406314.0
2035,Downtown,1Story,5101.0,1521.0,926.0,0.0,1932,1964,2,8,1,0,4,7,1,8.29,1.0,12.6,96.5,True,-0.855,0.417,16.0,337400.0,347396.0
2036,Suburbia,2Story,10707.0,1707.0,884.0,769.0,1982,2021,10,7,3,2,6,10,0,7.79,4.0,24.8,52.9,False,-0.438,0.819,21.0,352900.0,383114.0
2037,Old Town,SplitLevel,7514.0,1857.0,603.0,246.0,1928,1930,1,10,1,1,5,6,1,6.96,6.0,15.4,60.3,False,-1.031,0.395,83.0,276500.0,271902.0
2038,Downtown,2Story,16541.0,1424.0,1078.0,539.0,1985,1990,10,8,1,1,5,6,1,1.14,7.0,46.5,82.5,False,0.507,0.706,98.0,446700.0,446655.0
2039,Suburbia,SplitLevel,6740.0,1738.0,1500.0,0.0,1961,1969,5,2,1,2,2,4,1,4.29,2.0,12.2,83.0,False,-1.035,0.613,18.0,328000.0,318530.0
2040,Suburbia,1.5Story,10895.0,2338.0,1474.0,640.0,2017,2026,7,6,3,0,6,9,0,15.49,7.0,71.4,87.7,False,1.204,0.153,15.0,412500.0,410997.0
2041,Hillcrest,2Story,11834.0,1410.0,1254.0,407.0,1947,1955,2,7,3,0,5,10,2,2.45,6.0,36.6,86.3,False,0.692,0.309,97.0,366000.0,365402.0
2042,Suburbia,2Story,6752.0,1850.0,238.0,120.0,1981,1981,4,1,1,2,3,3,1,0.62,3.0,43.2,40.4,False,0.227,0.212,11.0,249600.0,249192.0
2043,Suburbia,1Story,6248.0,2240.0,389.0,408.0,1983,1996,9,1,3,0,3,7,1,1.04,9.0,44.3,59.4,False,-2.036,0.125,55.0,342200.0,355883.0
2044,Old Town,1Story,10504.0,1397.0,1020.0,,1999,2013,1,1,3,1,4,6,0,3.25,5.0,34.6,79.3,False,-1.323,0.42,26.0,240500.0,263305.0
2045,Old Town,2Story,9909.0,2452.0,936.0,132.0,1906,1922,2,2,3,1,5,9,0,3.01,3.0,37.4,66.4,False,-0.08,0.198,19.0,298200.0,309186.0
2046,Downtown,SplitLevel,4946.0,1890.0,741.0,467.0,1958,1979,7,9,3,0,4,7,0,8.01,8.0,36.7,74.6,False,-0.026,0.071,60.0,390800.0,404447.0
2047,Hillcrest,2Story,5459.0,1759.0,1750.0,288.0,1956,1965,9,3,2,2,6,7,1,5.97,2.0,45.4,65.7,False,0.94,0.207,17.0,395800.0,396325.0
2048,Riverside,SplitLevel,3335.0,746.0,994.0,0.0,1928,1929,5,2,1,2,3,5,0,10.67,7.0,18.6,60.2,False,-2.913,0.619,26.0,225800.0,246008.0
2049,Downtown,2Story,9980.0,1645.0,1178.0,0.0,2001,2005,1,5,3,0,5,9,0,15.7,7.0,15.2,63.6,False,-0.759,0.808,64.0,327200.0,333044.0
2050,Hillcrest,SplitLevel,7394.0,2054.0,1365.0,774.0,2004,2026,2,4,2,2,6,8,2,14.91,5.0,51.4,47.8,True,0.837,0.463,32.0,387000.0,363098.0
2051,Old Town,2Story,7656.0,2810.0,973.0,419.0,1910,1937,9,10,2,2,5,9,0,5.65,3.0,35.0,55.0,False,-0.337,0.609,98.0,406800.0,407772.0
2052,Downtown,1Story,4483.0,2162.0,2038.0,0.0,1986,1996,3,2,2,1,3,4,0,0.97,3.0,0.0,66.8,False,-0.467,0.65,53.0,390200.0,389579.0
2053,Hillcrest,1Story,5517.0,2469.0,555.0,426.0,2008,2026,6,9,2,2,4,6,2,16.25,3.0,25.5,67.1,False,-1.612,0.651,11.0,391200.0,391028.0
2054,Suburbia,2Story,6855.0,1185.0,695.0,200.0,1936,1958,10,3,1,0,4,4,1,6.1,2.0,65.6,78.2,False,1.059,0.987,63.0,301000.0,298330.0
2055,Hillcrest,SplitLevel,6404.0,1780.0,554.0,427.0,1979,2011,4,4,1,0,3,6,0,1.35,10.0,31.8,62.9,False,-0.485,0.609,60.0,330900.0,337437.0
2056,Riverside,2Story,8444.0,2521.0,1606.0,581.0,1978,2010,1,5,2,2,2,3,1,4.46,,24.4,98.2,True,1.094,0.546,57.0,458600.0,460597.0
2057,Old Town,1Story,9939.0,1362.0,1287.0,556.0,1902,1914,9,10,2,1,2,3,0,4.43,6.0,5.1,90.1,True,1.466,0.867,96.0,394000.0,400658.0
2058,Riverside,1Story,17932.0,2381.0,721.0,413.0,2002,2026,8,3,3,0,5,9,0,2.05,9.0,23.6,59.0,False,1.317,0.621,61.0,392700.0,411157.0
2059,Downtown,1Story,8047.0,2253.0,587.0,227.0,1994,2018,7,4,1,2,3,4,2,7.19,7.0,11.7,71.6,False,-0.032,0.458,75.0,336100.0,408926.0
2060,Downtown,2Story,11973.0,2001.0,1532.0,563.0,1934,1952,10,7,1,1,5,6,2,1.2,7.0,43.6,89.8,False,-0.484,0.742,67.0,489100.0,499995.0
2061,Old Town,2Story,6060.0,1669.0,1102.0,527.0,1939,1965,8,7,3,2,5,7,1,2.38,8.0,36.0,56.5,False,-0.552,0.224,25.0,377600.0,357750.0
2062,Lakeside,2Story,4509.0,1308.0,1542.0,595.0,1996,2009,7,4,1,2,4,6,1,19.44,6.0,27.7,54.5,False,1.968,0.673,87.0,385800.0,395282.0
2063,Riverside,1Story,7163.0,2826.0,925.0,0.0,2001,2005,4,2,3,0,3,7,1,10.27,6.0,,91.4,False,-0.212,0.767,67.0,375400.0,392197.0
2064,Downtown,2Story,4632.0,2198.0,1165.0,191.0,1909,1910,1,8,3,2,6,9,1,11.45,2.0,65.5,80.4,True,1.053,0.639,67.0,403600.0,379686.0
2065,Hillcrest,SplitLevel,8145.0,2037.0,1076.0,545.0,1945,1963,8,10,1,1,2,5,2,15.51,7.0,20.9,87.3,True,0.482,0.188,7.0,436000.0,454329.0
2066,Old Town,1Story,6166.0,1623.0,688.0,459.0,1978,2015,9,7,2,1,3,5,1,2.1,5.0,21.0,73.7,False,-0.412,0.515,72.0,314800.0,342795.0
2067,Riverside,1Story,4089.0,1871.0,889.0,683.0,1916,1924,7,9,2,0,5,9,0,2.37,3.0,30.1,63.4,False,-0.253,0.81,9.0,357900.0,375825.0
2068,Old Town,1Story,14878.0,1941.0,453.0,0.0,2025,2026,7,3,1,0,6,8,2,1.06,5.0,32.9,43.8,False,1.183,0.403,39.0,279100.0,280806.0
2069,Lakeside,2Story,6713.0,2070.0,1158.0,453.0,1926,1932,8,9,1,0,4,4,1,10.98,9.0,44.6,70.5,False,0.031,0.928,56.0,446000.0,462556.0
2070,Riverside,1Story,4568.0,2254.0,1270.0,527.0,2009,2026,3,9,3,0,5,9,2,11.99,5.0,53.6,90.2,False,-0.454,0.048,94.0,382900.0,389898.0
2071,Suburbia,2Story,11096.0,1420.0,1366.0,364.0,1908,1915,2,10,3,1,3,8,2,0.52,5.0,52.1,90.4,False,-0.807,0.665,18.0,314000.0,339131.0
2072,Hillcrest,1Story,6279.0,1043.0,1230.0,357.0,2010,2026,7,10,3,2,6,10,0,16.87,3.0,83.6,87.3,False,0.32,0.233,80.0,342500.0,329022.0
2073,Lakeside,1Story,11867.0,1896.0,,444.0,1905,1938,10,4,1,0,4,5,1,2.5,9.0,1.1,82.2,False,-0.516,0.649,53.0,479500.0,474319.0
2074,Suburbia,1Story,6269.0,889.0,1602.0,313.0,1985,2000,2,2,3,2,5,8,2,28.0,2.0,39.6,107.8,False,0.594,0.949,58.0,250700.0,266371.0
2075,Hillcrest,SplitLevel,6706.0,1672.0,1325.0,423.0,1945,1983,1,8,2,2,2,6,1,1.33,9.0,24.6,40.1,False,2.544,0.575,91.0,301700.0,330311.0
2076,Riverside,2Story,9143.0,1570.0,1533.0,770.0,1958,1959,8,7,2,2,4,6,2,17.94,10.0,75.2,72.2,False,0.518,0.437,44.0,399400.0,410558.0
2077,Old Town,1Story,9973.0,2120.0,1560.0,627.0,1913,1916,5,7,2,2,5,7,1,4.45,2.0,38.5,51.1,True,1.804,0.859,13.0,370800.0,362706.0
2078,Lakeside,2Story,10604.0,2940.0,,509.0,1985,1991,10,7,1,0,4,6,2,6.9,6.0,0.0,95.9,False,-0.715,0.464,1.0,573600.0,560228.0
2079,Hillcrest,1Story,7853.0,780.0,1113.0,,1978,1987,5,1,1,0,6,9,2,2.16,6.0,43.7,58.1,False,0.684,0.564,35.0,298800.0,301706.0
2080,Downtown,1.5Story,9750.0,3101.0,1275.0,328.0,1940,1957,6,7,1,2,6,9,2,10.64,9.0,40.3,86.2,False,1.256,0.307,98.0,490600.0,496755.0
2081,Hillcrest,2Story,10519.0,1722.0,467.0,858.0,1959,1996,1,5,3,1,2,6,0,10.55,4.0,50.2,59.9,False,1.38,0.549,21.0,316500.0,323667.0
2082,Lakeside,1Story,8692.0,2041.0,477.0,386.0,1969,1978,10,1,3,0,6,9,2,28.0,7.0,20.5,75.6,False,1.279,0.716,14.0,425700.0,421964.0
2083,Suburbia,1Story,7708.0,1072.0,404.0,781.0,1986,2000,4,9,3,2,3,6,2,14.55,1.0,41.6,66.0,False,0.017,0.509,3.0,279400.0,268451.0
2084,Lakeside,2Story,4886.0,2398.0,,,1967,1968,5,1,3,0,4,8,1,3.26,9.0,29.6,67.8,False,0.89,0.211,50.0,456500.0,458236.0
2085,Suburbia,SplitLevel,9994.0,1873.0,,179.0,1907,1936,7,3,1,0,4,4,0,1.33,8.0,21.6,74.0,False,-1.018,0.02,36.0,334000.0,338599.0
2086,Lakeside,1Story,8224.0,1816.0,347.0,695.0,1968,1990,9,3,3,2,5,8,0,3.36,3.0,41.9,84.6,False,1.607,0.218,34.0,429900.0,420250.0
2087,Hillcrest,1.5Story,7011.0,784.0,1013.0,415.0,1943,1944,8,8,3,2,4,7,1,9.54,2.0,38.1,66.0,True,-0.952,0.85,59.0,358000.0,339499.0
2088,Hillcrest,1Story,12673.0,1891.0,910.0,369.0,1951,1970,8,1,2,1,4,8,2,3.81,2.0,56.0,84.0,False,1.254,0.959,32.0,374300.0,377832.0
2089,Suburbia,SplitLevel,4916.0,2315.0,1447.0,0.0,1946,1954,2,4,2,1,4,8,2,5.81,9.0,35.5,86.7,False,1.044,0.562,5.0,346600.0,345538.0
2090,Riverside,2Story,14406.0,1720.0,1795.0,299.0,1944,1961,1,4,2,1,3,5,2,3.03,7.0,47.1,60.5,True,1.037,0.829,41.0,353500.0,362802.0
2091,Hillcrest,1Story,8040.0,2496.0,1142.0,540.0,1929,1940,9,5,3,0,4,8,2,9.83,4.0,10.9,101.9,False,2.066,0.047,73.0,481100.0,480097.0
2092,Suburbia,1.5Story,9056.0,2473.0,,0.0,1941,1973,10,9,3,1,2,5,0,4.15,6.0,62.9,81.4,True,1.052,0.854,57.0,394900.0,406376.0
2093,Riverside,1Story,7057.0,1497.0,1222.0,488.0,1989,1991,7,4,2,0,2,6,2,3.08,6.0,19.5,60.2,False,-1.327,0.287,93.0,377900.0,360273.0
2094,Lakeside,1Story,4521.0,2727.0,954.0,,1928,1952,10,4,1,2,5,6,1,10.3,1.0,53.1,79.1,True,0.59,0.175,1.0,504700.0,493757.0
2095,Old Town,SplitLevel,7717.0,1875.0,849.0,522.0,1995,2026,4,5,3,2,3,7,0,7.86,5.0,40.3,86.7,False,-1.889,0.277,6.0,341200.0,319740.0
2096,Hillcrest,1Story,9110.0,1877.0,588.0,402.0,1955,1955,4,4,2,0,5,8,0,0.58,7.0,37.7,78.6,False,-0.091,0.498,15.0,347000.0,353912.0
2097,Downtown,1.5Story,10267.0,1904.0,755.0,0.0,1976,2013,2,10,3,1,5,10,0,0.49,7.0,50.2,71.6,False,-0.422,0.588,3.0,377800.0,352224.0
2098,Riverside,1Story,7560.0,1888.0,875.0,235.0,1914,1945,8,3,3,0,5,9,0,2.09,2.0,0.0,22.0,False,0.638,0.007,61.0,326400.0,323405.0
2099,Downtown,SplitLevel,3762.0,500.0,1288.0,326.0,1926,1937,7,2,2,0,4,6,0,2.65,10.0,23.5,50.6,False,-0.823,0.343,62.0,306000.0,307680.0
2100,Lakeside,SplitLevel,4724.0,1748.0,1165.0,391.0,2013,2026,3,5,3,1,4,8,1,6.57,2.0,49.9,80.2,False,-0.793,0.704,73.0,383000.0,367426.0
2101,Suburbia,1Story,16617.0,1100.0,1717.0,586.0,2004,2026,10,1,1,2,5,6,1,8.58,9.0,73.4,50.2,False,0.501,0.75,20.0,323300.0,335974.0
2102,Downtown,2Story,5528.0,2744.0,1233.0,525.0,1908,1929,1,8,2,2,3,6,0,4.28,10.0,34.5,77.2,False,1.175,0.234,67.0,452300.0,451910.0
2103,Suburbia,2Story,13353.0,2722.0,1128.0,0.0,2013,2026,8,9,1,0,4,7,2,7.5,8.0,,83.9,False,0.003,0.246,17.0,447400.0,449339.0
2104,Old Town,1Story,5843.0,2319.0,,456.0,2005,2026,3,9,3,2,3,6,2,11.61,6.0,28.7,66.0,True,2.323,0.68,99.0,356900.0,351700.0
2105,Suburbia,SplitLevel,7602.0,1719.0,514.0,334.0,1917,1931,8,9,1,1,3,6,1,0.92,2.0,33.8,36.2,False,-0.343,0.61,25.0,292000.0,297469.0
2106,Suburbia,1Story,10085.0,1296.0,,698.0,1930,1934,5,5,1,1,2,3,0,28.0,4.0,57.2,54.7,False,0.68,0.497,4.0,253300.0,259972.0
2107,Suburbia,2Story,6081.0,1488.0,656.0,348.0,1922,1939,3,7,3,1,2,5,0,1.52,6.0,,80.3,False,0.341,0.547,18.0,304200.0,308902.0
2108,Old Town,2Story,14147.0,2918.0,0.0,527.0,2007,2026,1,4,1,2,2,5,1,6.44,1.0,9.5,90.6,False,-0.343,0.499,51.0,346900.0,350474.0
2109,Hillcrest,1Story,8321.0,1469.0,526.0,442.0,2007,2026,7,9,1,1,5,7,1,6.16,,,30.5,False,1.311,0.407,71.0,318300.0,317376.0
2110,Lakeside,SplitLevel,9521.0,554.0,1623.0,550.0,1990,2001,2,2,1,1,5,6,1,8.39,10.0,46.4,69.5,False,-0.89,0.788,41.0,338000.0,322094.0
2111,Riverside,2Story,7379.0,2417.0,1105.0,363.0,1931,1969,5,2,2,1,2,5,2,8.7,8.0,21.0,41.6,False,-2.076,0.889,31.0,352600.0,379284.0
2112,Riverside,1Story,10204.0,2675.0,792.0,628.0,2016,2017,10,10,2,0,5,6,2,7.72,10.0,49.4,69.6,False,-0.126,0.64,19.0,478800.0,469319.0
2113,Lakeside,1.5Story,14081.0,2763.0,1117.0,0.0,2006,2026,9,4,2,1,5,9,1,5.41,5.0,24.1,65.2,False,-0.257,0.27,12.0,465100.0,470914.0
2114,Suburbia,SplitLevel,7739.0,2421.0,130.0,619.0,2009,2026,5,4,2,0,6,7,0,1.93,3.0,29.0,110.5,False,1.063,0.974,89.0,369400.0,371586.0
2115,Downtown,2Story,14845.0,2511.0,1068.0,485.0,1945,1973,8,7,3,2,6,10,2,14.4,1.0,24.4,58.3,False,-1.25,0.088,74.0,440500.0,453970.0
2116,Old Town,SplitLevel,6542.0,1879.0,1487.0,390.0,1988,1999,9,4,2,0,2,4,0,5.06,5.0,28.8,86.9,False,0.524,0.952,14.0,373200.0,372584.0
2117,Lakeside,1Story,10588.0,708.0,899.0,912.0,1985,2023,7,8,3,1,4,8,1,12.61,2.0,53.1,86.2,True,0.403,0.556,15.0,386700.0,391584.0
2118,Downtown,1.5Story,9616.0,1865.0,206.0,0.0,1919,1919,3,5,2,0,6,8,2,1.89,7.0,0.0,64.5,True,0.323,0.71,50.0,353300.0,356122.0
2119,Downtown,2Story,5575.0,2192.0,776.0,601.0,1973,2006,9,8,1,1,3,3,2,6.47,9.0,57.1,70.1,False,1.044,0.424,35.0,461200.0,453977.0
2120,Lakeside,1Story,8733.0,1776.0,1487.0,513.0,1969,1989,1,1,2,0,4,7,2,5.21,2.0,38.5,68.0,False,-0.023,0.357,19.0,369300.0,361458.0
2121,Lakeside,1Story,8124.0,1751.0,1059.0,450.0,1973,1994,6,8,1,0,2,5,0,8.99,6.0,27.2,54.6,False,0.052,0.223,44.0,412600.0,394988.0
2122,Downtown,1Story,6011.0,1320.0,354.0,490.0,1942,1954,8,4,2,0,3,6,1,2.64,6.0,35.4,53.1,True,0.45,0.112,43.0,348500.0,355872.0
2123,Lakeside,1Story,9185.0,1299.0,1944.0,378.0,1984,2000,6,5,1,2,6,6,1,8.19,4.0,16.8,60.6,False,-0.102,0.313,58.0,405300.0,396907.0
2124,Lakeside,1Story,8529.0,2861.0,423.0,528.0,2011,2026,4,10,3,2,5,7,1,10.49,3.0,2.4,47.5,False,-1.353,0.255,79.0,287900.0,434321.0
2125,Hillcrest,1Story,7900.0,2881.0,848.0,511.0,1976,1988,5,5,2,2,3,5,2,3.7,8.0,17.4,59.0,True,-0.41,0.534,27.0,452000.0,450935.0
2126,Hillcrest,2Story,7911.0,1849.0,,888.0,2009,2009,5,1,1,0,6,7,2,0.43,3.0,0.0,64.5,False,-0.259,0.857,70.0,402100.0,381290.0
2127,Hillcrest,1Story,7852.0,2005.0,515.0,631.0,1997,2013,8,5,3,1,3,5,1,1.53,1.0,7.9,70.9,True,-0.562,0.084,72.0,405500.0,413383.0
2128,Hillcrest,2Story,7125.0,1311.0,760.0,543.0,1939,1955,10,3,2,2,3,7,0,4.66,7.0,2.5,76.0,True,-0.316,0.747,70.0,418000.0,416091.0
2129,Downtown,SplitLevel,8510.0,2203.0,1217.0,552.0,1992,2021,8,5,1,1,4,6,2,1.28,1.0,59.5,64.5,False,0.18,0.268,92.0,417500.0,413775.0
2130,Downtown,SplitLevel,6468.0,2818.0,1492.0,0.0,1984,2003,4,3,1,2,5,8,0,12.33,4.0,9.3,54.2,False,-0.274,0.641,21.0,382000.0,396810.0
2131,Lakeside,2Story,20535.0,1009.0,788.0,305.0,2018,2026,2,7,1,0,3,6,1,1.18,1.0,34.2,75.7,False,0.854,0.627,73.0,350900.0,335254.0
2132,Suburbia,2Story,4948.0,2105.0,526.0,0.0,1942,1961,5,3,1,1,3,6,2,0.49,6.0,57.3,82.2,False,0.87,0.738,2.0,318000.0,319306.0
2133,Old Town,2Story,6603.0,2146.0,1151.0,155.0,1920,1937,9,5,2,0,5,6,2,3.03,3.0,52.0,59.3,False,-2.379,0.015,33.0,355100.0,349688.0
2134,Old Town,1Story,6789.0,2140.0,1163.0,0.0,1985,2014,7,10,2,2,3,4,2,4.36,3.0,29.1,50.3,True,-1.433,0.001,72.0,364600.0,345029.0
2135,Riverside,SplitLevel,16551.0,2754.0,1051.0,596.0,1979,2006,4,7,2,0,2,5,2,3.18,,29.2,60.0,False,-2.405,0.169,93.0,416600.0,413940.0
2136,Riverside,1Story,5105.0,2970.0,1066.0,0.0,1977,2017,1,8,3,0,2,7,0,5.31,5.0,38.6,64.7,False,-0.274,0.98,10.0,363600.0,363091.0
2137,Hillcrest,2Story,9406.0,1722.0,903.0,690.0,1993,2013,3,8,3,2,3,7,0,28.0,8.0,77.2,88.6,False,-0.336,0.342,73.0,365300.0,364465.0
2138,Suburbia,2Story,8839.0,2220.0,991.0,345.0,1964,1965,8,10,1,0,2,5,2,20.1,10.0,43.3,80.5,False,0.151,0.625,39.0,395100.0,407536.0
2139,Suburbia,2Story,9107.0,1896.0,874.0,405.0,1903,1926,7,9,2,0,2,5,1,4.29,7.0,48.4,67.9,True,0.843,0.308,53.0,379200.0,383920.0
2140,Suburbia,SplitLevel,12490.0,1502.0,,479.0,2010,2026,5,9,2,2,5,7,0,20.74,5.0,80.3,102.2,False,-0.043,0.488,84.0,335000.0,336864.0
2141,Old Town,1Story,12401.0,1999.0,1886.0,715.0,1934,1937,4,4,1,0,4,4,1,5.66,6.0,40.6,67.4,False,-0.603,0.438,85.0,363400.0,362179.0
2142,Hillcrest,1Story,6920.0,2219.0,1025.0,323.0,1931,1966,2,7,1,1,2,4,2,12.05,6.0,58.0,93.4,False,-0.004,0.188,40.0,386200.0,369178.0
2143,Suburbia,1Story,8672.0,1969.0,947.0,507.0,2002,2026,10,9,2,1,3,5,1,0.74,1.0,44.6,90.0,True,-0.494,0.358,87.0,426000.0,414511.0
2144,Suburbia,SplitLevel,4220.0,1365.0,1057.0,584.0,2000,2025,5,6,1,1,5,6,1,3.43,5.0,44.3,88.7,True,-1.477,0.191,46.0,331200.0,338451.0
2145,Hillcrest,1Story,8389.0,1595.0,674.0,551.0,1963,1989,8,2,3,1,6,11,1,24.94,8.0,15.7,73.8,False,0.958,0.28,23.0,368300.0,368615.0
2146,Old Town,SplitLevel,6137.0,1599.0,1271.0,557.0,1986,2026,5,6,3,2,6,10,1,6.87,9.0,12.4,70.1,False,0.425,0.417,95.0,357900.0,340586.0
2147,Downtown,SplitLevel,7591.0,1387.0,1135.0,582.0,1910,1938,6,3,2,2,3,5,2,0.49,1.0,24.8,68.1,False,1.449,0.796,35.0,342500.0,363803.0
2148,Old Town,1Story,4492.0,2022.0,773.0,371.0,1935,1964,7,7,2,2,6,10,2,4.45,7.0,52.6,83.3,False,-1.237,0.196,90.0,346500.0,349308.0
2149,Suburbia,SplitLevel,9337.0,2080.0,1329.0,730.0,1930,1960,4,9,3,2,4,8,1,1.7,,51.7,53.8,False,-1.615,0.196,91.0,334200.0,350400.0
2150,Downtown,2Story,4475.0,2389.0,958.0,442.0,1953,1982,10,8,3,1,3,6,2,3.36,1.0,61.7,63.3,False,-0.936,0.247,9.0,475300.0,445020.0
2151,Suburbia,1.5Story,8535.0,1378.0,543.0,421.0,1945,1973,5,6,2,0,4,8,2,4.75,1.0,34.8,98.0,False,0.399,0.789,71.0,320200.0,310666.0
2152,Downtown,2Story,5275.0,1532.0,1098.0,,1908,1911,8,6,3,0,2,4,0,1.71,2.0,45.8,79.2,True,0.859,0.247,86.0,420500.0,426663.0
2153,Suburbia,1Story,6019.0,2705.0,1050.0,359.0,1986,2002,10,6,1,1,4,5,2,1.32,1.0,45.8,85.2,False,0.286,0.819,20.0,420900.0,421372.0
2154,Suburbia,2Story,12139.0,1760.0,1353.0,0.0,1975,1986,4,5,2,2,4,6,2,2.92,6.0,32.9,46.0,False,0.144,0.323,49.0,301900.0,312028.0
2155,Suburbia,2Story,9954.0,1867.0,1299.0,344.0,1947,1983,3,3,1,1,4,4,2,4.66,10.0,28.6,60.2,True,0.855,0.303,98.0,382200.0,357565.0
2156,Suburbia,2Story,12115.0,1754.0,904.0,863.0,2011,2026,10,7,1,2,2,4,2,4.26,8.0,5.3,74.0,False,-0.459,0.378,79.0,408100.0,436444.0
2157,Downtown,1Story,13987.0,2473.0,752.0,829.0,1945,1966,8,4,2,1,2,3,2,8.25,8.0,31.9,67.3,False,1.056,0.448,34.0,470400.0,466350.0
2158,Lakeside,1Story,6183.0,2494.0,951.0,442.0,1914,1935,8,2,3,1,3,7,1,17.61,2.0,32.9,45.9,False,1.985,0.42,35.0,410600.0,411446.0
2159,Hillcrest,1Story,13693.0,2462.0,1103.0,543.0,2006,2026,10,9,3,0,6,11,0,2.85,,57.7,81.7,False,-1.063,0.394,10.0,468900.0,481624.0
2160,Downtown,1Story,4852.0,1865.0,1153.0,461.0,1916,1947,1,6,3,2,4,7,0,1.13,6.0,59.7,87.4,False,-0.254,0.998,95.0,364900.0,368044.0
2161,Hillcrest,SplitLevel,10521.0,1370.0,1077.0,404.0,1908,1916,10,6,1,2,4,4,0,3.75,1.0,37.9,62.9,False,-1.39,0.693,88.0,337600.0,357680.0
2162,Lakeside,SplitLevel,6818.0,2909.0,912.0,0.0,1959,1999,2,6,2,1,5,9,0,15.55,7.0,76.3,82.3,False,-0.965,0.882,79.0,415800.0,396419.0
2163,Hillcrest,2Story,5851.0,2321.0,1369.0,454.0,1972,2003,2,1,1,2,4,6,1,2.94,,38.8,104.5,False,0.393,0.894,40.0,419200.0,418894.0
2164,Hillcrest,1Story,10047.0,1599.0,667.0,217.0,1935,1943,3,6,2,0,3,4,2,7.57,5.0,55.7,95.5,False,-1.686,0.427,44.0,340000.0,328680.0
2165,Suburbia,1Story,11279.0,2633.0,1991.0,0.0,2005,2026,2,6,3,1,6,10,2,1.09,8.0,33.0,63.7,True,-0.78,0.775,37.0,392000.0,398024.0
2166,Lakeside,1.5Story,11163.0,1555.0,1270.0,453.0,1934,1951,1,6,2,2,3,4,1,3.82,7.0,12.2,48.1,False,1.054,0.471,36.0,383800.0,367210.0
2167,Old Town,1Story,8736.0,2626.0,476.0,510.0,2021,2026,2,1,1,1,5,7,1,2.11,6.0,26.5,72.1,True,0.223,0.595,6.0,342100.0,341628.0
2168,Hillcrest,1.5Story,8486.0,2663.0,1028.0,0.0,1980,2015,5,8,1,2,6,7,1,5.81,4.0,64.5,110.2,False,0.768,0.735,21.0,432900.0,419588.0
2169,Hillcrest,2Story,9744.0,1343.0,1275.0,402.0,1923,1934,4,7,2,1,5,8,1,0.69,10.0,29.7,92.1,False,-1.294,0.582,61.0,400700.0,393704.0
2170,Riverside,1Story,9012.0,2170.0,803.0,600.0,1951,1985,4,8,3,1,6,11,1,0.95,7.0,25.7,67.9,False,0.068,0.507,27.0,388500.0,388940.0
2171,Hillcrest,1.5Story,9794.0,2280.0,322.0,545.0,1909,1935,2,6,2,1,2,6,2,2.97,5.0,34.9,96.1,False,1.887,0.012,15.0,396000.0,383638.0
2172,Lakeside,1Story,8703.0,3288.0,514.0,683.0,2006,2026,10,4,1,2,5,8,0,6.99,8.0,27.2,89.0,False,-0.662,0.97,44.0,590900.0,539144.0
2173,Riverside,SplitLevel,10883.0,1442.0,1178.0,539.0,1981,2011,4,9,2,0,2,5,1,7.65,3.0,58.9,33.8,False,-0.488,0.038,80.0,280400.0,294414.0
2174,Downtown,2Story,4585.0,2638.0,213.0,428.0,1954,1979,5,4,1,1,4,7,0,5.9,10.0,72.7,87.1,True,0.582,0.12,35.0,429200.0,430648.0
2175,Hillcrest,2Story,7739.0,1860.0,341.0,559.0,1985,1992,2,5,1,2,2,5,2,10.86,8.0,35.1,70.1,False,-0.9,0.042,75.0,326700.0,342677.0
2176,Riverside,2Story,4992.0,1167.0,1175.0,,1977,2017,3,1,2,0,5,9,0,5.39,,45.8,52.4,False,0.717,0.626,64.0,274600.0,269448.0
2177,Hillcrest,2Story,8927.0,1784.0,857.0,797.0,1975,2001,3,2,3,1,3,8,1,13.55,3.0,54.4,69.6,False,-1.797,0.303,32.0,349400.0,346634.0
2178,Suburbia,2Story,14396.0,1851.0,658.0,504.0,1950,1964,10,2,2,1,2,4,0,7.28,4.0,37.2,75.5,True,-2.426,0.894,63.0,412700.0,388690.0
2179,Lakeside,1Story,6864.0,1268.0,742.0,810.0,1944,1954,2,5,1,0,6,7,1,0.78,,17.4,53.7,True,0.314,0.593,50.0,372200.0,375359.0
2180,Old Town,1Story,8472.0,2022.0,332.0,321.0,1932,1936,6,3,3,0,6,9,2,5.46,8.0,26.8,65.8,False,-0.98,0.782,19.0,326900.0,315097.0
2181,Suburbia,1.5Story,10559.0,2377.0,1153.0,0.0,1999,2011,6,4,1,0,2,4,2,1.18,2.0,43.2,62.0,False,-0.566,0.145,42.0,314500.0,340250.0
2182,Old Town,1Story,3930.0,1981.0,611.0,519.0,1959,1964,1,8,2,0,3,6,0,8.16,9.0,42.9,82.3,False,0.877,0.411,26.0,305400.0,303537.0
2183,Suburbia,2Story,6750.0,1552.0,725.0,518.0,1959,1995,4,7,2,2,2,4,1,0.47,2.0,0.0,62.6,True,0.624,0.624,54.0,328000.0,338746.0
2184,Downtown,1.5Story,9206.0,1768.0,1096.0,514.0,1990,2007,1,8,3,0,5,8,0,2.32,5.0,26.3,37.4,False,-1.227,0.188,4.0,349100.0,341800.0
2185,Riverside,2Story,2940.0,1848.0,842.0,0.0,1966,1991,2,9,3,1,6,10,2,9.95,5.0,20.3,59.9,False,0.52,0.382,7.0,328900.0,314695.0
2186,Lakeside,SplitLevel,5757.0,1970.0,654.0,360.0,2020,2026,7,3,1,1,3,5,1,4.04,4.0,52.6,51.0,True,-0.3,0.754,38.0,375300.0,382742.0
2187,Suburbia,2Story,11912.0,2460.0,114.0,0.0,1930,1969,6,7,3,1,4,6,2,15.02,5.0,21.0,44.7,False,0.417,0.682,51.0,331000.0,324283.0
2188,Riverside,1Story,11511.0,2000.0,1104.0,505.0,1905,1923,5,9,2,2,5,6,2,3.2,2.0,25.8,89.2,False,-0.02,0.902,47.0,396200.0,400603.0
2189,Lakeside,SplitLevel,9237.0,1079.0,983.0,255.0,1953,1955,3,4,2,2,4,6,1,1.14,7.0,25.1,82.5,False,-1.503,0.558,8.0,347900.0,347324.0
2190,Old Town,1Story,11034.0,1541.0,733.0,240.0,1967,1992,7,4,1,0,5,6,0,7.25,7.0,50.8,50.6,False,-0.713,0.207,10.0,278000.0,272926.0
2191,Downtown,1Story,8737.0,1941.0,514.0,399.0,2003,2026,10,6,2,0,5,8,0,1.82,9.0,54.4,45.2,True,-2.412,0.879,10.0,395600.0,408060.0
2192,Riverside,1.5Story,9842.0,2468.0,955.0,0.0,1980,1994,9,8,2,1,5,7,0,0.51,5.0,44.9,66.2,False,0.185,0.962,8.0,283600.0,403127.0
2193,Suburbia,2Story,7256.0,2564.0,1152.0,778.0,2018,2022,2,2,2,2,5,7,0,11.37,6.0,57.1,44.2,False,0.397,0.486,83.0,354200.0,343426.0
2194,Downtown,1.5Story,8438.0,2826.0,991.0,617.0,1910,1939,7,5,3,2,4,6,2,2.77,2.0,59.7,63.6,False,-0.704,0.084,26.0,442300.0,450633.0
2195,Riverside,SplitLevel,6494.0,1922.0,1638.0,689.0,1967,1992,3,3,3,1,3,5,2,1.56,4.0,0.0,69.3,False,-0.116,0.253,79.0,401300.0,385511.0
2196,Suburbia,SplitLevel,12610.0,2270.0,1246.0,0.0,2004,2010,9,8,1,2,5,8,1,0.46,6.0,46.8,73.5,False,-0.974,0.752,49.0,365100.0,387063.0
2197,Downtown,1Story,13802.0,1050.0,905.0,519.0,1963,1963,5,3,1,0,2,5,1,13.31,5.0,27.6,74.1,False,1.256,0.0,99.0,345700.0,334166.0
2198,Riverside,1Story,13134.0,2086.0,1260.0,861.0,1934,1955,8,4,3,2,4,6,1,1.0,10.0,9.9,53.9,False,-1.286,0.295,98.0,444200.0,444074.0
2199,Lakeside,1.5Story,7025.0,1259.0,970.0,248.0,1996,2002,6,4,2,2,2,4,2,1.6,3.0,28.6,69.3,False,-0.311,0.369,60.0,361700.0,362896.0
2200,Suburbia,1Story,5803.0,1816.0,969.0,394.0,2010,2017,7,1,2,2,5,9,0,15.58,1.0,49.6,91.0,False,-1.298,0.788,91.0,323100.0,321259.0
2201,Downtown,2Story,12669.0,3516.0,1494.0,406.0,1932,1944,10,7,3,2,5,9,1,3.13,9.0,64.1,30.3,False,0.235,0.437,40.0,506900.0,524828.0
2202,Old Town,2Story,9802.0,2017.0,573.0,603.0,1969,1988,2,3,3,2,4,6,2,2.87,6.0,8.1,73.9,False,1.038,0.526,39.0,346000.0,332069.0
2203,Old Town,2Story,9091.0,1375.0,960.0,303.0,2001,2026,10,5,3,0,3,6,0,0.41,1.0,47.4,46.8,False,-2.076,0.672,12.0,294900.0,300267.0
2204,Lakeside,1Story,6491.0,2074.0,1450.0,582.0,1919,1936,5,7,2,2,4,8,1,8.56,10.0,74.3,93.3,False,0.654,0.785,55.0,444600.0,454923.0
2205,Hillcrest,2Story,9405.0,1566.0,1080.0,553.0,1901,1935,2,8,1,0,5,6,0,6.76,3.0,71.6,82.7,False,1.632,0.338,66.0,365800.0,338979.0
2206,Riverside,2Story,5542.0,1322.0,795.0,590.0,1993,2017,5,10,3,1,5,9,2,24.72,10.0,0.0,82.1,False,0.129,0.172,55.0,371500.0,375848.0
2207,Suburbia,2Story,10116.0,3007.0,233.0,,1994,2010,1,2,3,0,6,9,1,7.53,4.0,78.6,52.6,False,-0.675,0.182,23.0,309400.0,320133.0
2208,Hillcrest,SplitLevel,13129.0,2437.0,0.0,706.0,1919,1939,6,7,2,0,2,3,2,15.74,4.0,54.2,72.7,True,-0.038,0.16,34.0,319400.0,396928.0
2209,Downtown,2Story,14341.0,2040.0,1822.0,0.0,1975,1980,5,4,2,0,2,6,0,6.86,3.0,0.0,74.8,False,-0.546,0.114,25.0,423500.0,420218.0
2210,Downtown,2Story,10384.0,1634.0,1080.0,545.0,1990,2026,4,8,1,1,5,5,2,2.46,2.0,19.7,25.3,True,1.964,0.441,85.0,381200.0,368695.0
2211,Old Town,1Story,4995.0,1679.0,705.0,342.0,2021,2026,5,4,1,0,2,4,2,15.28,9.0,60.2,70.6,False,0.835,0.183,13.0,282300.0,281228.0
2212,Hillcrest,2Story,8683.0,2698.0,1097.0,306.0,2001,2026,7,1,3,2,2,5,0,21.74,5.0,42.2,79.0,False,0.9,0.783,29.0,432600.0,420784.0
2213,Suburbia,SplitLevel,17135.0,2019.0,552.0,742.0,1927,1953,9,9,1,1,3,5,2,4.41,6.0,23.5,42.5,False,2.155,0.0,32.0,404300.0,378919.0
2214,Riverside,SplitLevel,5979.0,500.0,811.0,330.0,1972,1984,4,8,2,1,5,9,2,8.86,4.0,36.3,78.8,False,1.345,0.954,42.0,252000.0,261353.0
2215,Old Town,1Story,7937.0,3182.0,555.0,563.0,1992,2011,1,4,2,2,2,5,1,12.35,5.0,45.9,69.8,True,-0.121,0.013,30.0,354900.0,360576.0
2216,Downtown,1Story,13290.0,1951.0,356.0,545.0,1934,1938,6,9,2,2,3,4,1,3.79,5.0,23.4,92.9,False,0.025,0.325,90.0,401900.0,421709.0
2217,Downtown,1Story,10057.0,2039.0,66.0,648.0,1920,1945,10,5,3,2,2,5,2,3.42,4.0,32.5,60.6,False,2.36,0.754,50.0,416100.0,411438.0
2218,Old Town,2Story,19304.0,2448.0,279.0,195.0,1955,1957,4,5,3,1,6,8,0,3.02,6.0,52.9,71.2,False,-0.739,0.872,34.0,332000.0,330479.0
2219,Old Town,2Story,6270.0,2106.0,,603.0,1990,2016,2,3,3,0,5,9,1,12.47,5.0,21.0,74.1,False,-0.172,0.087,33.0,357100.0,341486.0
2220,Hillcrest,2Story,5731.0,2261.0,536.0,0.0,1966,1974,10,5,1,2,2,4,0,23.86,8.0,7.9,22.0,False,-1.013,0.801,51.0,357200.0,357556.0
2221,Hillcrest,2Story,12437.0,1617.0,1175.0,,1976,1981,5,10,3,1,3,5,2,3.53,8.0,22.3,61.6,False,-1.818,0.752,36.0,394600.0,395682.0
2222,Hillcrest,1Story,5332.0,1174.0,1352.0,0.0,1983,1992,4,1,3,0,4,8,0,18.25,7.0,17.2,69.6,False,-0.88,0.46,87.0,296400.0,293940.0
2223,Hillcrest,2Story,7564.0,2004.0,957.0,626.0,2020,2023,3,6,3,1,4,7,0,0.52,2.0,22.9,25.6,False,-0.86,0.627,12.0,339300.0,342148.0
2224,Lakeside,2Story,7919.0,2637.0,825.0,577.0,1979,2015,8,2,2,0,2,4,2,10.06,9.0,0.5,80.1,False,-0.625,0.367,32.0,510800.0,506207.0
2225,Old Town,1Story,11645.0,1494.0,1006.0,440.0,1917,1955,2,2,1,0,4,7,1,21.25,7.0,39.7,69.5,False,0.612,0.312,43.0,261600.0,258838.0
2226,Lakeside,1Story,10047.0,1450.0,775.0,278.0,1950,1987,7,1,3,1,6,8,2,4.49,8.0,52.4,69.4,False,-0.012,0.033,96.0,379300.0,372654.0
2227,Suburbia,2Story,9509.0,2522.0,1456.0,289.0,1921,1950,4,3,3,2,3,7,0,5.29,7.0,18.8,81.0,False,1.011,0.007,29.0,399800.0,402621.0
2228,Downtown,2Story,7038.0,1599.0,1738.0,0.0,1995,2004,4,8,1,0,2,4,2,8.33,6.0,22.0,60.6,False,0.151,0.526,20.0,381700.0,374920.0
2229,Downtown,2Story,12398.0,1624.0,1559.0,256.0,2025,2026,3,8,1,0,3,4,2,3.69,6.0,31.3,68.8,False,0.179,0.012,39.0,396700.0,389041.0
2230,Suburbia,2Story,30000.0,1645.0,46.0,441.0,1997,2026,9,8,3,2,4,6,2,7.44,2.0,16.8,83.6,True,-0.291,0.123,68.0,392000.0,396010.0
2231,Hillcrest,SplitLevel,10321.0,1814.0,766.0,889.0,1930,1939,5,2,2,2,3,4,0,5.06,10.0,54.7,69.0,False,1.947,0.097,98.0,374900.0,375960.0
2232,Suburbia,SplitLevel,8391.0,984.0,952.0,534.0,1987,2021,10,2,3,0,2,6,1,0.56,9.0,17.2,34.8,True,-0.423,0.633,6.0,323500.0,325627.0
2233,Downtown,1Story,5145.0,1553.0,1144.0,579.0,1902,1942,9,10,2,1,2,5,2,2.62,10.0,24.5,68.9,False,0.917,0.669,64.0,426100.0,441319.0
2234,Old Town,1Story,6483.0,1977.0,225.0,290.0,1934,1949,8,10,3,0,5,8,2,1.97,8.0,19.7,69.2,False,-1.182,0.754,53.0,342100.0,348068.0
2235,Suburbia,1.5Story,7519.0,1973.0,218.0,264.0,1938,1962,5,8,1,2,2,3,0,11.21,3.0,55.1,84.2,False,-0.243,0.973,33.0,314600.0,305206.0
2236,Suburbia,1Story,6720.0,2487.0,1499.0,587.0,1959,1994,10,9,3,1,3,8,0,5.59,4.0,30.4,61.8,False,2.008,0.98,15.0,444800.0,434281.0
2237,Downtown,2Story,8058.0,2862.0,715.0,415.0,1940,1950,6,9,1,0,5,7,1,0.72,9.0,74.9,50.4,False,0.685,0.208,65.0,442100.0,437952.0
2238,Hillcrest,2Story,15098.0,2682.0,325.0,648.0,1954,1994,5,6,3,0,4,8,0,4.07,3.0,42.1,50.5,False,-1.4,0.352,62.0,385600.0,398103.0
2239,Hillcrest,1Story,12538.0,2353.0,486.0,483.0,1901,1913,4,5,2,2,2,3,2,0.46,7.0,58.2,94.0,False,-1.032,0.562,13.0,412300.0,400204.0
2240,Riverside,1Story,7665.0,1768.0,1114.0,1029.0,2002,2026,10,10,2,1,2,5,1,1.69,7.0,28.5,73.2,False,1.602,0.044,61.0,475100.0,452177.0
2241,Hillcrest,2Story,5309.0,1507.0,605.0,384.0,1949,1958,3,7,3,2,4,7,1,6.21,2.0,16.1,93.0,False,0.088,0.192,51.0,355400.0,348091.0
2242,Downtown,2Story,12940.0,1860.0,1051.0,,2001,2026,9,9,1,0,3,6,2,5.74,1.0,34.3,95.7,False,-0.275,0.854,41.0,458000.0,458067.0
2243,Hillcrest,1Story,7965.0,2172.0,539.0,333.0,1907,1928,3,3,1,2,6,6,0,6.39,1.0,21.4,54.6,False,-0.779,0.408,53.0,306600.0,317272.0
2244,Lakeside,2Story,4428.0,2302.0,217.0,641.0,2009,2024,8,3,2,0,2,6,2,7.01,8.0,0.0,53.2,True,-0.317,0.485,92.0,460900.0,461116.0
2245,Hillcrest,1Story,10398.0,2193.0,1548.0,,1978,1996,3,7,2,0,2,6,1,13.27,3.0,55.3,65.7,False,1.414,0.737,43.0,369900.0,376069.0
2246,Lakeside,1.5Story,11603.0,1783.0,1117.0,322.0,1929,1938,9,10,2,2,4,8,2,8.99,3.0,35.7,79.1,False,-0.7,0.809,89.0,444900.0,447323.0
2247,Lakeside,1Story,3467.0,2283.0,810.0,425.0,1994,2021,9,7,2,1,6,9,1,1.31,10.0,21.0,42.8,False,-0.602,0.865,2.0,463800.0,447867.0
2248,Suburbia,2Story,6072.0,2543.0,731.0,695.0,1994,2026,8,5,1,1,2,4,2,10.18,6.0,42.5,76.2,False,0.6,0.895,73.0,425000.0,414111.0
2249,Hillcrest,2Story,7796.0,2334.0,1565.0,676.0,1991,2015,10,1,3,2,6,11,0,2.07,1.0,35.9,75.3,True,-1.04,0.295,74.0,473500.0,477765.0
2250,Hillcrest,SplitLevel,10478.0,1832.0,1198.0,0.0,2009,2020,6,2,3,1,6,11,0,3.84,4.0,63.2,47.7,False,-0.935,0.649,71.0,314200.0,313156.0
2251,Riverside,1Story,6765.0,1391.0,1432.0,401.0,2020,2026,9,3,2,1,4,8,1,2.46,5.0,,48.4,True,0.006,0.111,36.0,361500.0,361605.0
2252,Suburbia,2Story,6056.0,1378.0,705.0,767.0,1920,1937,6,3,1,0,4,4,0,10.21,5.0,31.9,76.0,False,0.031,0.969,6.0,317900.0,323268.0
2253,Hillcrest,2Story,10452.0,1475.0,971.0,449.0,1935,1972,1,8,1,2,6,7,0,6.12,8.0,48.9,105.3,False,-0.809,0.268,5.0,347100.0,363745.0
2254,Riverside,SplitLevel,6878.0,1991.0,1119.0,0.0,1905,1915,5,7,2,1,5,9,1,2.63,9.0,34.3,62.7,True,0.473,0.39,32.0,377500.0,367274.0
2255,Old Town,1.5Story,9796.0,2136.0,719.0,640.0,1908,1929,1,4,1,2,4,4,0,0.62,1.0,38.7,73.9,False,0.219,0.931,12.0,314000.0,299402.0
2256,Riverside,SplitLevel,5492.0,1072.0,910.0,263.0,1913,1933,7,10,2,1,3,6,1,6.79,3.0,59.5,57.1,False,-1.974,0.63,20.0,283400.0,290918.0
2257,Old Town,1Story,5048.0,1573.0,705.0,326.0,1987,2023,2,4,3,0,6,9,1,1.51,7.0,11.6,72.3,False,0.78,0.288,1.0,270300.0,278414.0
2258,Suburbia,1Story,10555.0,1984.0,1118.0,424.0,1976,1980,4,5,3,0,3,7,1,7.98,1.0,17.7,56.7,False,-0.57,0.086,38.0,332700.0,321482.0
2259,Downtown,1Story,8852.0,1355.0,395.0,669.0,1904,1929,9,6,2,0,3,7,2,16.18,6.0,26.6,63.3,False,0.806,0.489,90.0,365700.0,373937.0
2260,Hillcrest,2Story,11191.0,2089.0,1190.0,639.0,1953,1986,8,6,1,2,6,9,0,10.82,1.0,29.5,112.1,False,2.08,0.591,10.0,439900.0,457020.0
2261,Suburbia,1.5Story,6725.0,1681.0,1080.0,591.0,1913,1927,4,2,1,0,4,5,2,5.01,6.0,58.1,69.9,True,-0.067,0.668,36.0,324800.0,330245.0
2262,Old Town,1Story,6135.0,1452.0,865.0,0.0,1924,1944,6,4,1,1,5,7,1,1.7,1.0,6.7,39.8,True,-0.645,0.165,31.0,277900.0,261158.0
2263,Hillcrest,2Story,13046.0,1879.0,1139.0,657.0,1907,1919,6,7,1,0,6,6,2,2.97,8.0,34.4,79.6,False,1.379,0.706,43.0,426300.0,432785.0
2264,Downtown,SplitLevel,4755.0,2066.0,797.0,452.0,1966,1983,4,9,2,2,5,8,2,12.12,5.0,24.0,88.3,False,-0.839,0.363,57.0,393300.0,401334.0
2265,Riverside,1Story,12557.0,1383.0,669.0,568.0,1910,1948,8,5,3,2,2,4,0,4.6,10.0,69.0,80.2,False,1.892,0.944,91.0,356200.0,362009.0
2266,Downtown,2Story,12864.0,1717.0,1178.0,622.0,1998,2012,2,2,2,2,5,9,0,1.69,1.0,,64.8,True,-0.464,0.653,16.0,355600.0,369799.0
2267,Suburbia,1Story,10949.0,2107.0,,0.0,2017,2025,5,9,3,2,4,7,2,1.95,9.0,39.8,51.5,True,-0.627,0.918,30.0,254700.0,362264.0
2268,Riverside,SplitLevel,6369.0,1431.0,737.0,467.0,2007,2026,3,6,1,1,2,4,1,4.66,5.0,54.4,51.9,True,2.366,0.03,10.0,292000.0,295251.0
2269,Suburbia,SplitLevel,6089.0,938.0,701.0,418.0,2003,2022,7,5,2,0,2,5,0,7.07,5.0,8.6,64.6,False,0.363,0.903,4.0,263300.0,280637.0
2270,Suburbia,1Story,7529.0,1005.0,873.0,683.0,1994,2025,7,6,2,0,6,8,0,1.08,7.0,75.6,61.4,False,1.622,0.878,70.0,287500.0,292448.0
2271,Suburbia,SplitLevel,5150.0,1620.0,718.0,0.0,2014,2015,9,9,1,1,2,5,2,6.93,7.0,18.2,58.0,True,-0.026,0.511,29.0,343800.0,340570.0
2272,Suburbia,SplitLevel,5787.0,1125.0,1591.0,,2011,2026,4,1,3,2,4,6,1,7.18,9.0,60.1,89.9,False,-0.097,0.976,24.0,309500.0,304796.0
2273,Suburbia,SplitLevel,10154.0,1659.0,1083.0,299.0,1927,1955,3,4,3,0,6,11,2,2.65,9.0,46.0,84.6,False,-2.925,0.749,44.0,321200.0,322963.0
2274,Suburbia,SplitLevel,10171.0,2766.0,956.0,671.0,1976,2010,1,10,3,1,6,10,2,6.26,3.0,40.3,90.8,True,1.012,0.995,47.0,392400.0,407275.0
2275,Suburbia,1Story,5612.0,1092.0,558.0,,1938,1954,9,4,3,2,6,9,0,2.91,3.0,59.3,53.8,False,0.385,0.756,43.0,255000.0,260069.0
2276,Downtown,1.5Story,10267.0,1695.0,1260.0,205.0,2005,2023,4,10,1,2,5,5,0,2.01,9.0,54.9,51.4,False,-0.112,0.915,83.0,370400.0,366110.0
2277,Riverside,1Story,9500.0,3023.0,,433.0,1901,1914,8,3,1,1,4,4,2,4.51,9.0,37.1,69.4,False,0.592,0.197,68.0,451100.0,443390.0
2278,Lakeside,1.5Story,13745.0,2074.0,,0.0,1952,1986,4,5,1,1,3,5,2,0.8,10.0,26.6,75.5,False,0.038,0.197,37.0,401300.0,404640.0
2279,Suburbia,2Story,9889.0,1648.0,1274.0,290.0,1947,1949,4,1,1,0,6,8,1,2.12,10.0,37.5,69.3,False,-0.943,0.508,19.0,321900.0,330560.0
2280,Suburbia,1.5Story,11737.0,1764.0,1113.0,495.0,2007,2026,3,8,2,0,4,8,2,14.54,7.0,32.9,74.2,False,0.363,0.729,9.0,340100.0,339044.0
2281,Hillcrest,SplitLevel,9576.0,2086.0,0.0,503.0,1937,1947,8,3,3,0,3,8,1,14.93,10.0,42.1,96.5,False,-0.191,0.265,70.0,389700.0,394125.0
2282,Lakeside,1Story,11418.0,2783.0,884.0,,2012,2026,3,9,3,2,6,9,0,0.66,8.0,55.4,64.1,False,0.741,0.417,78.0,430600.0,443233.0
2283,Hillcrest,SplitLevel,5164.0,1558.0,1003.0,785.0,1962,2001,3,2,3,0,3,7,2,0.78,9.0,44.4,82.5,False,-0.28,0.172,69.0,366500.0,362714.0
2284,Suburbia,1Story,7765.0,1433.0,807.0,529.0,1986,2013,8,2,3,2,2,7,2,0.52,5.0,38.7,77.3,False,-0.469,0.926,73.0,337700.0,337497.0
2285,Lakeside,2Story,7993.0,1092.0,1017.0,,1966,1967,6,5,2,0,5,8,2,0.43,10.0,21.9,69.7,False,-0.544,0.744,63.0,397100.0,410846.0
2286,Downtown,2Story,7440.0,1907.0,190.0,0.0,1954,1970,8,1,1,0,4,6,2,10.2,1.0,41.5,81.7,False,-0.884,0.038,61.0,341400.0,349188.0
2287,Old Town,1.5Story,9465.0,1077.0,0.0,,1938,1939,2,4,3,0,5,9,2,4.98,10.0,1.1,54.2,False,-0.523,0.022,96.0,223200.0,225546.0
2288,Suburbia,1Story,10118.0,1595.0,540.0,534.0,1935,1954,10,7,2,2,5,9,1,3.72,10.0,19.0,50.6,False,0.432,0.994,53.0,342900.0,361750.0
2289,Lakeside,1Story,9296.0,1350.0,1069.0,757.0,1980,1987,3,6,2,0,5,7,0,8.86,8.0,47.1,75.8,False,-0.75,0.396,90.0,371000.0,380031.0
2290,Hillcrest,1Story,7616.0,2441.0,0.0,,1940,1968,2,6,3,1,3,5,0,8.46,10.0,52.7,38.5,False,-1.175,0.602,75.0,321400.0,313585.0
2291,Old Town,1Story,6264.0,1570.0,596.0,,2008,2026,2,1,3,2,3,8,0,5.78,5.0,34.6,77.2,False,0.789,0.948,44.0,256300.0,262399.0
2292,Suburbia,1Story,11897.0,2068.0,142.0,262.0,1916,1928,4,7,1,1,3,4,1,16.63,4.0,39.0,47.7,False,-0.138,0.956,35.0,263300.0,273226.0
2293,Suburbia,SplitLevel,9158.0,968.0,848.0,345.0,1927,1962,5,1,3,1,6,8,0,4.17,2.0,42.4,95.3,False,0.768,0.096,16.0,283400.0,270049.0
2294,Hillcrest,1.5Story,5673.0,1922.0,1772.0,491.0,1905,1935,1,6,3,2,5,9,0,5.58,2.0,48.6,60.9,True,-0.22,0.635,32.0,370000.0,365674.0
2295,Hillcrest,1.5Story,7572.0,1188.0,859.0,381.0,2008,2026,7,8,1,0,3,6,2,7.06,9.0,31.0,94.2,True,-0.572,0.993,52.0,403700.0,395101.0
2296,Downtown,1Story,4402.0,1616.0,905.0,251.0,1952,1966,7,8,2,0,6,10,0,4.85,1.0,15.3,64.2,True,-1.743,0.18,62.0,243000.0,377993.0
2297,Suburbia,SplitLevel,8204.0,3066.0,1302.0,248.0,1904,1915,8,4,1,0,5,6,1,6.39,3.0,42.7,63.4,False,-1.13,0.663,84.0,399500.0,403067.0
2298,Downtown,2Story,7560.0,2363.0,959.0,158.0,1905,1929,1,2,3,0,4,9,1,2.3,5.0,74.2,83.6,True,-0.873,0.774,16.0,381200.0,381362.0
2299,Downtown,2Story,6627.0,1779.0,860.0,536.0,2015,2026,1,9,1,2,6,6,2,7.87,4.0,16.6,73.3,False,0.281,0.076,16.0,375100.0,372278.0
2300,Suburbia,2Story,14110.0,3609.0,1339.0,,2010,2026,3,3,2,0,6,10,2,0.57,10.0,32.5,66.8,False,-0.109,0.387,63.0,496500.0,468175.0
2301,Old Town,1Story,5406.0,1347.0,1148.0,555.0,1934,1965,5,5,2,0,4,5,2,5.23,1.0,27.3,60.7,False,-1.026,0.205,1.0,284100.0,283016.0
2302,Suburbia,1Story,10376.0,2491.0,1071.0,315.0,1981,1981,6,3,3,2,2,4,0,1.0,1.0,83.3,60.9,False,-2.781,0.057,86.0,348800.0,335431.0
2303,Riverside,1.5Story,17420.0,1007.0,892.0,621.0,1931,1971,3,1,1,2,4,5,0,0.46,3.0,15.8,110.4,False,0.463,0.099,21.0,365400.0,337112.0
2304,Riverside,1Story,11814.0,1716.0,805.0,573.0,2006,2015,4,5,3,0,3,6,2,1.05,7.0,31.8,37.8,False,0.877,0.342,51.0,350200.0,328927.0
2305,Hillcrest,2Story,8014.0,1109.0,1335.0,461.0,1990,1990,6,6,1,1,5,5,2,3.39,4.0,27.7,46.4,False,0.965,0.579,7.0,340500.0,338559.0
2306,Hillcrest,1Story,5448.0,1992.0,809.0,,1955,1978,6,8,1,2,2,4,1,20.82,9.0,9.9,89.2,False,-0.965,0.954,8.0,419100.0,404945.0
2307,Riverside,SplitLevel,5031.0,1881.0,1467.0,356.0,2016,2026,6,8,1,1,4,4,2,13.34,1.0,8.8,87.8,False,1.027,0.936,89.0,386700.0,385123.0
2308,Hillcrest,2Story,7016.0,1681.0,510.0,491.0,1928,1932,7,9,3,2,4,6,2,2.36,4.0,46.4,51.4,False,0.566,0.872,66.0,362400.0,362834.0
2309,Riverside,2Story,6371.0,2451.0,1552.0,719.0,2025,2026,8,9,2,0,3,4,1,28.0,7.0,49.2,36.5,True,0.561,0.771,94.0,446700.0,436262.0
2310,Old Town,2Story,6299.0,1538.0,1148.0,642.0,1936,1944,9,5,1,2,5,8,2,1.95,7.0,23.8,90.9,False,-0.609,0.041,86.0,403200.0,392269.0
2311,Old Town,1Story,7229.0,2030.0,543.0,419.0,2011,2026,10,4,3,1,4,6,2,3.07,6.0,63.2,49.2,False,-0.133,0.406,98.0,335800.0,329546.0
2312,Downtown,2Story,7818.0,2301.0,1164.0,546.0,2007,2026,4,7,1,0,3,5,1,4.45,5.0,0.0,59.2,False,1.832,0.779,19.0,428000.0,430117.0
2313,Hillcrest,1Story,9603.0,1034.0,677.0,284.0,1970,1997,4,5,3,1,6,10,1,1.42,1.0,9.8,69.7,False,1.677,0.967,73.0,289300.0,295257.0
2314,Lakeside,1Story,5254.0,1438.0,964.0,577.0,1915,1916,3,3,2,0,4,8,1,2.66,1.0,18.5,48.7,False,-0.048,0.462,61.0,318800.0,333744.0
2315,Hillcrest,1Story,6382.0,1880.0,746.0,327.0,1994,2001,4,1,1,2,2,3,0,6.22,1.0,34.8,84.6,False,0.192,0.701,21.0,330600.0,328642.0
2316,Hillcrest,1Story,7663.0,2197.0,894.0,570.0,1987,2012,6,5,2,2,5,9,0,1.51,6.0,26.0,68.4,False,-2.195,0.995,19.0,405800.0,402872.0
2317,Lakeside,2Story,7567.0,2632.0,1345.0,935.0,2009,2026,7,5,3,0,3,6,0,1.8,9.0,31.0,52.1,False,1.204,0.623,38.0,519100.0,508798.0
2318,Suburbia,SplitLevel,15410.0,1731.0,1168.0,369.0,1928,1929,1,10,2,1,5,6,0,9.27,1.0,44.7,53.7,False,0.746,0.779,81.0,261400.0,279417.0
2319,Riverside,1Story,8789.0,1676.0,477.0,,1930,1943,10,9,3,1,5,10,1,6.8,1.0,64.1,91.3,False,0.345,0.966,46.0,401100.0,399830.0
2320,Old Town,1Story,4607.0,1370.0,,539.0,1944,1948,1,3,1,0,5,6,1,3.1,7.0,51.0,63.0,False,-0.602,0.71,25.0,228200.0,230669.0
2321,Downtown,2Story,9380.0,2031.0,1064.0,340.0,1946,1965,5,2,1,2,6,6,2,2.54,6.0,36.1,79.1,True,0.066,0.132,58.0,423400.0,424127.0
2322,Downtown,1Story,9808.0,1687.0,1094.0,333.0,1900,1916,5,8,1,0,5,7,0,6.82,4.0,33.4,67.8,False,1.466,0.979,62.0,383200.0,367818.0
2323,Hillcrest,SplitLevel,7756.0,1699.0,667.0,0.0,1919,1926,4,5,1,0,3,4,2,12.09,1.0,57.0,36.4,False,0.362,0.804,61.0,269100.0,253209.0
2324,Downtown,2Story,5299.0,1798.0,1618.0,0.0,1960,1999,3,1,1,2,6,9,0,9.27,9.0,72.7,81.4,False,2.632,0.265,58.0,370000.0,357455.0
2325,Lakeside,2Story,14993.0,2153.0,1292.0,369.0,2021,2026,6,8,2,0,4,5,1,7.31,7.0,47.8,87.3,False,0.811,0.987,38.0,471400.0,470220.0
2326,Old Town,2Story,5572.0,1540.0,687.0,427.0,1916,1938,1,4,1,2,5,7,0,5.16,6.0,25.2,101.2,False,-0.919,0.08,37.0,293500.0,295879.0
2327,Lakeside,1Story,10212.0,1425.0,647.0,0.0,1930,1961,8,2,2,1,3,7,0,5.44,3.0,40.2,33.8,False,-0.411,0.94,37.0,328100.0,313162.0
2328,Lakeside,SplitLevel,8691.0,2087.0,854.0,459.0,2008,2020,7,7,1,1,6,6,0,4.84,10.0,46.6,22.0,False,-0.71,0.841,90.0,411700.0,390496.0
2329,Riverside,1Story,9999.0,500.0,811.0,0.0,1904,1942,8,8,1,1,6,8,0,12.85,1.0,23.9,79.5,True,0.858,0.275,43.0,305400.0,285616.0
2330,Riverside,1Story,14726.0,1518.0,1478.0,744.0,1912,1928,9,8,3,1,6,10,1,4.22,8.0,52.3,57.2,False,1.154,0.86,90.0,414400.0,408364.0
2331,Riverside,1.5Story,9863.0,1217.0,1363.0,280.0,2012,2026,9,3,2,0,3,7,0,3.2,8.0,,42.3,False,1.716,0.06,31.0,334300.0,333759.0
2332,Hillcrest,1.5Story,6664.0,2512.0,965.0,563.0,1931,1954,2,6,1,2,6,7,0,12.43,,58.3,69.9,True,-0.332,0.952,34.0,405900.0,397316.0
2333,Suburbia,2Story,11933.0,1607.0,1235.0,448.0,1938,1961,9,5,2,1,5,7,1,15.38,7.0,15.5,59.9,False,0.468,0.605,35.0,382100.0,372794.0
2334,Downtown,2Story,6497.0,1542.0,1296.0,380.0,1901,1926,6,9,3,0,2,5,0,1.29,4.0,0.2,45.0,False,1.28,0.521,34.0,385000.0,389908.0
2335,Hillcrest,1Story,8580.0,1823.0,974.0,632.0,1951,1985,2,2,1,0,6,7,2,21.46,5.0,27.1,66.5,False,1.55,0.991,32.0,325900.0,328323.0
2336,Suburbia,1.5Story,5153.0,1523.0,1119.0,226.0,2025,2026,10,9,1,2,4,7,2,15.28,5.0,35.5,78.2,True,-1.231,0.026,65.0,412900.0,375189.0
2337,Suburbia,1.5Story,5644.0,1629.0,1200.0,120.0,2024,2026,9,4,3,1,4,8,0,6.74,9.0,0.0,71.1,True,0.62,0.512,96.0,376600.0,381590.0
2338,Hillcrest,1.5Story,8250.0,1903.0,1155.0,,1980,1988,3,7,2,0,3,4,1,3.62,8.0,22.8,71.3,False,-1.193,0.735,28.0,395800.0,385248.0
2339,Riverside,SplitLevel,9217.0,1618.0,623.0,438.0,1985,1994,9,6,3,0,6,11,2,3.22,5.0,60.7,76.0,False,-0.602,0.112,30.0,354600.0,360966.0
2340,Downtown,2Story,4466.0,1614.0,665.0,244.0,1981,2001,8,4,1,0,2,3,2,9.94,8.0,45.7,37.6,False,-1.307,0.015,30.0,345500.0,347056.0
2341,Lakeside,1Story,9644.0,1294.0,829.0,186.0,1987,2008,5,3,3,2,3,8,0,7.18,10.0,37.8,67.1,False,-0.621,0.615,24.0,341400.0,352855.0
2342,Downtown,2Story,6083.0,1215.0,653.0,769.0,1965,1991,2,4,1,0,4,5,2,3.06,7.0,13.9,72.3,False,-1.45,0.338,2.0,339500.0,350844.0
2343,Suburbia,SplitLevel,12681.0,1883.0,331.0,534.0,1925,1930,8,7,1,0,2,4,1,2.16,4.0,60.0,61.2,False,-1.182,0.482,0.0,334800.0,327136.0
2344,Hillcrest,1Story,7164.0,2019.0,1234.0,463.0,2009,2026,10,7,2,0,3,7,2,9.8,1.0,26.7,53.1,False,-0.905,0.622,9.0,410000.0,403859.0
2345,Suburbia,2Story,5468.0,1065.0,1095.0,811.0,2010,2026,2,7,2,2,5,9,0,2.33,9.0,36.9,54.6,False,0.303,0.386,14.0,323400.0,300625.0
2346,Downtown,2Story,8321.0,2268.0,387.0,0.0,1918,1942,1,7,2,1,4,5,2,7.03,1.0,43.1,62.7,False,0.034,0.215,65.0,324900.0,324610.0
2347,Suburbia,1.5Story,5880.0,2270.0,849.0,743.0,1911,1941,3,1,3,2,6,9,2,4.87,6.0,38.4,84.5,False,-1.644,0.239,12.0,365600.0,363711.0
2348,Suburbia,1.5Story,12634.0,2386.0,873.0,271.0,1999,2026,3,4,2,2,6,7,0,11.82,1.0,64.8,95.5,False,2.741,0.187,32.0,332500.0,333020.0
2349,Downtown,1.5Story,8105.0,2015.0,1026.0,265.0,1905,1922,4,4,3,1,2,6,2,11.92,9.0,46.5,91.8,False,-0.489,0.716,46.0,388500.0,400488.0
2350,Downtown,2Story,7684.0,2200.0,496.0,559.0,2001,2020,10,4,2,1,3,5,0,2.29,1.0,41.8,39.9,False,-1.329,0.134,8.0,405200.0,397950.0
2351,Downtown,SplitLevel,9968.0,3052.0,381.0,,2023,2026,10,4,2,0,6,10,2,8.37,7.0,33.3,51.1,False,0.583,0.972,47.0,458800.0,460890.0
2352,Suburbia,1.5Story,5700.0,1684.0,1168.0,660.0,1904,1927,7,2,3,2,6,10,2,2.23,8.0,43.6,79.8,False,-0.005,0.005,93.0,355000.0,372785.0
2353,Lakeside,1.5Story,5161.0,1275.0,306.0,199.0,2000,2008,3,10,2,2,2,4,0,1.16,8.0,,91.4,True,-0.813,0.304,0.0,387300.0,373561.0
2354,Riverside,1.5Story,9348.0,1006.0,852.0,,1916,1942,3,1,2,0,5,6,2,9.52,6.0,38.8,50.6,False,0.391,0.803,29.0,261600.0,268682.0
2355,Hillcrest,SplitLevel,5514.0,2816.0,813.0,618.0,1936,1953,1,6,3,0,3,6,2,5.91,6.0,28.2,71.3,True,-0.672,0.09,8.0,419100.0,415045.0
2356,Suburbia,SplitLevel,5514.0,2823.0,898.0,0.0,1968,1977,8,5,1,1,6,9,1,0.9,6.0,25.0,47.6,False,-0.296,0.588,20.0,373400.0,368831.0
2357,Riverside,1Story,10860.0,1341.0,1056.0,395.0,1985,2004,3,8,2,2,4,5,0,1.59,8.0,16.7,73.0,False,1.466,0.291,84.0,342300.0,339676.0
2358,Riverside,1Story,9738.0,1450.0,1621.0,543.0,1911,1949,9,9,1,1,2,5,1,1.27,1.0,29.6,56.4,False,0.124,0.965,52.0,369000.0,381402.0
2359,Old Town,1Story,5225.0,1672.0,278.0,336.0,1913,1936,7,7,2,0,3,6,2,2.5,9.0,28.3,71.3,True,0.614,0.219,34.0,349900.0,332604.0
2360,Downtown,SplitLevel,6524.0,2523.0,1318.0,413.0,1935,1949,5,8,2,1,6,9,0,6.99,8.0,71.6,46.2,False,-0.522,0.071,83.0,393000.0,401973.0
2361,Suburbia,1Story,5906.0,1142.0,0.0,0.0,1985,2003,10,3,2,2,5,7,2,7.49,10.0,54.8,38.6,False,0.153,0.614,91.0,217500.0,247904.0
2362,Downtown,2Story,15089.0,768.0,1535.0,339.0,1950,1974,2,10,3,0,2,4,0,5.02,1.0,32.3,123.8,False,-0.771,0.376,87.0,385900.0,375374.0
2363,Riverside,2Story,11127.0,3042.0,92.0,421.0,1934,1940,5,1,3,1,6,8,2,5.02,3.0,26.5,69.2,False,-0.815,0.904,51.0,407900.0,397782.0
2364,Old Town,SplitLevel,6993.0,2022.0,1973.0,381.0,1919,1941,3,7,1,2,6,8,1,15.12,3.0,47.3,106.4,False,-0.412,0.915,30.0,341000.0,355827.0
2365,Suburbia,SplitLevel,9914.0,2100.0,786.0,0.0,2022,2023,2,2,2,0,4,6,2,10.4,5.0,73.8,95.2,False,-0.695,0.795,50.0,286200.0,286253.0
2366,Suburbia,SplitLevel,5041.0,1737.0,1492.0,252.0,1988,2022,10,3,1,0,2,3,0,8.59,9.0,50.9,38.6,False,1.038,0.129,74.0,343700.0,330342.0
2367,Lakeside,1Story,6403.0,2106.0,1405.0,,2024,2026,7,9,3,2,4,9,0,26.69,8.0,0.6,74.5,False,0.579,0.658,43.0,497600.0,480082.0
2368,Hillcrest,1.5Story,8406.0,1017.0,767.0,380.0,1962,1966,2,7,2,0,2,4,1,12.47,7.0,52.3,44.7,False,-2.292,0.092,52.0,269000.0,261390.0
2369,Hillcrest,SplitLevel,9493.0,1387.0,799.0,513.0,2003,2022,2,7,3,0,3,6,2,4.47,4.0,55.8,62.7,False,1.724,0.025,77.0,311200.0,300974.0
2370,Riverside,1Story,7831.0,1908.0,598.0,179.0,1980,2016,4,9,3,0,3,8,2,4.06,1.0,79.0,34.1,False,0.641,0.197,59.0,283600.0,274755.0
2371,Riverside,2Story,8838.0,601.0,1281.0,677.0,1966,2005,9,3,1,2,5,5,2,9.21,7.0,30.0,39.7,False,1.145,0.494,75.0,322500.0,324214.0
2372,Hillcrest,SplitLevel,8328.0,1684.0,772.0,0.0,1959,1964,2,7,1,1,5,5,2,21.3,1.0,37.8,52.6,False,-0.171,0.451,44.0,247700.0,261151.0
2373,Hillcrest,2Story,7652.0,1650.0,606.0,0.0,1963,1974,8,3,1,0,2,3,2,1.73,3.0,44.0,58.2,True,-1.494,0.776,80.0,342200.0,345396.0
2374,Lakeside,1Story,7305.0,1684.0,1176.0,390.0,1951,1956,2,5,3,0,6,8,2,4.35,5.0,19.7,68.7,False,-1.324,0.523,17.0,389600.0,375710.0
2375,Hillcrest,1.5Story,6980.0,1547.0,573.0,599.0,1980,1995,4,5,1,2,5,6,0,0.49,8.0,17.9,49.3,False,1.707,0.264,69.0,348600.0,334801.0
2376,Downtown,1.5Story,8788.0,1302.0,812.0,120.0,1962,1997,6,7,3,0,5,7,0,5.19,7.0,43.0,70.7,False,-1.627,0.14,82.0,347700.0,345172.0
2377,Suburbia,2Story,9356.0,848.0,995.0,328.0,2022,2026,2,1,1,2,5,7,0,2.98,2.0,4.1,88.4,False,-1.446,0.57,41.0,262200.0,266348.0
2378,Suburbia,1.5Story,8686.0,1930.0,680.0,441.0,2013,2023,4,1,1,1,5,5,1,1.76,3.0,8.7,72.9,False,-0.433,0.675,54.0,342700.0,321223.0
2379,Downtown,2Story,5364.0,1685.0,744.0,0.0,1958,1971,3,1,2,0,5,6,0,0.88,9.0,51.3,66.8,False,-1.385,0.213,61.0,325600.0,324073.0
2380,Suburbia,SplitLevel,5712.0,1094.0,1595.0,861.0,1949,1974,1,3,3,1,3,6,1,10.92,6.0,45.0,74.1,False,0.533,0.632,40.0,297900.0,290000.0
2381,Suburbia,2Story,9317.0,1884.0,864.0,406.0,1995,2019,1,6,2,0,5,8,1,5.0,7.0,60.0,42.2,False,0.611,0.86,48.0,268400.0,283321.0
2382,Lakeside,1.5Story,13563.0,1688.0,,618.0,1980,1999,2,2,2,0,6,8,1,10.11,4.0,44.3,85.1,True,0.414,0.242,67.0,387400.0,388078.0
2383,Downtown,1.5Story,8547.0,1596.0,876.0,750.0,1929,1946,8,10,3,1,5,10,1,1.75,9.0,35.2,46.4,False,-0.614,0.819,74.0,430100.0,416665.0
2384,Downtown,2Story,7016.0,664.0,1141.0,567.0,2005,2026,1,5,1,1,4,7,2,1.73,,60.8,95.9,False,0.289,0.95,42.0,303200.0,320174.0
2385,Downtown,2Story,8765.0,2226.0,516.0,352.0,1985,2005,6,4,2,1,5,7,0,0.46,1.0,26.5,81.9,False,1.784,0.936,88.0,619300.0,402983.0
2386,Suburbia,1.5Story,5443.0,1172.0,1129.0,254.0,1978,2010,1,9,1,1,6,6,0,2.57,8.0,28.3,78.0,False,-1.434,0.141,84.0,289500.0,284422.0
2387,Old Town,2Story,12812.0,1885.0,1057.0,579.0,1998,2026,3,2,1,2,5,8,1,13.77,3.0,33.7,78.8,False,1.117,0.049,72.0,336300.0,318645.0
2388,Downtown,2Story,8650.0,1405.0,199.0,723.0,1928,1941,2,2,1,0,5,6,0,1.82,9.0,44.0,68.0,False,0.808,0.727,13.0,340800.0,328686.0
2389,Suburbia,1Story,6410.0,1636.0,1704.0,0.0,2000,2026,4,4,1,2,6,8,2,2.27,7.0,33.7,53.8,False,-0.105,0.382,38.0,324600.0,303683.0
2390,Downtown,SplitLevel,7644.0,2484.0,1564.0,657.0,1915,1948,8,1,1,0,3,6,1,0.82,2.0,5.3,51.0,False,0.166,0.178,2.0,456500.0,446239.0
2391,Riverside,1Story,6738.0,2142.0,614.0,875.0,1999,2007,5,7,1,0,3,5,0,17.68,1.0,29.7,99.5,False,0.357,0.447,92.0,397500.0,386496.0
2392,Suburbia,1Story,12824.0,2472.0,479.0,594.0,1974,1983,1,8,3,1,3,7,1,1.72,1.0,34.4,69.9,False,-0.977,0.543,56.0,322400.0,334236.0
2393,Hillcrest,SplitLevel,7549.0,2032.0,1046.0,284.0,1973,1979,2,4,2,1,3,5,0,3.58,3.0,37.3,47.9,False,-1.632,0.162,33.0,299800.0,311932.0
2394,Downtown,1Story,8556.0,2068.0,351.0,468.0,1991,2016,4,9,2,2,5,9,1,6.18,2.0,26.0,77.3,False,0.907,0.038,25.0,398400.0,377570.0
2395,Riverside,1Story,9905.0,870.0,1523.0,679.0,1939,1970,3,1,3,1,4,6,1,1.47,7.0,45.1,74.2,False,-1.245,0.782,68.0,308700.0,314289.0
2396,Old Town,1Story,6252.0,1675.0,753.0,420.0,1996,2026,6,6,3,2,6,9,0,20.6,2.0,2.8,62.1,False,-1.093,0.456,11.0,287300.0,294040.0
2397,Lakeside,1Story,8672.0,1726.0,1631.0,701.0,1903,1918,4,8,1,2,5,6,2,1.28,5.0,43.3,51.8,False,-0.516,0.244,36.0,383500.0,412061.0
2398,Lakeside,1Story,8920.0,2523.0,,449.0,1987,2015,8,4,2,1,5,6,0,1.01,4.0,70.9,81.2,False,0.284,0.955,3.0,452000.0,438914.0
2399,Downtown,1.5Story,4704.0,1572.0,903.0,513.0,2000,2001,3,10,2,0,6,8,0,2.24,7.0,22.9,85.0,False,-0.499,0.759,74.0,372500.0,386331.0
2400,Riverside,2Story,8852.0,1996.0,1482.0,404.0,1900,1926,7,5,2,2,6,7,1,1.51,1.0,36.2,73.8,False,-0.724,0.403,77.0,390500.0,400659.0
2401,Riverside,1.5Story,7974.0,1974.0,814.0,486.0,1987,2006,2,10,3,1,2,4,0,1.01,5.0,30.1,69.3,False,0.953,0.273,74.0,369000.0,355432.0
2402,Suburbia,2Story,8480.0,2487.0,1064.0,494.0,1997,2026,10,7,1,1,6,9,2,3.2,9.0,30.4,53.9,False,-0.333,0.729,95.0,407800.0,435153.0
2403,Suburbia,1Story,8205.0,1776.0,1409.0,203.0,1965,2004,10,3,1,2,6,8,1,5.85,3.0,14.4,76.6,False,-0.799,0.724,48.0,388000.0,371180.0
2404,Old Town,2Story,8872.0,2305.0,716.0,389.0,1976,1998,3,9,3,1,3,8,0,1.86,9.0,74.8,56.6,False,0.395,0.884,61.0,316700.0,326911.0
2405,Suburbia,1Story,12940.0,912.0,420.0,263.0,1907,1932,3,1,2,1,3,4,1,3.4,2.0,,45.1,False,0.059,0.013,86.0,194200.0,195993.0
2406,Lakeside,1.5Story,5362.0,962.0,337.0,395.0,2024,2026,1,2,1,2,4,5,2,12.46,8.0,,88.3,False,0.029,0.63,77.0,298400.0,307983.0
2407,Riverside,1Story,7189.0,594.0,1195.0,333.0,2021,2026,10,8,1,0,6,8,2,4.68,3.0,19.3,49.5,False,0.443,0.282,46.0,295600.0,312056.0
2408,Hillcrest,2Story,10232.0,2282.0,1113.0,622.0,1996,2001,1,10,1,2,5,6,1,2.0,4.0,36.2,33.9,False,-0.137,0.975,83.0,356600.0,365984.0
2409,Hillcrest,2Story,9589.0,2221.0,1396.0,624.0,1901,1921,1,4,1,1,4,4,2,3.89,6.0,0.0,91.6,False,0.845,0.025,77.0,415800.0,426018.0
2410,Old Town,SplitLevel,9517.0,2343.0,835.0,550.0,1954,1968,1,7,3,1,3,6,0,0.98,8.0,56.1,36.6,False,-1.428,0.487,80.0,279700.0,294929.0
2411,Suburbia,2Story,21242.0,1477.0,349.0,257.0,2003,2026,3,7,1,2,6,6,2,11.69,6.0,24.7,61.0,False,1.241,0.711,48.0,309200.0,290138.0
2412,Old Town,1.5Story,10046.0,1540.0,0.0,444.0,1985,2017,10,8,3,1,5,7,0,3.12,6.0,42.8,48.3,False,-0.913,0.751,32.0,290600.0,302580.0
2413,Hillcrest,1Story,12038.0,1783.0,2155.0,244.0,2013,2026,2,10,1,1,2,4,1,1.26,,43.7,55.0,False,-1.637,0.633,77.0,338300.0,361606.0
2414,Riverside,2Story,7277.0,2644.0,1171.0,436.0,1977,1989,6,1,1,2,3,3,0,3.63,7.0,54.3,108.0,False,-0.788,0.472,0.0,417500.0,443066.0
2415,Riverside,1.5Story,5724.0,2782.0,1007.0,564.0,1989,2012,7,2,1,1,6,7,1,4.44,1.0,44.9,66.2,False,-0.35,0.909,87.0,409500.0,404142.0
2416,Downtown,1Story,7259.0,2287.0,1067.0,619.0,1942,1960,8,10,2,0,5,9,0,6.41,1.0,49.9,74.5,False,-0.735,0.577,62.0,414400.0,435860.0
2417,Lakeside,2Story,10396.0,2032.0,,536.0,2002,2009,7,6,3,0,4,9,0,2.43,2.0,55.4,82.2,False,-0.965,0.521,82.0,416700.0,418942.0
2418,Riverside,SplitLevel,9343.0,2584.0,616.0,661.0,1967,1998,10,6,1,1,4,4,1,2.43,9.0,28.4,56.4,True,1.011,0.857,94.0,480300.0,455927.0
2419,Downtown,2Story,9331.0,1709.0,1682.0,0.0,2000,2013,7,5,1,2,2,3,2,4.47,7.0,78.0,87.4,False,-0.871,0.443,73.0,409100.0,406816.0
2420,Old Town,1Story,7517.0,1635.0,1227.0,423.0,1925,1947,9,4,3,1,6,9,2,0.94,4.0,42.1,74.8,False,-2.258,0.608,88.0,353000.0,348954.0
2421,Downtown,1Story,7109.0,1779.0,629.0,0.0,1933,1970,4,3,3,0,5,9,2,12.97,7.0,34.4,81.6,False,-0.35,0.329,63.0,332900.0,339449.0
2422,Lakeside,1Story,7609.0,1312.0,435.0,605.0,1911,1918,5,4,3,2,4,8,0,2.41,3.0,18.2,55.0,False,2.045,0.212,0.0,344300.0,344489.0
2423,Suburbia,1.5Story,10442.0,1754.0,733.0,,1985,2002,8,1,2,0,5,6,2,0.93,8.0,30.9,76.0,False,-1.064,0.46,37.0,353500.0,356126.0
2424,Downtown,2Story,10875.0,1235.0,818.0,521.0,1992,1999,9,3,3,0,4,7,0,11.56,4.0,43.0,67.8,False,-0.9,0.336,90.0,374300.0,370499.0
2425,Old Town,SplitLevel,5698.0,2414.0,1811.0,413.0,1935,1952,1,10,1,1,4,5,2,10.9,7.0,36.9,88.3,False,-0.404,0.038,22.0,390000.0,369519.0
2426,Suburbia,1Story,10581.0,2149.0,871.0,139.0,1948,1960,5,2,1,0,2,5,2,28.0,3.0,71.5,58.3,False,1.544,0.487,1.0,269700.0,274956.0
2427,Downtown,SplitLevel,6453.0,2636.0,450.0,530.0,1971,2008,9,8,2,1,4,6,2,11.09,1.0,27.2,104.6,False,-0.36,0.656,41.0,458100.0,467876.0
2428,Suburbia,SplitLevel,9548.0,954.0,925.0,0.0,1995,2007,2,1,2,1,6,7,1,1.86,10.0,48.6,74.1,False,-1.023,0.052,53.0,168200.0,234035.0
2429,Suburbia,SplitLevel,7577.0,2896.0,1061.0,,1938,1963,4,8,3,2,2,6,2,7.05,7.0,12.5,65.7,False,0.363,0.567,49.0,423200.0,411317.0
2430,Suburbia,1Story,14017.0,985.0,412.0,214.0,1961,1966,6,3,1,0,4,7,1,4.14,7.0,78.7,63.6,False,0.289,0.31,85.0,235900.0,240042.0
2431,Suburbia,1Story,7000.0,1191.0,1119.0,345.0,1923,1941,1,8,3,0,6,11,0,16.75,7.0,11.1,67.9,False,0.487,0.041,17.0,276100.0,272806.0
2432,Suburbia,1Story,8626.0,1509.0,1458.0,,2002,2026,10,5,2,2,4,5,1,19.02,9.0,76.5,56.7,False,-1.062,0.097,41.0,346400.0,340116.0
2433,Riverside,1.5Story,10020.0,2569.0,1008.0,652.0,2010,2026,4,8,2,2,2,5,0,3.0,1.0,32.3,80.0,False,-0.564,0.716,59.0,438900.0,412223.0
2434,Hillcrest,1Story,5968.0,1974.0,615.0,375.0,1993,2004,8,7,3,1,6,8,0,2.62,10.0,0.0,67.8,True,1.126,0.539,68.0,438800.0,427384.0
2435,Suburbia,1.5Story,7899.0,1716.0,728.0,288.0,2002,2026,5,6,2,2,2,3,0,8.45,5.0,62.0,103.0,False,0.409,0.956,84.0,317100.0,327858.0
2436,Old Town,2Story,7381.0,1414.0,253.0,518.0,1996,2026,5,8,1,2,4,6,0,0.46,6.0,36.6,60.2,False,0.809,0.682,23.0,258600.0,285732.0
2437,Riverside,SplitLevel,6769.0,1093.0,894.0,425.0,2005,2021,10,10,1,1,2,5,2,3.27,10.0,25.9,65.8,False,-0.054,0.963,88.0,373600.0,371737.0
2438,Suburbia,2Story,6947.0,2473.0,1081.0,586.0,1954,1993,9,6,2,2,3,7,2,17.55,9.0,47.8,60.2,False,1.056,0.285,97.0,409000.0,417737.0
2439,Hillcrest,SplitLevel,11959.0,2289.0,573.0,298.0,1925,1932,6,2,1,1,3,5,2,3.69,4.0,48.3,101.6,False,0.293,0.582,99.0,384400.0,390410.0
2440,Suburbia,2Story,6572.0,2594.0,1765.0,494.0,2021,2026,5,2,1,1,3,4,1,2.41,10.0,43.3,42.0,False,-0.524,0.559,4.0,382500.0,394868.0
2441,Old Town,2Story,9880.0,2068.0,1283.0,855.0,1900,1938,8,6,1,1,6,8,2,2.75,1.0,57.7,69.7,False,0.745,0.524,36.0,379800.0,386076.0
2442,Lakeside,SplitLevel,9046.0,500.0,197.0,422.0,1951,1990,7,5,2,2,4,6,0,1.11,2.0,40.1,73.6,False,-0.875,0.897,63.0,292700.0,299184.0
2443,Lakeside,SplitLevel,4969.0,1165.0,206.0,490.0,1991,2024,10,7,1,0,3,3,2,12.69,3.0,48.0,47.7,False,1.544,0.528,29.0,335100.0,336561.0
2444,Riverside,1.5Story,9718.0,2106.0,537.0,194.0,1999,2006,4,7,2,0,3,5,2,2.1,3.0,24.6,115.6,False,1.008,0.264,3.0,376100.0,384404.0
2445,Riverside,SplitLevel,4941.0,1647.0,1611.0,324.0,1986,1994,2,2,3,1,4,6,0,2.06,7.0,50.3,51.2,False,-0.293,0.702,26.0,295700.0,304569.0
2446,Riverside,2Story,10095.0,1543.0,1324.0,534.0,1961,1987,2,8,2,1,3,4,1,4.31,5.0,24.7,68.6,False,-0.185,0.265,4.0,360800.0,354288.0
2447,Downtown,SplitLevel,6785.0,1243.0,1632.0,407.0,2016,2018,6,10,3,0,6,10,0,4.0,9.0,12.5,98.3,False,0.132,0.083,73.0,427300.0,427356.0
2448,Hillcrest,1Story,8127.0,2371.0,954.0,558.0,1929,1969,4,4,2,1,3,7,0,5.33,7.0,30.9,61.2,False,-0.173,0.589,27.0,387500.0,387401.0
2449,Riverside,1Story,5151.0,2101.0,862.0,528.0,1917,1955,9,10,2,0,5,8,0,19.45,7.0,29.5,70.6,True,1.319,0.137,66.0,420000.0,420578.0
2450,Riverside,1Story,8458.0,2126.0,426.0,249.0,1979,2012,9,10,3,0,4,9,2,6.01,8.0,53.6,61.8,False,-0.539,0.714,1.0,372100.0,383133.0
2451,Suburbia,2Story,11209.0,1502.0,1097.0,622.0,1940,1979,2,5,2,1,3,5,0,1.0,5.0,5.9,67.0,False,-1.503,0.438,79.0,346300.0,328545.0
2452,Suburbia,1Story,6109.0,1947.0,868.0,261.0,1959,1968,10,8,3,0,4,8,1,9.63,4.0,56.9,87.5,False,-0.259,0.866,20.0,396100.0,370948.0
2453,Suburbia,1.5Story,6552.0,1114.0,851.0,338.0,1957,1993,7,10,2,1,2,3,2,5.78,2.0,22.5,60.4,False,0.753,0.405,23.0,316600.0,301228.0
2454,Suburbia,2Story,9501.0,1779.0,1630.0,497.0,1933,1943,3,9,3,1,4,7,2,5.19,9.0,0.0,22.0,False,1.015,0.396,15.0,328200.0,350060.0
2455,Suburbia,SplitLevel,9584.0,500.0,897.0,711.0,2025,2026,3,4,2,1,5,6,1,17.92,3.0,10.9,67.4,False,0.114,0.429,8.0,229900.0,238127.0
2456,Riverside,1Story,3457.0,988.0,1509.0,299.0,1948,1958,2,7,1,1,4,6,0,19.11,,28.8,69.1,False,-0.634,0.714,91.0,291500.0,282761.0
2457,Suburbia,2Story,16406.0,1673.0,283.0,484.0,1984,2015,5,6,1,2,2,3,1,14.96,8.0,43.9,71.5,False,-0.044,0.155,93.0,313100.0,322410.0
2458,Downtown,1Story,9750.0,3156.0,2079.0,485.0,1920,1958,1,5,3,1,4,8,0,0.5,4.0,32.3,64.7,False,-0.655,0.341,4.0,455000.0,463640.0
2459,Lakeside,2Story,10342.0,860.0,793.0,0.0,2024,2026,2,7,3,1,2,7,2,6.37,2.0,10.8,52.5,False,-2.305,0.268,27.0,277100.0,294067.0
2460,Riverside,2Story,7706.0,1166.0,1247.0,0.0,2024,2026,8,10,1,0,3,3,2,3.55,7.0,19.4,63.6,False,-0.852,0.388,61.0,350600.0,355042.0
2461,Suburbia,1.5Story,4233.0,1969.0,1314.0,395.0,1908,1932,5,1,2,2,5,7,0,6.13,4.0,11.1,99.8,False,0.51,0.912,56.0,358100.0,368253.0
2462,Suburbia,2Story,10261.0,2823.0,741.0,622.0,1981,2001,6,10,1,0,6,7,0,2.27,9.0,40.2,67.2,False,-0.271,0.631,67.0,400500.0,430086.0
2463,Downtown,2Story,6649.0,1961.0,1294.0,673.0,1974,1995,4,4,3,0,6,10,2,2.6,,33.2,79.8,False,-0.309,0.503,90.0,439100.0,424839.0
2464,Riverside,1.5Story,9802.0,2236.0,,745.0,1921,1935,6,9,2,2,4,7,2,4.38,4.0,47.3,49.4,False,1.107,0.129,82.0,411700.0,406518.0
2465,Lakeside,2Story,7506.0,1664.0,650.0,540.0,1996,2001,4,2,2,0,3,6,2,7.83,8.0,0.0,62.8,False,-0.964,0.576,31.0,376100.0,392637.0
2466,Suburbia,SplitLevel,8807.0,1569.0,655.0,485.0,1996,2010,1,9,1,0,6,9,2,5.34,4.0,24.3,50.0,False,-0.866,0.799,36.0,277100.0,266366.0
2467,Suburbia,1.5Story,6178.0,1895.0,969.0,384.0,2006,2026,6,5,1,0,3,4,1,4.16,8.0,75.6,91.3,False,0.331,0.361,33.0,351600.0,349992.0
2468,Riverside,2Story,10966.0,1488.0,901.0,227.0,1975,1991,1,10,3,2,4,7,1,1.49,7.0,47.8,40.0,False,-0.712,0.903,18.0,309100.0,294805.0
2469,Riverside,1Story,5346.0,2248.0,1535.0,416.0,1989,1989,7,5,1,2,2,3,0,0.42,9.0,29.1,74.7,False,-0.717,0.351,56.0,434300.0,425215.0
2470,Hillcrest,2Story,17782.0,967.0,1245.0,478.0,1991,2005,10,8,1,2,3,6,2,4.29,5.0,15.3,74.1,True,1.549,0.16,12.0,416100.0,425664.0
2471,Hillcrest,1Story,17735.0,2339.0,920.0,442.0,1996,2014,7,6,3,0,4,7,2,1.54,1.0,57.2,73.0,False,-1.072,0.828,11.0,416800.0,408487.0
2472,Suburbia,2Story,14349.0,1872.0,1205.0,0.0,1973,1997,6,3,2,1,5,9,2,1.78,2.0,65.7,25.8,False,-0.732,0.566,14.0,293000.0,284160.0
2473,Suburbia,SplitLevel,12663.0,1732.0,,227.0,1993,2019,10,3,1,2,6,6,1,1.15,,12.0,31.6,False,0.439,0.517,74.0,299700.0,286605.0
2474,Riverside,2Story,7867.0,946.0,692.0,431.0,1907,1924,3,6,1,1,2,5,2,4.95,9.0,13.9,70.1,False,-0.049,0.926,52.0,322100.0,309762.0
2475,Hillcrest,1.5Story,12189.0,1311.0,1071.0,779.0,1977,1982,8,5,2,0,4,6,0,2.0,,40.6,51.4,True,-1.373,0.825,30.0,403900.0,378167.0
2476,Downtown,2Story,7835.0,2509.0,1418.0,619.0,1925,1943,3,7,1,2,6,9,1,4.15,3.0,42.4,56.4,False,1.784,0.993,59.0,435100.0,423284.0
2477,Downtown,2Story,4704.0,1735.0,1034.0,559.0,1951,1951,1,9,3,0,2,5,0,20.91,7.0,44.7,60.4,False,-0.794,0.692,71.0,340100.0,349767.0
2478,Lakeside,1Story,13713.0,2003.0,1562.0,523.0,1996,2016,3,8,3,2,4,6,1,7.93,3.0,71.9,49.0,False,-0.246,0.58,78.0,392500.0,390337.0
2479,Hillcrest,1Story,12029.0,1366.0,1315.0,,1914,1932,6,1,3,1,5,8,0,17.34,10.0,15.6,45.9,False,0.437,0.539,46.0,326500.0,339442.0
2480,Old Town,SplitLevel,8015.0,1834.0,745.0,,1995,2009,1,5,2,2,2,4,0,3.31,9.0,35.8,68.0,False,2.162,0.356,80.0,285700.0,270714.0
2481,Riverside,2Story,5277.0,1095.0,891.0,533.0,1932,1959,3,2,3,1,5,7,1,5.18,5.0,49.4,33.7,False,-0.41,0.181,32.0,250900.0,261538.0
2482,Lakeside,2Story,6600.0,1905.0,1122.0,120.0,1994,2024,1,6,1,2,4,7,0,6.71,7.0,49.2,58.9,False,-0.919,0.825,84.0,383000.0,355385.0
2483,Downtown,1Story,4284.0,2054.0,762.0,408.0,1996,2006,3,6,2,2,5,7,0,0.7,4.0,22.0,56.0,False,0.498,0.007,19.0,354600.0,358246.0
2484,Hillcrest,1Story,11280.0,2026.0,1593.0,459.0,1901,1921,8,10,3,1,5,10,2,3.85,,22.8,67.6,True,2.088,0.888,15.0,461900.0,462464.0
2485,Suburbia,SplitLevel,4623.0,1353.0,484.0,388.0,1929,1949,2,4,2,0,2,6,0,19.98,5.0,25.8,111.0,False,0.136,0.262,75.0,270000.0,275713.0
2486,Hillcrest,SplitLevel,8959.0,1662.0,1083.0,807.0,2001,2021,3,5,3,0,2,4,2,12.25,4.0,69.1,50.3,False,-0.285,0.239,74.0,313900.0,322813.0
2487,Suburbia,SplitLevel,6031.0,2145.0,1259.0,,1943,1959,2,6,1,2,3,4,1,3.33,5.0,15.4,75.3,False,0.391,0.007,87.0,356000.0,362570.0
2488,Suburbia,2Story,4918.0,1734.0,,625.0,1955,1963,4,2,2,2,3,6,0,7.41,2.0,28.5,72.0,False,-2.075,0.36,7.0,318600.0,315744.0
2489,Downtown,1Story,8808.0,1692.0,724.0,312.0,1901,1908,8,1,3,1,3,8,0,2.71,,50.5,78.1,False,-0.615,0.089,90.0,377800.0,377629.0
2490,Suburbia,1.5Story,7210.0,2897.0,918.0,0.0,1987,1988,6,8,1,0,6,9,2,1.78,1.0,13.2,64.2,False,-1.825,0.185,88.0,374600.0,379933.0
2491,Old Town,1Story,10866.0,1327.0,1291.0,559.0,1911,1913,3,4,2,2,5,6,0,7.43,10.0,40.2,93.9,False,-0.36,0.688,55.0,324200.0,320373.0
2492,Hillcrest,1.5Story,5200.0,2444.0,740.0,309.0,1934,1967,4,4,3,1,3,5,2,0.89,,0.0,80.3,False,-0.513,0.415,52.0,412800.0,419484.0
2493,Downtown,2Story,6216.0,1215.0,501.0,465.0,1960,1962,7,10,2,0,5,6,0,7.49,3.0,38.9,80.6,False,-2.638,0.011,15.0,363800.0,363897.0
2494,Old Town,1Story,3513.0,2210.0,1433.0,613.0,1996,2026,5,3,2,1,2,4,1,1.57,1.0,36.0,42.5,False,0.179,0.317,64.0,342600.0,320722.0
2495,Old Town,SplitLevel,3772.0,2239.0,1118.0,364.0,1962,1998,5,10,2,2,2,5,1,1.66,5.0,38.3,69.7,False,0.618,0.006,76.0,341800.0,348884.0
2496,Riverside,2Story,15205.0,1569.0,1373.0,482.0,2023,2026,9,7,1,2,2,3,0,7.69,1.0,17.6,58.8,False,-0.193,0.915,61.0,385500.0,389211.0
2497,Riverside,SplitLevel,16802.0,1180.0,1269.0,511.0,1965,1983,9,3,3,1,4,8,2,1.4,5.0,39.6,52.5,False,-1.528,0.86,22.0,338400.0,352660.0
2498,Lakeside,1Story,8370.0,766.0,1866.0,284.0,1931,1945,3,10,1,2,5,6,0,12.57,8.0,34.2,56.7,False,1.265,0.353,55.0,338000.0,342201.0
2499,Suburbia,2Story,6073.0,1512.0,1418.0,417.0,1924,1940,8,7,1,2,4,6,2,9.14,4.0,61.0,67.0,True,1.897,0.24,16.0,369000.0,364354.0
2500,Riverside,2Story,7299.0,2139.0,646.0,0.0,1998,2012,8,4,1,1,4,6,1,16.53,9.0,47.8,76.2,False,0.4,0.107,52.0,361600.0,368148.0
2501,Downtown,2Story,11001.0,1257.0,1148.0,599.0,1957,1971,9,5,3,0,2,5,0,1.78,1.0,6.0,85.7,False,-0.354,0.705,88.0,408100.0,422145.0
2502,Suburbia,1Story,6768.0,1903.0,716.0,315.0,1976,2004,3,4,3,0,5,7,2,5.92,8.0,18.3,84.8,False,-0.341,0.12,92.0,335300.0,330823.0
2503,Old Town,2Story,8806.0,1038.0,759.0,507.0,1946,1962,8,9,1,0,4,4,0,9.28,6.0,22.7,73.3,False,0.433,0.67,71.0,322200.0,316407.0
2504,Suburbia,1Story,8067.0,1721.0,357.0,238.0,1934,1941,2,5,3,0,6,11,0,5.78,3.0,,69.0,False,0.09,0.258,34.0,267000.0,259365.0
2505,Lakeside,SplitLevel,6640.0,1219.0,830.0,279.0,1975,1990,5,1,3,2,3,7,1,5.45,5.0,31.6,62.2,False,0.436,0.729,34.0,314000.0,329378.0
2506,Downtown,1Story,6740.0,1807.0,1179.0,271.0,1937,1977,1,7,2,0,2,3,1,1.24,3.0,31.5,63.5,False,0.45,0.393,77.0,356200.0,339254.0
2507,Old Town,2Story,8979.0,1574.0,922.0,414.0,2025,2026,7,8,1,0,4,5,1,3.95,7.0,91.4,54.0,True,-0.738,0.137,1.0,313000.0,319072.0
2508,Old Town,1Story,5757.0,1195.0,488.0,489.0,1992,1994,7,4,3,2,2,7,2,28.0,10.0,24.7,60.3,False,-0.823,0.277,36.0,263300.0,275744.0
2509,Riverside,1.5Story,9491.0,1488.0,310.0,518.0,2003,2026,5,10,2,1,2,6,2,7.58,6.0,62.8,74.4,False,-0.28,0.69,55.0,341100.0,328392.0
2510,Suburbia,1Story,6870.0,1336.0,1837.0,176.0,1935,1974,5,5,3,0,3,5,2,3.48,8.0,32.1,95.7,True,0.468,0.685,4.0,386200.0,369667.0
2511,Riverside,2Story,8472.0,1127.0,1087.0,433.0,1903,1910,3,3,1,2,5,8,0,14.35,7.0,0.0,65.3,True,-1.559,0.597,80.0,324500.0,328426.0
2512,Hillcrest,1Story,13153.0,2446.0,604.0,340.0,1906,1908,8,8,2,2,4,8,2,2.84,,38.8,53.5,True,-0.229,0.323,37.0,425800.0,436124.0
2513,Downtown,1Story,7640.0,1652.0,1144.0,545.0,2008,2016,10,2,3,1,6,8,1,9.09,6.0,57.4,85.4,False,-0.036,0.635,83.0,423600.0,418165.0
2514,Downtown,1Story,11181.0,639.0,1869.0,417.0,2010,2023,2,10,3,0,2,5,2,28.0,5.0,47.7,32.0,False,-0.487,0.042,15.0,262100.0,278555.0
2515,Lakeside,2Story,4328.0,1507.0,1211.0,447.0,1985,2023,3,7,2,1,6,7,0,3.91,2.0,40.1,86.8,False,1.403,0.604,3.0,417200.0,385601.0
2516,Suburbia,SplitLevel,6873.0,2353.0,0.0,341.0,1974,1984,7,4,3,2,4,8,1,8.19,8.0,35.5,42.2,False,1.232,0.781,44.0,304300.0,317070.0
2517,Downtown,2Story,8182.0,1431.0,2064.0,736.0,1926,1939,4,1,2,2,4,8,2,1.33,9.0,25.1,79.8,False,0.416,0.138,96.0,437900.0,433542.0
2518,Lakeside,2Story,15886.0,2674.0,173.0,255.0,1995,2005,1,6,1,1,6,6,2,6.07,10.0,52.9,59.4,False,1.77,0.816,8.0,533000.0,395938.0
2519,Riverside,2Story,4081.0,1379.0,863.0,396.0,1965,1981,1,6,3,2,4,7,1,4.15,8.0,26.3,73.8,False,0.878,0.905,12.0,306200.0,317609.0
2520,Lakeside,1Story,7835.0,2127.0,474.0,477.0,1976,2016,3,8,1,2,2,4,1,11.08,4.0,22.2,105.5,False,0.134,0.959,78.0,405800.0,417366.0
2521,Lakeside,1Story,13492.0,2420.0,,420.0,1903,1906,10,3,2,0,3,4,0,0.83,8.0,43.2,52.9,False,-0.477,0.03,11.0,462200.0,448291.0
2522,Riverside,2Story,6156.0,2098.0,1069.0,338.0,1965,1983,7,3,3,1,6,9,1,22.79,4.0,29.0,50.0,False,-0.395,0.896,59.0,360900.0,356385.0
2523,Hillcrest,1Story,7521.0,1094.0,80.0,170.0,1987,2012,3,5,3,1,2,4,1,2.89,9.0,60.6,69.4,True,0.381,0.063,4.0,271100.0,279763.0
2524,Suburbia,1.5Story,9101.0,1332.0,912.0,349.0,1997,2001,1,9,3,2,6,8,0,7.05,,44.3,95.5,False,-0.372,0.379,3.0,278300.0,285243.0
2525,Old Town,2Story,8644.0,2494.0,1432.0,306.0,1918,1919,8,10,2,1,5,8,2,2.1,9.0,19.4,71.2,False,-1.517,0.548,38.0,427800.0,437910.0
2526,Downtown,SplitLevel,14017.0,1407.0,596.0,729.0,1904,1944,4,4,1,2,4,6,1,11.01,8.0,12.1,68.8,False,-0.381,0.222,64.0,373000.0,362061.0
2527,Old Town,1Story,9480.0,2387.0,366.0,822.0,2007,2018,4,1,1,1,3,3,2,4.01,9.0,23.5,71.0,False,1.028,0.345,59.0,362700.0,351275.0
2528,Old Town,2Story,12897.0,1613.0,891.0,0.0,1939,1948,6,2,1,0,6,6,0,7.83,3.0,81.8,49.9,False,-2.574,0.908,95.0,251300.0,244752.0
2529,Suburbia,SplitLevel,7144.0,1928.0,808.0,235.0,1959,1973,3,6,3,1,2,4,0,0.92,6.0,30.2,71.2,False,1.403,0.175,5.0,315000.0,311874.0
2530,Suburbia,SplitLevel,6253.0,1088.0,700.0,578.0,1979,1981,8,1,3,2,5,10,2,13.83,3.0,50.2,60.9,False,0.574,0.539,6.0,281800.0,274016.0
2531,Suburbia,1Story,7488.0,1515.0,451.0,303.0,1961,1967,4,8,2,2,3,6,2,10.6,8.0,8.9,91.8,False,-0.234,0.827,77.0,303700.0,324095.0
2532,Suburbia,SplitLevel,5401.0,1369.0,1168.0,372.0,2018,2018,8,1,2,1,3,6,0,0.63,7.0,13.3,82.4,False,0.288,0.241,35.0,344500.0,341059.0
2533,Suburbia,1Story,9597.0,1974.0,1200.0,359.0,2006,2026,6,5,2,0,2,3,2,0.52,7.0,31.2,44.2,False,0.961,0.935,21.0,355800.0,342560.0
2534,Downtown,1Story,7079.0,1901.0,502.0,380.0,1949,1967,2,8,3,0,4,6,0,4.54,8.0,,62.9,False,0.033,0.98,89.0,338100.0,335205.0
2535,Old Town,SplitLevel,6405.0,2104.0,561.0,403.0,1924,1935,7,5,2,0,2,6,0,1.51,,9.2,77.5,False,0.949,0.266,31.0,333200.0,332542.0
2536,Riverside,1.5Story,9648.0,1580.0,1007.0,250.0,2022,2026,1,7,3,0,2,7,2,1.39,5.0,22.4,50.3,True,0.851,0.473,3.0,309700.0,317544.0
2537,Suburbia,2Story,5430.0,1338.0,545.0,348.0,1989,2001,8,4,1,2,3,5,1,1.95,3.0,53.0,48.6,False,0.175,0.011,1.0,275800.0,282818.0
2538,Hillcrest,1Story,10611.0,1951.0,1025.0,623.0,1995,1995,4,8,2,1,4,5,2,5.69,10.0,66.9,59.7,False,-1.111,0.961,91.0,372500.0,379007.0
2539,Downtown,1Story,6854.0,1284.0,1567.0,455.0,1958,1962,7,5,2,1,6,7,0,0.9,6.0,43.7,74.2,False,-0.098,0.137,15.0,389500.0,386699.0
2540,Riverside,2Story,12157.0,2443.0,925.0,480.0,1961,1990,3,8,3,2,6,11,2,9.76,2.0,48.5,86.7,False,-2.041,0.428,98.0,275800.0,398128.0
2541,Riverside,SplitLevel,7062.0,1787.0,440.0,120.0,1922,1943,5,10,1,1,4,6,1,5.62,4.0,17.1,72.2,False,0.446,0.673,19.0,304000.0,326594.0
2542,Hillcrest,1Story,10109.0,1671.0,1115.0,612.0,1954,1964,4,4,2,2,4,6,2,12.63,6.0,8.5,112.3,False,-0.42,0.651,38.0,417600.0,407712.0
2543,Hillcrest,1Story,8629.0,2104.0,875.0,350.0,1968,1978,3,3,3,1,5,7,1,14.27,4.0,12.1,55.8,False,-0.615,0.653,6.0,345700.0,339218.0
2544,Lakeside,1Story,10513.0,1808.0,887.0,640.0,1916,1924,4,10,1,0,3,5,0,4.5,,17.5,81.3,False,0.656,0.017,46.0,433200.0,428782.0
2545,Riverside,1Story,8421.0,938.0,1150.0,485.0,1980,1997,1,7,1,2,5,8,2,12.34,8.0,39.5,48.0,False,-1.27,0.734,96.0,253700.0,265242.0
2546,Hillcrest,2Story,4527.0,1266.0,1240.0,370.0,1977,2005,4,9,2,2,5,9,0,3.61,,10.6,97.0,True,0.112,0.746,98.0,395900.0,401996.0
2547,Old Town,SplitLevel,11534.0,2432.0,965.0,0.0,2005,2026,2,4,1,2,5,7,1,14.19,,40.0,92.5,False,-0.34,0.545,37.0,320500.0,314070.0
2548,Lakeside,1Story,7858.0,1896.0,925.0,808.0,1906,1936,6,4,2,0,6,7,2,15.16,7.0,28.7,80.8,True,-0.18,0.731,5.0,452100.0,451816.0
2549,Hillcrest,1.5Story,10682.0,925.0,1817.0,589.0,1928,1929,1,2,3,0,3,8,2,4.64,3.0,23.7,36.7,False,0.284,0.001,69.0,278900.0,287576.0
2550,Hillcrest,1Story,10317.0,2044.0,1454.0,598.0,1954,1976,1,8,3,0,2,6,2,16.79,7.0,52.7,80.6,False,1.823,0.166,31.0,396500.0,380456.0
2551,Riverside,2Story,6182.0,1542.0,,751.0,2010,2026,5,9,2,2,4,8,1,4.21,1.0,15.8,53.3,False,0.398,0.074,86.0,356700.0,367150.0
2552,Riverside,2Story,5883.0,1369.0,1005.0,496.0,1929,1937,3,9,3,2,3,5,1,2.13,8.0,63.7,76.2,False,1.358,0.313,6.0,304500.0,341429.0
2553,Suburbia,1Story,10192.0,1220.0,528.0,676.0,2022,2026,9,3,3,0,2,7,2,5.5,4.0,51.6,41.8,True,1.395,0.204,9.0,309800.0,308763.0
2554,Old Town,2Story,7287.0,2400.0,1424.0,383.0,2020,2020,3,5,1,0,2,4,0,19.17,9.0,15.2,72.9,False,0.77,0.186,74.0,365600.0,363985.0
2555,Hillcrest,1.5Story,11246.0,769.0,1011.0,578.0,1911,1948,4,5,2,2,4,8,1,8.4,3.0,59.0,61.6,False,-1.844,0.42,65.0,286000.0,285307.0
2556,Suburbia,SplitLevel,7613.0,1389.0,708.0,359.0,1945,1975,3,2,3,1,6,8,0,8.67,10.0,12.8,54.0,False,-0.24,0.624,65.0,277000.0,272073.0
2557,Downtown,1Story,11593.0,1916.0,848.0,379.0,1932,1957,9,1,2,2,3,7,0,1.85,6.0,60.9,78.7,False,-1.091,0.543,54.0,395300.0,402214.0
2558,Lakeside,1Story,9397.0,2718.0,544.0,0.0,1961,1985,8,4,2,0,4,5,1,0.6,10.0,41.7,67.1,False,2.864,0.837,86.0,711700.0,443679.0
2559,Riverside,1.5Story,8962.0,2155.0,1394.0,257.0,2016,2026,2,6,2,1,2,3,2,1.49,3.0,,64.3,False,-1.004,0.394,67.0,348700.0,365584.0
2560,Downtown,2Story,7109.0,1385.0,1237.0,0.0,1947,1964,3,10,1,0,2,3,0,22.23,,9.1,81.3,False,-1.497,0.408,19.0,350800.0,351068.0
2561,Suburbia,SplitLevel,8790.0,2691.0,1026.0,410.0,1983,2022,2,9,2,2,5,6,2,8.74,8.0,26.9,102.3,False,-2.77,0.011,80.0,397900.0,405656.0
2562,Suburbia,1Story,12302.0,1105.0,932.0,142.0,1917,1925,2,8,2,0,5,8,0,3.9,8.0,52.4,73.0,False,-1.036,0.76,54.0,274800.0,262304.0
2563,Suburbia,2Story,7951.0,1996.0,664.0,387.0,1971,2004,3,10,3,0,2,7,2,15.61,3.0,31.6,35.5,False,0.123,0.602,18.0,286800.0,296658.0
2564,Riverside,2Story,9759.0,2118.0,55.0,405.0,1944,1975,9,8,3,0,4,9,1,5.04,5.0,31.1,40.0,False,1.087,0.126,71.0,366800.0,365962.0
2565,Suburbia,SplitLevel,8236.0,1365.0,357.0,596.0,2015,2026,5,6,1,0,4,4,0,1.11,3.0,35.8,69.2,False,-1.07,0.192,67.0,283400.0,282358.0
2566,Hillcrest,2Story,8464.0,2234.0,638.0,506.0,1998,2000,4,10,2,1,2,6,1,1.08,7.0,0.0,86.5,False,1.171,0.171,28.0,436400.0,433987.0
2567,Downtown,1.5Story,14812.0,1567.0,575.0,0.0,1927,1945,2,10,2,1,3,4,0,8.65,5.0,51.5,70.4,False,-0.064,0.408,18.0,306600.0,315615.0
2568,Downtown,2Story,12340.0,2232.0,1072.0,543.0,1978,2004,2,3,3,2,6,10,1,2.73,,61.8,77.2,False,-0.485,0.038,88.0,391900.0,387400.0
2569,Suburbia,2Story,8331.0,838.0,,371.0,1943,1968,6,3,2,2,3,4,0,7.1,3.0,50.8,66.9,False,0.173,0.779,85.0,277800.0,277454.0
2570,Old Town,SplitLevel,8735.0,2034.0,896.0,451.0,1955,1983,8,10,2,0,5,9,1,1.96,4.0,26.5,85.3,False,1.418,0.318,19.0,381200.0,376957.0
2571,Downtown,2Story,6338.0,1623.0,1542.0,404.0,1958,1984,6,1,3,1,5,8,0,2.68,6.0,17.3,79.1,False,0.051,0.919,68.0,431200.0,411737.0
2572,Riverside,2Story,7627.0,2482.0,621.0,538.0,2003,2012,7,6,2,2,2,6,0,0.81,10.0,13.4,49.6,False,-1.108,0.272,11.0,422300.0,420876.0
2573,Suburbia,1Story,9030.0,1826.0,893.0,470.0,1936,1969,3,4,1,0,6,8,0,9.17,10.0,12.3,76.1,False,0.424,0.366,91.0,321200.0,333464.0
2574,Suburbia,SplitLevel,10913.0,2537.0,929.0,359.0,1900,1919,10,8,2,2,6,9,0,2.78,7.0,80.3,40.2,False,0.408,0.921,28.0,399200.0,374914.0
2575,Riverside,1Story,10533.0,2129.0,1409.0,461.0,1924,1963,9,10,3,1,5,8,0,1.07,10.0,33.4,76.1,False,-0.19,0.168,17.0,468100.0,455958.0
2576,Suburbia,2Story,5496.0,1780.0,994.0,534.0,2004,2025,9,4,2,0,2,3,1,0.67,1.0,53.1,62.9,False,1.022,0.846,79.0,357800.0,349701.0
2577,Suburbia,SplitLevel,11407.0,2283.0,1006.0,299.0,1937,1959,7,3,3,0,6,10,1,4.82,9.0,52.0,70.9,False,-2.289,0.151,96.0,366900.0,369174.0
2578,Suburbia,1.5Story,7855.0,2287.0,255.0,511.0,1907,1931,7,4,3,0,2,6,0,10.05,6.0,37.9,73.8,False,0.357,0.495,71.0,363000.0,353890.0
2579,Downtown,SplitLevel,5736.0,2110.0,572.0,207.0,1950,1985,1,8,1,0,4,4,1,10.12,,16.4,73.1,False,0.784,0.874,89.0,314200.0,339632.0
2580,Old Town,1.5Story,12936.0,589.0,1410.0,637.0,2009,2026,2,4,2,0,4,5,2,5.42,4.0,45.4,93.5,False,-1.449,0.16,89.0,286600.0,267490.0
2581,Downtown,1.5Story,13523.0,1310.0,78.0,544.0,2010,2026,2,7,1,1,5,6,1,24.65,4.0,13.3,68.6,False,-1.483,0.037,29.0,314000.0,302889.0
2582,Suburbia,1Story,8887.0,2611.0,1514.0,721.0,2019,2026,5,4,1,2,2,5,0,5.71,9.0,47.0,71.4,False,0.998,0.239,61.0,410500.0,412689.0
2583,Downtown,1Story,10385.0,1159.0,1160.0,281.0,1986,1988,6,8,2,1,6,8,1,1.42,5.0,14.3,91.9,False,1.174,0.262,68.0,397300.0,386553.0
2584,Lakeside,1.5Story,10600.0,2335.0,636.0,641.0,2003,2005,2,1,2,2,4,6,2,12.99,2.0,26.3,102.1,False,1.36,0.407,91.0,424400.0,416701.0
2585,Downtown,1.5Story,13207.0,2239.0,601.0,610.0,1997,2026,8,4,2,0,3,7,0,3.67,10.0,26.2,67.7,False,-0.693,0.744,54.0,431700.0,444168.0
2586,Hillcrest,SplitLevel,10455.0,1451.0,1746.0,431.0,1902,1916,6,4,3,0,3,6,0,7.41,7.0,63.0,58.8,False,0.201,0.048,54.0,355600.0,353424.0
2587,Hillcrest,1Story,5091.0,753.0,1543.0,400.0,1952,1969,6,6,1,1,5,6,1,13.3,4.0,0.0,59.7,False,0.333,0.572,81.0,323700.0,319081.0
2588,Lakeside,2Story,16374.0,1537.0,900.0,286.0,1966,1991,10,7,2,0,2,6,1,5.17,,81.6,76.1,False,-1.707,0.725,91.0,426800.0,428456.0
2589,Hillcrest,1Story,11766.0,2993.0,1007.0,245.0,1958,1967,6,8,3,1,3,7,1,1.64,4.0,18.9,64.3,False,0.157,0.807,6.0,441600.0,444342.0
2590,Hillcrest,1Story,6780.0,1375.0,679.0,340.0,2004,2017,1,10,3,0,6,8,2,2.26,6.0,32.5,36.5,False,0.139,0.967,87.0,291900.0,280721.0
2591,Suburbia,1Story,5651.0,1413.0,1007.0,259.0,2023,2024,8,8,1,1,6,6,2,2.45,1.0,43.3,88.2,False,0.745,0.825,39.0,332900.0,330703.0
2592,Old Town,1.5Story,9669.0,1301.0,667.0,,1968,1999,9,1,1,1,3,6,0,0.55,,41.6,82.7,False,-0.572,0.103,47.0,342500.0,319261.0
2593,Suburbia,1Story,7351.0,2518.0,917.0,220.0,1912,1932,1,7,3,2,4,9,1,5.56,4.0,51.9,88.6,True,1.25,0.176,43.0,346900.0,355004.0
2594,Downtown,2Story,9095.0,1716.0,1710.0,484.0,1945,1952,6,1,2,0,4,8,1,1.96,8.0,47.2,92.2,True,0.08,0.721,0.0,456900.0,451856.0
2595,Hillcrest,1Story,10511.0,1506.0,910.0,530.0,1924,1948,5,5,3,1,3,6,0,6.03,8.0,75.7,71.4,False,1.71,0.212,57.0,330800.0,342228.0
2596,Old Town,1Story,6646.0,2627.0,510.0,517.0,1959,1964,2,6,3,1,3,7,0,13.13,8.0,49.6,72.7,False,0.747,0.247,98.0,336600.0,328173.0
2597,Downtown,SplitLevel,5483.0,2169.0,376.0,531.0,1929,1961,3,4,2,0,2,3,1,3.87,5.0,32.7,86.1,False,0.278,0.849,71.0,360300.0,374044.0
2598,Hillcrest,1Story,9275.0,1344.0,1003.0,611.0,1910,1919,9,7,2,1,6,9,1,0.41,4.0,23.9,46.1,False,-1.182,0.462,49.0,371800.0,368270.0
2599,Old Town,1Story,6723.0,1177.0,630.0,389.0,1921,1932,4,8,2,0,3,6,0,5.77,6.0,23.4,61.7,False,-1.32,0.397,2.0,274600.0,259961.0
2600,Old Town,1Story,8528.0,2487.0,1054.0,,1962,1997,6,7,2,2,2,3,2,1.63,3.0,60.9,66.9,False,1.601,0.469,74.0,361100.0,360505.0
2601,Hillcrest,1Story,5064.0,1859.0,270.0,413.0,1917,1947,8,6,2,0,5,9,0,0.69,6.0,70.1,84.6,False,0.878,0.257,66.0,351300.0,363510.0
2602,Suburbia,2Story,7419.0,998.0,1240.0,,1903,1930,5,10,3,0,2,5,1,3.55,7.0,55.1,58.3,False,-0.285,0.088,45.0,330300.0,318606.0
2603,Hillcrest,SplitLevel,10407.0,869.0,505.0,796.0,1935,1959,9,7,3,0,6,11,2,1.64,10.0,0.0,55.2,False,-0.417,0.977,36.0,375300.0,370884.0
2604,Suburbia,SplitLevel,10017.0,1236.0,969.0,269.0,1981,2002,5,3,3,1,6,11,2,3.23,4.0,0.0,60.2,False,0.222,0.292,36.0,288800.0,289852.0
2605,Downtown,1Story,6149.0,1168.0,808.0,0.0,1979,1986,10,7,1,0,4,5,2,10.41,2.0,34.8,76.5,False,-1.345,0.512,21.0,334900.0,346847.0
2606,Downtown,1Story,5384.0,725.0,1672.0,551.0,1949,1961,2,5,2,1,2,3,0,4.1,4.0,31.7,66.8,False,-0.468,0.059,35.0,292700.0,312596.0
2607,Suburbia,2Story,8148.0,1245.0,1022.0,631.0,1983,2022,9,1,2,2,2,3,2,5.05,9.0,35.4,41.9,False,0.613,0.149,16.0,362100.0,334216.0
2608,Lakeside,1Story,9861.0,1345.0,1767.0,773.0,1924,1961,2,10,2,2,6,8,1,2.41,5.0,60.0,45.4,False,0.746,0.102,35.0,368600.0,375728.0
2609,Suburbia,1Story,9338.0,1596.0,1186.0,0.0,1991,2020,9,8,3,2,4,7,0,9.16,5.0,59.0,70.5,False,-0.368,0.051,93.0,316800.0,329114.0
2610,Hillcrest,1.5Story,6773.0,2781.0,1549.0,683.0,1902,1938,7,7,2,1,4,6,2,8.16,5.0,38.5,71.1,False,1.6,0.651,57.0,478700.0,474806.0
2611,Old Town,2Story,8993.0,1703.0,862.0,726.0,1917,1949,6,7,3,0,2,7,1,2.12,3.0,4.5,68.5,False,1.045,0.017,58.0,344100.0,356681.0
2612,Suburbia,1.5Story,13709.0,1758.0,1095.0,694.0,2016,2026,9,6,2,1,6,9,0,21.48,9.0,10.4,59.5,False,-0.769,0.457,80.0,392900.0,386690.0
2613,Riverside,2Story,8706.0,2130.0,,601.0,1958,1987,7,4,1,0,4,4,0,3.35,7.0,36.3,82.2,False,-1.276,0.665,87.0,449400.0,432648.0
2614,Suburbia,1.5Story,4575.0,1719.0,1330.0,255.0,1970,2000,7,10,2,0,2,5,0,1.56,10.0,43.3,74.6,False,0.595,0.363,56.0,357100.0,370212.0
2615,Lakeside,1Story,8700.0,2070.0,1173.0,459.0,1950,1955,8,6,1,0,2,3,0,3.58,1.0,10.7,74.0,False,-0.45,0.15,36.0,438300.0,442008.0
2616,Riverside,2Story,16571.0,2004.0,812.0,0.0,1981,2018,9,4,2,2,6,7,0,1.76,,48.2,74.7,False,-0.64,0.223,52.0,396600.0,391222.0
2617,Lakeside,1Story,5164.0,1917.0,883.0,0.0,1994,2014,3,7,1,2,2,4,1,4.76,1.0,0.0,96.8,False,0.223,0.154,86.0,369900.0,384932.0
2618,Suburbia,SplitLevel,8188.0,3372.0,1428.0,454.0,1998,2010,9,2,1,1,3,3,0,2.59,1.0,0.0,49.6,False,0.719,0.295,30.0,428400.0,439637.0
2619,Suburbia,1Story,7486.0,2351.0,1515.0,711.0,1931,1950,6,4,2,0,2,4,2,3.1,9.0,17.5,60.4,False,0.792,0.356,98.0,411700.0,413173.0
2620,Old Town,2Story,8380.0,1255.0,701.0,339.0,1978,1991,1,2,3,2,2,7,2,5.73,4.0,62.5,61.9,False,0.055,0.397,46.0,248800.0,224506.0
2621,Suburbia,1Story,8673.0,2054.0,638.0,588.0,1998,2011,10,1,1,2,6,7,2,14.27,4.0,65.4,90.6,False,-2.294,0.223,72.0,357900.0,368482.0
2622,Old Town,1Story,12076.0,1415.0,570.0,511.0,1952,1974,8,9,2,1,5,6,0,5.07,2.0,3.1,61.3,False,0.954,0.234,17.0,312300.0,315794.0
2623,Lakeside,1Story,8347.0,2095.0,1298.0,323.0,1948,1988,9,5,2,2,3,7,1,11.92,2.0,4.6,53.7,False,-0.806,0.639,98.0,464100.0,433394.0
2624,Old Town,1Story,12671.0,1094.0,560.0,288.0,1979,1995,8,9,1,2,2,3,0,7.01,7.0,50.2,66.1,False,0.308,0.023,74.0,292000.0,282177.0
2625,Riverside,2Story,7776.0,1241.0,1293.0,188.0,1972,1980,4,7,2,2,3,6,2,2.35,,26.2,69.9,False,-0.122,0.441,89.0,314600.0,335612.0
2626,Hillcrest,1Story,7169.0,2039.0,1179.0,538.0,1931,1962,4,3,1,2,3,3,0,6.24,6.0,62.3,89.5,False,2.244,0.929,78.0,375100.0,377979.0
2627,Riverside,1.5Story,6411.0,2399.0,721.0,0.0,2020,2026,3,3,3,0,5,7,0,1.39,2.0,49.9,61.2,False,2.058,0.761,43.0,320000.0,312809.0
2628,Hillcrest,1.5Story,4290.0,2126.0,1607.0,328.0,1970,1992,5,5,2,0,4,8,0,3.97,10.0,53.3,55.6,False,-0.459,0.333,23.0,405700.0,387827.0
2629,Hillcrest,2Story,8924.0,2320.0,336.0,160.0,1971,1981,1,1,1,0,4,7,1,1.08,1.0,18.6,51.6,False,-1.345,0.549,80.0,321300.0,304104.0
2630,Lakeside,1Story,16629.0,2056.0,1647.0,529.0,1925,1933,8,6,2,0,2,3,1,1.86,5.0,43.9,61.8,False,-1.266,0.982,56.0,470700.0,463789.0
2631,Downtown,1Story,9513.0,1945.0,1084.0,0.0,1985,1995,8,5,1,1,2,5,1,3.02,6.0,75.3,114.1,False,0.272,0.716,24.0,424100.0,415209.0
2632,Riverside,2Story,10305.0,1573.0,79.0,346.0,2015,2026,10,2,3,2,3,6,0,28.0,2.0,37.8,74.9,False,-0.54,0.59,28.0,308300.0,324410.0
2633,Old Town,1Story,7012.0,2297.0,1619.0,306.0,1991,2026,6,6,1,0,3,6,1,5.41,6.0,34.1,78.8,False,-1.111,0.559,18.0,367300.0,375900.0
2634,Suburbia,2Story,7439.0,2414.0,1358.0,422.0,1964,1991,10,9,2,2,4,7,0,18.88,6.0,26.3,68.0,False,-0.524,0.894,97.0,414400.0,430428.0
2635,Riverside,2Story,11437.0,1815.0,770.0,535.0,1980,2008,3,10,3,0,6,11,0,8.69,,3.0,70.5,False,0.451,0.195,70.0,387900.0,375182.0
2636,Hillcrest,1.5Story,16367.0,1786.0,545.0,407.0,1929,1931,5,5,3,2,4,6,0,11.34,4.0,13.0,82.2,False,-0.078,0.579,29.0,374500.0,369846.0
2637,Riverside,2Story,13640.0,2725.0,291.0,270.0,1907,1907,8,1,2,1,3,4,0,5.85,10.0,17.2,78.1,False,-0.482,0.35,21.0,430100.0,428780.0
2638,Lakeside,1.5Story,10741.0,1839.0,1964.0,451.0,1980,1994,8,9,1,1,4,7,2,1.84,2.0,2.1,74.3,False,-0.357,0.468,86.0,503000.0,483933.0
2639,Suburbia,2Story,8203.0,1892.0,562.0,627.0,1922,1958,8,6,1,1,2,3,0,3.51,8.0,4.1,68.3,False,-0.162,0.04,72.0,392700.0,386004.0
2640,Lakeside,1Story,8720.0,2116.0,419.0,466.0,1911,1911,5,8,2,2,5,9,1,11.18,4.0,0.0,61.7,False,0.223,0.793,70.0,418300.0,404205.0
2641,Suburbia,1Story,6225.0,1796.0,1063.0,471.0,1997,2026,1,1,1,1,2,3,2,21.21,4.0,19.3,75.6,False,0.281,0.184,6.0,294200.0,284888.0
2642,Suburbia,1.5Story,4881.0,1399.0,262.0,408.0,1954,1987,9,3,2,0,3,6,2,3.5,3.0,48.5,69.5,False,-1.648,0.563,96.0,309500.0,298899.0
2643,Riverside,1.5Story,5462.0,2058.0,538.0,0.0,2007,2018,4,3,1,1,6,7,1,14.97,7.0,28.7,106.4,True,0.167,0.923,43.0,348300.0,361159.0
2644,Suburbia,1Story,8246.0,1829.0,1368.0,0.0,2009,2013,7,8,1,1,4,5,0,0.53,2.0,28.8,86.9,False,-0.362,0.257,71.0,363500.0,351396.0
2645,Hillcrest,1Story,7316.0,2863.0,1145.0,0.0,1915,1921,2,7,3,2,5,9,1,9.61,,50.3,55.9,True,-1.014,0.328,18.0,385500.0,379656.0
2646,Old Town,2Story,4845.0,2284.0,788.0,649.0,1996,1999,10,8,3,1,3,5,0,17.84,,68.8,46.9,True,-0.373,0.406,60.0,371200.0,376268.0
2647,Suburbia,1Story,7998.0,1522.0,958.0,534.0,1942,1976,3,4,3,0,6,9,1,2.88,1.0,80.5,60.8,False,1.156,0.544,9.0,272200.0,263700.0
2648,Suburbia,2Story,7248.0,2251.0,764.0,473.0,1988,2020,10,4,3,0,3,7,2,3.0,9.0,37.9,48.5,True,0.809,0.23,46.0,429000.0,413088.0
2649,Suburbia,1Story,5375.0,2019.0,924.0,507.0,1905,1932,8,2,3,2,3,6,0,12.54,4.0,29.4,59.8,False,0.097,0.738,23.0,340900.0,342106.0
2650,Suburbia,2Story,7118.0,2570.0,630.0,514.0,1959,1962,4,3,1,0,2,3,0,0.65,9.0,26.7,50.5,False,-0.897,0.63,47.0,351400.0,360711.0
2651,Old Town,SplitLevel,7242.0,1562.0,706.0,342.0,1979,2017,4,2,2,1,3,4,0,4.98,7.0,46.8,62.1,False,-1.36,0.093,86.0,250800.0,259531.0
2652,Hillcrest,1Story,6530.0,1954.0,694.0,0.0,1956,1984,10,9,1,0,4,6,1,0.88,3.0,31.9,62.3,True,-0.942,0.51,0.0,373400.0,390647.0
2653,Suburbia,1Story,11207.0,1795.0,645.0,384.0,1969,2002,6,7,3,0,2,4,1,16.14,7.0,31.9,70.6,False,0.012,0.36,46.0,329600.0,331722.0
2654,Suburbia,1Story,4163.0,1882.0,1388.0,862.0,1901,1916,7,7,3,0,2,4,0,0.52,5.0,33.3,64.3,False,0.033,0.351,99.0,393400.0,386070.0
2655,Hillcrest,2Story,4044.0,1363.0,1273.0,623.0,1900,1908,7,9,1,1,3,3,2,4.01,5.0,16.2,51.8,True,-0.651,0.983,97.0,421500.0,400066.0
2656,Old Town,2Story,8112.0,2167.0,558.0,487.0,1975,2008,3,8,1,2,5,7,0,1.07,9.0,0.0,89.9,False,0.878,0.405,56.0,362500.0,372495.0
2657,Hillcrest,SplitLevel,8380.0,2080.0,,679.0,1952,1954,2,4,1,0,4,4,1,9.79,7.0,21.6,75.3,True,0.384,0.024,66.0,374000.0,369514.0
2658,Riverside,1.5Story,9335.0,2557.0,884.0,658.0,1972,1979,1,4,3,2,2,5,1,8.63,10.0,64.1,58.2,False,-2.651,0.355,58.0,367300.0,366972.0
2659,Downtown,2Story,6710.0,1844.0,1855.0,239.0,1945,1951,5,2,3,1,2,4,2,2.64,10.0,63.2,52.0,False,0.109,0.6,45.0,395400.0,395467.0
2660,Lakeside,1.5Story,5877.0,1623.0,518.0,,1900,1903,7,8,1,2,2,4,1,4.55,9.0,53.8,41.6,True,0.755,0.528,18.0,369300.0,388276.0
2661,Suburbia,1Story,8082.0,2284.0,882.0,457.0,1988,2010,4,9,1,1,3,3,0,0.5,,25.1,40.3,False,0.202,0.077,80.0,322800.0,335265.0
2662,Hillcrest,2Story,6943.0,1413.0,987.0,558.0,1917,1926,3,8,2,2,3,4,0,4.09,5.0,19.2,86.9,False,0.582,0.168,43.0,391900.0,369430.0
2663,Hillcrest,1Story,13945.0,2447.0,904.0,424.0,1998,2026,4,5,2,1,2,4,0,2.03,9.0,67.5,84.9,False,-0.263,0.769,87.0,418300.0,405826.0
2664,Lakeside,2Story,7234.0,2446.0,758.0,444.0,1901,1939,3,4,1,2,4,5,1,6.21,9.0,13.3,57.5,False,-0.065,0.007,21.0,428600.0,425086.0
2665,Riverside,2Story,7954.0,2542.0,1435.0,386.0,2017,2023,5,5,2,0,4,5,2,1.99,4.0,35.8,92.6,False,-0.044,0.231,19.0,444000.0,438237.0
2666,Suburbia,1.5Story,19272.0,2057.0,1141.0,628.0,1931,1964,6,3,2,2,5,7,1,0.61,8.0,68.8,79.1,False,0.184,0.981,21.0,396000.0,386802.0
2667,Old Town,2Story,7569.0,1582.0,1305.0,229.0,2012,2013,3,2,3,0,6,10,1,0.5,6.0,37.5,71.7,False,-0.579,0.656,65.0,292700.0,298251.0
2668,Downtown,SplitLevel,9844.0,1910.0,1198.0,392.0,1900,1911,1,5,1,0,5,6,1,6.94,2.0,29.1,83.5,False,1.092,0.246,54.0,351600.0,356631.0
2669,Riverside,1.5Story,10160.0,2059.0,1325.0,165.0,1956,1983,2,3,1,2,6,7,0,7.7,2.0,58.2,79.1,False,1.423,0.194,65.0,316400.0,323972.0
2670,Riverside,SplitLevel,10467.0,1542.0,1615.0,295.0,1952,1960,5,8,2,0,6,10,2,3.75,1.0,36.4,70.8,False,-0.531,0.417,24.0,349600.0,347482.0
2671,Suburbia,1Story,8967.0,2583.0,1509.0,511.0,1920,1923,2,10,1,0,6,7,1,4.33,3.0,38.9,63.7,False,-1.169,0.646,35.0,357300.0,371541.0
2672,Hillcrest,SplitLevel,8672.0,2169.0,1926.0,514.0,1960,1966,8,2,3,2,3,6,2,4.95,10.0,65.3,66.1,False,-1.345,0.171,66.0,429800.0,438048.0
2673,Hillcrest,1Story,8393.0,1359.0,1461.0,410.0,1927,1954,2,1,3,1,2,6,1,7.58,4.0,0.0,39.1,True,0.405,0.748,50.0,324200.0,317943.0
2674,Riverside,1Story,6624.0,2886.0,669.0,0.0,1955,1964,1,9,1,1,2,3,0,8.46,10.0,42.2,53.6,True,0.588,0.042,37.0,359000.0,363402.0
2675,Riverside,1Story,9081.0,1904.0,1306.0,677.0,1947,1957,7,3,2,0,6,10,1,6.65,5.0,19.7,100.4,False,0.409,0.194,32.0,273400.0,423204.0
2676,Riverside,SplitLevel,16482.0,1248.0,1248.0,449.0,1925,1933,7,3,2,2,6,9,0,8.43,5.0,30.9,53.1,False,0.495,0.59,37.0,323200.0,327844.0
2677,Riverside,2Story,12379.0,1393.0,1757.0,500.0,1999,2026,7,9,3,0,3,7,0,1.92,,37.3,34.7,False,-0.568,0.706,27.0,369900.0,363197.0
2678,Suburbia,1Story,9013.0,2668.0,544.0,388.0,1965,2001,2,9,1,1,5,6,2,2.55,7.0,21.5,84.3,False,-1.99,0.672,70.0,376800.0,375351.0
2679,Suburbia,1.5Story,10933.0,2854.0,1184.0,560.0,2005,2026,7,6,1,0,4,6,2,3.67,6.0,39.6,72.5,False,-0.497,0.262,16.0,413100.0,434011.0
2680,Hillcrest,1Story,5978.0,2405.0,664.0,269.0,2002,2002,9,2,2,0,2,6,0,1.39,4.0,42.7,73.5,False,1.654,0.385,67.0,407000.0,394191.0
2681,Suburbia,SplitLevel,7397.0,2576.0,1165.0,747.0,1933,1943,7,8,3,0,5,9,1,5.69,8.0,39.1,65.2,False,0.265,0.038,7.0,418500.0,421504.0
2682,Suburbia,1Story,11291.0,2519.0,860.0,,1936,1972,4,8,1,0,2,3,2,20.56,8.0,37.2,84.4,False,0.425,0.0,40.0,393400.0,389251.0
2683,Downtown,2Story,13637.0,2156.0,1151.0,268.0,2019,2026,5,5,2,1,2,5,2,2.34,8.0,32.6,95.5,True,0.905,0.416,49.0,478700.0,465766.0
2684,Riverside,1Story,6187.0,2031.0,,334.0,1939,1940,9,6,3,2,4,9,2,6.84,5.0,33.0,58.6,False,-0.84,0.543,93.0,363600.0,365152.0
2685,Hillcrest,1Story,6841.0,2147.0,1283.0,527.0,1911,1921,2,6,2,2,2,5,2,0.49,7.0,36.6,79.4,False,0.223,0.821,66.0,370300.0,393918.0
2686,Suburbia,2Story,17387.0,2255.0,1037.0,,1968,2001,8,7,3,1,3,7,0,3.07,4.0,16.2,88.1,False,0.512,0.963,32.0,450500.0,428764.0
2687,Lakeside,2Story,8381.0,1442.0,,547.0,2021,2026,3,6,2,2,5,7,0,1.29,10.0,60.4,57.6,False,-0.933,0.599,36.0,348000.0,375358.0
2688,Suburbia,2Story,15339.0,2253.0,1769.0,402.0,1929,1946,9,10,3,1,4,6,2,0.73,,33.2,95.2,False,0.364,0.817,71.0,472700.0,476786.0
2689,Lakeside,1.5Story,8712.0,2652.0,789.0,704.0,1980,1986,2,1,2,1,2,5,2,28.0,3.0,26.9,88.1,False,1.295,0.13,86.0,435600.0,419543.0
2690,Riverside,SplitLevel,8832.0,1736.0,1094.0,461.0,1942,1945,6,1,3,1,3,6,0,1.74,5.0,42.9,45.6,False,-0.401,0.817,79.0,316500.0,325080.0
2691,Old Town,1Story,7281.0,1678.0,992.0,847.0,1948,1957,5,2,3,0,6,8,2,23.44,10.0,32.7,96.7,False,-1.722,0.253,90.0,342900.0,350785.0
2692,Hillcrest,2Story,11270.0,2112.0,1033.0,556.0,1957,1989,5,2,1,1,6,7,0,3.45,,59.9,46.6,True,0.173,0.41,21.0,390500.0,393137.0
2693,Suburbia,1Story,13033.0,1493.0,1883.0,244.0,1918,1951,4,5,3,2,6,8,1,5.1,4.0,52.9,55.6,False,-0.657,0.021,49.0,307200.0,309447.0
2694,Old Town,SplitLevel,5641.0,1126.0,977.0,794.0,1948,1958,1,1,1,1,4,6,2,23.02,9.0,36.9,80.3,False,0.181,0.468,47.0,242800.0,253438.0
2695,Suburbia,1.5Story,7163.0,2481.0,,636.0,1934,1974,9,2,1,2,4,6,1,7.37,4.0,53.8,86.7,False,-0.842,0.651,41.0,391000.0,398858.0
2696,Lakeside,2Story,11162.0,1602.0,1736.0,521.0,2003,2026,6,6,1,2,5,6,2,4.23,2.0,39.7,69.8,False,0.061,0.252,2.0,443700.0,430383.0
2697,Suburbia,2Story,7744.0,1860.0,821.0,563.0,1928,1968,7,9,1,0,6,8,0,2.46,3.0,11.9,56.7,False,1.227,0.809,22.0,354200.0,360759.0
2698,Downtown,SplitLevel,6818.0,1514.0,276.0,270.0,2006,2026,6,9,3,1,2,6,1,2.94,3.0,52.8,63.3,False,-0.028,0.926,33.0,332700.0,326506.0
2699,Hillcrest,SplitLevel,11537.0,2552.0,639.0,171.0,1902,1925,6,3,1,1,6,7,2,3.23,3.0,0.0,61.2,False,-1.649,0.571,41.0,373800.0,385122.0
2700,Suburbia,2Story,11923.0,2319.0,426.0,453.0,1950,1990,7,1,1,2,5,7,2,1.17,3.0,0.0,83.1,False,0.376,0.244,26.0,405000.0,387871.0
2701,Suburbia,SplitLevel,6923.0,1718.0,194.0,0.0,1933,1961,5,8,2,1,2,3,1,5.85,4.0,49.0,60.7,False,0.02,0.705,35.0,271700.0,260111.0
2702,Riverside,2Story,8728.0,1201.0,798.0,523.0,1956,1990,2,8,3,1,6,10,0,1.51,1.0,43.9,56.3,False,0.213,0.295,77.0,285500.0,286560.0
2703,Hillcrest,2Story,5308.0,1659.0,,733.0,1997,2013,1,10,3,2,2,4,1,6.57,4.0,42.5,41.4,False,0.973,0.163,32.0,336500.0,328588.0
2704,Suburbia,1.5Story,5923.0,2164.0,1446.0,671.0,2020,2026,6,5,3,2,2,6,2,3.14,6.0,62.8,57.3,False,-0.525,0.285,22.0,395300.0,376510.0
2705,Suburbia,1Story,8463.0,1954.0,1214.0,0.0,1991,2014,2,1,1,1,3,3,1,7.55,5.0,34.5,65.9,False,-0.288,0.439,46.0,268600.0,281026.0
2706,Riverside,1Story,8193.0,1910.0,1195.0,649.0,1963,1979,5,10,1,2,4,7,2,7.67,5.0,27.4,47.7,False,-1.029,0.226,2.0,358800.0,371850.0
2707,Old Town,SplitLevel,5777.0,1966.0,575.0,704.0,1964,1978,7,3,2,0,4,5,0,0.43,3.0,50.9,36.6,False,0.193,0.337,22.0,294400.0,289740.0
2708,Lakeside,SplitLevel,6307.0,2267.0,,447.0,2025,2026,6,4,1,2,3,4,2,1.64,2.0,20.7,85.6,False,0.167,0.396,2.0,432800.0,448822.0
2709,Lakeside,2Story,5582.0,1827.0,1534.0,426.0,2024,2026,2,5,1,0,5,7,2,7.1,10.0,30.2,50.0,False,-0.26,0.754,6.0,376900.0,396092.0
2710,Suburbia,1Story,9502.0,2098.0,1116.0,482.0,1996,2008,7,10,2,2,4,6,1,12.16,10.0,40.1,44.4,False,0.747,0.858,76.0,350400.0,370202.0
2711,Old Town,1.5Story,4070.0,1307.0,1127.0,0.0,1920,1929,10,4,2,1,2,3,0,0.86,5.0,41.7,96.3,False,-1.037,0.825,2.0,476600.0,324914.0
2712,Lakeside,1Story,5687.0,3255.0,419.0,505.0,1933,1955,4,6,2,1,6,7,1,14.68,8.0,28.3,83.3,False,0.127,0.193,14.0,446000.0,471204.0
2713,Lakeside,SplitLevel,4222.0,1694.0,1393.0,575.0,1934,1947,2,6,1,0,3,6,2,3.84,2.0,25.2,86.5,False,0.601,0.81,17.0,385600.0,390631.0
2714,Downtown,1.5Story,9383.0,1962.0,,483.0,1928,1937,6,10,2,1,5,6,2,0.81,2.0,12.6,77.1,False,-0.542,0.641,64.0,410200.0,452604.0
2715,Suburbia,2Story,4312.0,2162.0,1086.0,515.0,2021,2026,7,10,2,0,3,6,1,13.75,6.0,19.3,91.6,False,-1.374,0.238,33.0,421100.0,415652.0
2716,Lakeside,2Story,8194.0,1624.0,700.0,453.0,1920,1947,4,7,1,1,5,6,0,21.85,8.0,71.4,83.9,False,-1.695,0.376,20.0,379900.0,373646.0
2717,Riverside,SplitLevel,14383.0,1854.0,,140.0,2007,2024,6,2,3,1,3,5,2,1.09,8.0,29.7,61.8,False,0.155,0.345,73.0,347100.0,349690.0
2718,Old Town,SplitLevel,14555.0,1848.0,773.0,726.0,2001,2015,8,4,3,0,3,6,2,9.6,4.0,38.8,48.8,False,1.694,0.435,22.0,344800.0,330146.0
2719,Downtown,2Story,4307.0,1347.0,799.0,401.0,1966,1970,6,7,3,1,2,4,0,2.01,9.0,5.2,44.9,False,-0.61,0.845,93.0,378100.0,368248.0
2720,Riverside,2Story,8995.0,2091.0,1222.0,361.0,1938,1940,8,9,3,0,6,11,0,4.92,7.0,86.3,65.5,True,0.451,0.412,80.0,404800.0,414590.0
2721,Riverside,1.5Story,5732.0,943.0,1067.0,0.0,1933,1961,2,8,3,0,5,10,2,7.08,4.0,17.8,48.2,False,-2.425,0.055,88.0,240700.0,251511.0
2722,Suburbia,2Story,5337.0,2814.0,1372.0,617.0,1985,2024,3,5,1,0,5,5,0,0.99,5.0,11.5,53.6,False,0.373,0.737,68.0,409000.0,398060.0
2723,Hillcrest,2Story,7788.0,2286.0,1106.0,504.0,1984,1997,6,7,2,1,5,9,2,9.31,3.0,,65.3,False,-1.088,0.787,27.0,420700.0,412230.0
2724,Hillcrest,SplitLevel,12455.0,2202.0,587.0,583.0,1968,2002,3,4,1,2,2,4,0,11.7,2.0,17.2,93.2,False,-0.393,0.572,65.0,369700.0,373046.0
2725,Lakeside,SplitLevel,9995.0,895.0,740.0,275.0,1971,1995,10,7,2,1,4,7,1,3.43,1.0,42.3,40.8,False,0.079,0.475,75.0,308400.0,330217.0
2726,Suburbia,SplitLevel,6309.0,1414.0,714.0,447.0,2004,2016,7,5,3,0,6,8,1,3.49,5.0,4.8,68.5,False,-1.661,0.772,92.0,334600.0,323078.0
2727,Suburbia,1.5Story,10371.0,2614.0,872.0,667.0,1995,2018,5,7,3,1,3,5,1,4.26,1.0,57.7,45.5,False,3.146,0.022,5.0,358500.0,357708.0
2728,Downtown,1Story,3695.0,4133.0,1704.0,352.0,1994,1999,8,9,1,1,2,3,0,2.61,10.0,53.8,58.0,False,-0.605,0.584,87.0,433400.0,555791.0
2729,Hillcrest,SplitLevel,6226.0,2507.0,1771.0,300.0,1935,1948,10,9,2,0,6,10,0,0.96,9.0,32.6,84.7,False,0.607,0.952,81.0,456600.0,491693.0
2730,Old Town,2Story,6073.0,2420.0,1301.0,473.0,1908,1938,1,8,3,0,2,5,1,1.69,8.0,1.9,52.7,True,1.493,0.794,84.0,384300.0,377671.0
2731,Downtown,2Story,8328.0,2139.0,1000.0,,1957,1991,6,8,1,0,5,7,0,1.82,8.0,18.8,63.3,False,0.293,0.276,20.0,433900.0,434646.0
2732,Hillcrest,SplitLevel,7548.0,1384.0,378.0,564.0,1942,1951,5,2,2,0,6,8,2,1.13,7.0,36.3,70.5,False,-1.228,0.918,13.0,316100.0,322767.0
2733,Riverside,1.5Story,7712.0,2397.0,1042.0,239.0,1942,1979,8,2,1,0,5,8,1,6.79,8.0,10.8,80.6,False,0.103,0.202,66.0,409300.0,419670.0
2734,Hillcrest,SplitLevel,7622.0,1244.0,618.0,120.0,1965,1989,4,9,3,1,2,4,0,6.4,9.0,14.0,58.1,False,-1.838,0.547,16.0,308700.0,307363.0
2735,Lakeside,2Story,8167.0,1184.0,1635.0,607.0,2016,2025,4,6,2,2,6,10,2,1.06,6.0,56.0,90.7,False,-0.331,0.625,18.0,421500.0,415693.0
2736,Riverside,SplitLevel,9789.0,1150.0,275.0,287.0,2001,2026,8,5,3,2,2,4,1,0.67,9.0,38.1,60.0,False,1.677,0.034,98.0,307000.0,311699.0
2737,Lakeside,1Story,8538.0,2387.0,1111.0,362.0,1985,2021,9,7,2,2,6,10,0,0.44,3.0,37.5,76.7,False,-1.411,0.127,90.0,473800.0,466883.0
2738,Riverside,1.5Story,7335.0,1818.0,583.0,0.0,1989,2000,2,1,3,1,2,6,1,0.83,9.0,45.5,64.6,False,-0.824,0.544,57.0,276800.0,291044.0
2739,Suburbia,SplitLevel,9326.0,1905.0,946.0,624.0,1952,1956,7,2,1,2,4,5,2,7.25,8.0,31.7,81.3,False,1.854,0.181,64.0,363100.0,371132.0
2740,Riverside,1Story,10820.0,1842.0,1230.0,516.0,1969,1980,8,2,3,2,6,9,1,2.3,2.0,33.8,104.5,False,-0.174,0.419,54.0,420300.0,411791.0
2741,Downtown,1.5Story,6670.0,1231.0,1379.0,510.0,1954,1985,2,6,2,1,3,6,1,11.24,2.0,44.1,63.0,False,-0.894,0.706,74.0,314700.0,319693.0
2742,Suburbia,1Story,7936.0,1481.0,925.0,509.0,2001,2003,7,1,2,0,2,4,1,1.9,2.0,51.2,67.7,False,0.389,0.625,50.0,323700.0,302508.0
2743,Lakeside,1.5Story,12169.0,1509.0,1270.0,130.0,2024,2026,10,1,3,1,2,4,2,2.87,3.0,45.0,60.2,False,-0.469,0.874,61.0,400500.0,397123.0
2744,Suburbia,SplitLevel,5508.0,1077.0,672.0,302.0,1954,1967,9,7,1,1,3,4,2,6.27,8.0,64.2,57.5,True,-2.716,0.921,73.0,289000.0,303485.0
2745,Hillcrest,1.5Story,15239.0,1573.0,1053.0,388.0,1990,1990,2,8,3,2,3,8,0,16.2,9.0,35.5,55.4,True,-1.36,0.927,79.0,332400.0,351796.0
2746,Suburbia,2Story,5071.0,1255.0,1371.0,340.0,1907,1931,10,3,3,0,3,6,1,3.58,10.0,8.1,67.7,False,2.057,0.392,59.0,385000.0,375318.0
2747,Lakeside,2Story,7180.0,2168.0,1089.0,417.0,1950,1983,4,7,2,1,4,6,2,6.66,2.0,56.8,54.0,False,0.328,0.122,74.0,290500.0,395890.0
2748,Lakeside,SplitLevel,5811.0,2214.0,728.0,0.0,2009,2015,5,1,2,0,3,4,1,14.56,6.0,30.1,54.6,False,1.464,0.667,14.0,364600.0,353210.0
2749,Riverside,SplitLevel,17427.0,1138.0,833.0,621.0,1986,2022,3,5,2,1,4,5,0,7.87,9.0,19.6,22.0,False,-1.029,0.919,5.0,274000.0,280716.0
2750,Downtown,SplitLevel,6794.0,1687.0,1377.0,223.0,1966,2005,7,4,2,0,3,5,0,2.89,10.0,49.2,92.9,False,-0.055,0.769,10.0,411500.0,408499.0
2751,Lakeside,2Story,6800.0,2871.0,491.0,459.0,1926,1961,2,4,2,1,3,7,2,0.67,1.0,42.4,97.6,False,-0.169,0.697,74.0,435500.0,439662.0
2752,Suburbia,1Story,7117.0,1311.0,553.0,574.0,2001,2026,8,9,2,0,6,9,1,5.67,7.0,9.4,79.7,False,-0.547,0.803,30.0,354000.0,350841.0
2753,Suburbia,1.5Story,8379.0,2085.0,1203.0,312.0,2022,2026,1,1,3,2,5,8,2,4.07,1.0,48.4,52.3,False,0.21,0.41,78.0,290500.0,281501.0
2754,Downtown,1.5Story,7223.0,1908.0,766.0,429.0,1949,1957,9,7,1,2,5,7,0,10.86,1.0,72.5,45.3,False,-1.115,0.502,87.0,359100.0,358814.0
2755,Old Town,2Story,7735.0,2451.0,340.0,0.0,2002,2026,4,3,1,2,3,6,1,3.38,9.0,41.5,39.8,False,1.209,0.2,70.0,297100.0,288921.0
2756,Suburbia,1Story,2356.0,2013.0,1517.0,462.0,1974,1995,6,5,2,1,6,10,1,1.91,10.0,29.9,79.5,False,0.467,0.672,40.0,369700.0,390730.0
2757,Suburbia,2Story,8267.0,1613.0,488.0,568.0,1950,1968,3,3,3,2,3,6,1,18.49,2.0,1.6,90.8,False,-0.174,0.348,10.0,320800.0,315688.0
2758,Suburbia,1Story,8154.0,1887.0,866.0,475.0,1941,1957,2,8,1,0,5,8,1,6.78,,76.0,71.0,False,0.133,0.267,87.0,308500.0,308166.0
2759,Suburbia,2Story,11655.0,1895.0,690.0,0.0,1963,1971,1,1,3,0,5,10,0,6.83,10.0,24.7,83.4,False,-0.302,0.251,33.0,300300.0,303494.0
2760,Riverside,2Story,12812.0,1800.0,825.0,272.0,1951,1966,10,1,2,2,3,4,2,3.88,,6.8,76.0,False,-1.724,0.511,57.0,378100.0,407709.0
2761,Suburbia,2Story,7588.0,1124.0,578.0,500.0,1977,2009,2,4,1,1,5,8,0,6.81,2.0,37.2,54.1,False,-0.991,0.54,72.0,215500.0,236144.0
2762,Old Town,SplitLevel,10783.0,2534.0,1250.0,476.0,1918,1940,1,9,2,2,2,3,1,8.6,8.0,55.2,86.2,False,-0.18,0.826,92.0,363500.0,360697.0
2763,Downtown,1.5Story,5511.0,2437.0,997.0,301.0,1960,1976,6,1,3,0,3,8,2,4.11,6.0,59.7,85.0,False,-0.353,0.916,51.0,421000.0,416588.0
2764,Hillcrest,SplitLevel,10600.0,1276.0,1363.0,0.0,1993,1997,10,2,3,1,4,9,1,3.1,4.0,21.6,50.2,True,0.648,0.309,88.0,362500.0,357410.0
2765,Downtown,1Story,6632.0,1685.0,694.0,663.0,2006,2023,1,5,2,2,5,8,0,3.94,9.0,33.0,82.5,False,0.56,0.332,72.0,363600.0,363708.0
2766,Old Town,1Story,5353.0,1726.0,1846.0,354.0,1935,1943,3,1,2,1,3,5,0,4.12,7.0,35.0,65.3,False,-0.56,0.281,37.0,292400.0,307278.0
2767,Hillcrest,1Story,7593.0,1214.0,150.0,344.0,1975,1991,6,6,3,0,5,10,1,1.41,3.0,54.5,63.3,True,-0.957,0.302,34.0,292300.0,304990.0
2768,Suburbia,1Story,13229.0,823.0,284.0,338.0,1938,1944,5,4,3,0,5,8,2,9.39,5.0,46.9,75.0,False,0.755,0.728,55.0,220300.0,246379.0
2769,Suburbia,1Story,8633.0,1481.0,1686.0,191.0,1999,2026,2,7,3,1,6,11,1,0.66,4.0,40.4,74.5,False,0.189,0.629,71.0,309200.0,307620.0
2770,Old Town,1.5Story,13681.0,1654.0,1149.0,781.0,1944,1951,10,1,3,2,2,6,2,10.47,6.0,53.3,84.0,False,-0.622,0.078,70.0,404600.0,381062.0
2771,Lakeside,SplitLevel,6235.0,1057.0,1093.0,388.0,1984,1989,4,2,3,1,4,7,2,9.63,3.0,7.8,52.7,False,-1.142,0.573,73.0,321500.0,322646.0
2772,Suburbia,SplitLevel,11693.0,1947.0,1131.0,323.0,1954,1980,7,2,1,1,5,7,1,9.57,7.0,43.4,78.2,False,-0.676,0.848,4.0,340600.0,349993.0
2773,Old Town,2Story,6449.0,2490.0,1190.0,280.0,1933,1947,5,8,1,1,4,4,0,6.57,5.0,39.4,47.1,False,0.392,0.06,42.0,345000.0,344672.0
2774,Downtown,1Story,8768.0,2313.0,1076.0,398.0,1972,2012,6,8,2,0,3,4,0,10.28,1.0,34.0,64.8,False,1.687,0.905,15.0,399800.0,401440.0
2775,Suburbia,2Story,8742.0,1780.0,544.0,349.0,1978,1994,10,2,3,1,4,8,0,9.16,1.0,30.0,66.0,False,-0.212,0.257,3.0,314400.0,335922.0
2776,Hillcrest,2Story,10214.0,838.0,1294.0,690.0,1986,2012,4,5,1,0,4,4,1,1.39,1.0,37.7,85.5,True,-0.833,0.328,73.0,356700.0,353549.0
2777,Suburbia,1.5Story,8846.0,2244.0,1227.0,0.0,1999,2026,9,8,3,2,4,8,1,3.98,2.0,23.6,68.2,False,2.157,0.399,98.0,381000.0,382324.0
2778,Riverside,1Story,6256.0,1931.0,1550.0,0.0,1985,2025,3,1,3,0,6,8,0,11.7,1.0,89.5,63.3,False,-0.372,0.142,91.0,277000.0,279080.0
2779,Lakeside,1.5Story,11027.0,2083.0,1691.0,548.0,2007,2026,4,2,1,0,4,6,0,7.37,7.0,62.2,93.7,False,-0.794,0.098,87.0,465600.0,440996.0
2780,Downtown,2Story,14855.0,2915.0,1089.0,443.0,1953,1976,1,7,2,1,3,4,1,0.82,6.0,56.9,60.3,False,-0.407,0.241,30.0,426500.0,427774.0
2781,Downtown,SplitLevel,6606.0,1396.0,434.0,424.0,1964,1997,4,6,1,1,2,3,1,10.1,1.0,24.4,59.5,False,-0.457,0.005,15.0,324700.0,302164.0
2782,Downtown,SplitLevel,4263.0,500.0,1694.0,0.0,1960,1971,6,8,1,1,2,3,0,3.56,5.0,15.9,34.2,False,1.271,0.577,39.0,273900.0,284144.0
2783,Suburbia,1Story,9650.0,1271.0,522.0,0.0,1972,2007,7,5,3,2,4,9,1,2.31,3.0,30.8,64.1,False,-1.674,0.134,44.0,254100.0,272778.0
2784,Hillcrest,SplitLevel,7216.0,2117.0,1092.0,453.0,1917,1952,5,10,1,2,3,5,1,17.24,6.0,37.3,51.1,False,0.595,0.093,87.0,358500.0,368533.0
2785,Lakeside,2Story,7740.0,1865.0,842.0,235.0,2007,2022,4,2,2,2,2,5,0,3.95,6.0,6.0,63.5,False,-0.011,0.563,32.0,401700.0,387141.0
2786,Suburbia,1.5Story,9844.0,1181.0,769.0,193.0,1965,1967,3,2,3,0,3,6,2,0.42,6.0,44.6,72.3,False,-0.557,0.593,26.0,253600.0,262955.0
2787,Suburbia,SplitLevel,6907.0,1069.0,1271.0,,1969,1997,10,7,2,1,3,7,0,7.84,4.0,56.6,48.5,True,-0.336,0.66,98.0,295800.0,313478.0
2788,Riverside,SplitLevel,7375.0,1655.0,1053.0,287.0,2010,2014,4,9,1,0,4,4,0,2.68,1.0,0.0,53.2,False,-0.251,0.504,92.0,323700.0,319533.0
2789,Old Town,SplitLevel,7824.0,1165.0,1166.0,503.0,1958,1958,4,1,1,2,2,3,0,7.31,,17.0,39.2,False,0.088,0.884,71.0,182500.0,251318.0
2790,Hillcrest,1Story,13554.0,2136.0,607.0,172.0,1958,1996,10,8,2,0,6,7,1,3.5,8.0,59.6,58.8,False,-0.451,0.125,14.0,403800.0,396735.0
2791,Suburbia,SplitLevel,8189.0,1624.0,877.0,388.0,1971,1994,7,10,1,2,6,8,2,0.42,9.0,42.5,51.0,False,-0.066,0.786,56.0,328200.0,336545.0
2792,Downtown,1.5Story,5258.0,1505.0,627.0,432.0,2018,2026,9,6,3,1,6,11,0,0.75,8.0,17.7,106.6,False,-0.777,0.411,25.0,422300.0,433702.0
2793,Suburbia,2Story,5332.0,1433.0,866.0,454.0,1931,1967,4,9,1,2,2,5,2,10.51,4.0,49.7,95.1,False,2.182,0.903,15.0,346800.0,326295.0
2794,Old Town,2Story,8508.0,1995.0,900.0,524.0,1919,1957,5,3,1,2,5,5,0,2.45,7.0,23.1,92.2,False,1.009,0.235,3.0,354500.0,364771.0
2795,Suburbia,1.5Story,5457.0,1873.0,1725.0,408.0,1913,1952,8,9,1,1,2,5,0,9.08,10.0,30.3,44.7,False,0.489,0.948,31.0,369100.0,379460.0
2796,Riverside,1Story,4690.0,1961.0,841.0,353.0,1992,1997,10,5,3,2,5,8,1,0.78,1.0,12.2,64.8,False,-0.444,0.867,9.0,391800.0,386072.0
2797,Suburbia,1Story,10122.0,1949.0,57.0,659.0,1901,1914,8,3,2,0,5,7,2,2.25,6.0,35.3,46.3,True,0.821,0.173,9.0,308300.0,342792.0
2798,Hillcrest,SplitLevel,10297.0,1810.0,1536.0,409.0,1989,2020,5,2,3,2,3,7,2,4.64,7.0,55.4,101.2,False,0.299,0.435,25.0,410600.0,401486.0
2799,Suburbia,1.5Story,7123.0,1282.0,1139.0,687.0,2011,2012,6,9,2,2,4,6,1,3.8,10.0,25.4,83.0,False,0.119,0.243,47.0,394000.0,371864.0
2800,Suburbia,1Story,8980.0,1448.0,895.0,408.0,1985,1994,4,8,1,0,6,6,2,3.03,6.0,47.9,49.1,False,-0.533,0.142,65.0,296300.0,285587.0
2801,Old Town,1Story,8655.0,1633.0,766.0,457.0,1921,1942,5,8,3,2,2,6,2,2.84,9.0,34.0,74.7,False,0.275,0.388,86.0,318600.0,331497.0
2802,Riverside,1Story,10005.0,2986.0,552.0,438.0,1983,1997,4,8,1,2,4,4,0,5.14,8.0,56.6,41.3,False,1.684,0.535,20.0,369400.0,378367.0
2803,Downtown,1.5Story,10013.0,1108.0,1764.0,497.0,1955,1962,1,3,2,1,3,6,1,0.7,8.0,25.7,65.5,False,0.081,0.402,78.0,349300.0,348471.0
2804,Riverside,1Story,3255.0,1620.0,972.0,0.0,1902,1938,9,2,1,2,2,3,0,0.73,1.0,66.1,64.8,False,-0.264,0.332,93.0,309200.0,304644.0
2805,Downtown,1Story,7449.0,1904.0,220.0,475.0,1924,1942,2,7,2,0,5,9,0,5.75,6.0,48.6,81.3,False,0.099,0.328,76.0,364200.0,344251.0
2806,Lakeside,1.5Story,9713.0,1683.0,1088.0,705.0,1993,2009,3,3,3,0,6,11,1,5.91,8.0,39.9,85.8,False,0.044,0.161,34.0,431200.0,411832.0
2807,Hillcrest,1.5Story,7019.0,2441.0,1457.0,,1970,1996,3,7,3,2,4,8,2,11.27,,40.6,68.4,False,-0.547,0.223,31.0,402500.0,405128.0
2808,Suburbia,SplitLevel,8206.0,1680.0,1016.0,629.0,1962,1989,3,10,3,2,4,8,1,7.57,10.0,25.7,64.0,False,-0.741,0.529,51.0,451000.0,342934.0
2809,Lakeside,2Story,10538.0,1721.0,571.0,0.0,1997,2017,5,8,2,0,4,6,0,0.9,7.0,24.4,22.0,False,0.793,0.159,82.0,333200.0,342908.0
2810,Lakeside,1.5Story,8336.0,2298.0,534.0,271.0,1966,2002,10,5,2,2,2,5,2,0.62,9.0,40.2,96.1,True,1.205,0.829,66.0,507800.0,499806.0
2811,Downtown,1Story,13736.0,2846.0,565.0,495.0,2022,2026,4,10,3,0,3,7,1,12.49,7.0,11.0,56.2,False,2.266,0.736,45.0,450900.0,437574.0
2812,Suburbia,2Story,12021.0,2624.0,1589.0,583.0,1906,1941,8,6,3,2,5,10,2,2.66,9.0,23.0,69.8,False,0.458,0.989,13.0,474100.0,473257.0
2813,Suburbia,1.5Story,7774.0,1775.0,920.0,377.0,1936,1971,8,5,2,2,4,5,1,8.05,10.0,16.3,108.7,False,0.117,0.317,66.0,405000.0,405013.0
2814,Downtown,1.5Story,7560.0,1823.0,245.0,348.0,1923,1923,8,10,1,1,3,5,2,0.68,1.0,46.4,46.5,False,0.902,0.182,68.0,382700.0,356601.0
2815,Downtown,1Story,2988.0,1876.0,1111.0,0.0,1952,1982,7,4,3,0,2,6,1,6.96,10.0,46.7,68.4,False,-0.908,0.076,50.0,386700.0,378311.0
2816,Riverside,1.5Story,7228.0,1931.0,1009.0,,2014,2020,8,3,1,0,2,3,0,1.27,6.0,60.4,76.9,False,0.643,0.35,12.0,358400.0,383753.0
2817,Hillcrest,1Story,5046.0,1384.0,761.0,629.0,1951,1970,8,2,1,1,4,5,1,21.56,5.0,28.3,87.7,False,1.039,0.921,44.0,356000.0,356461.0
2818,Riverside,2Story,8755.0,2365.0,521.0,389.0,1939,1976,7,7,1,2,3,4,2,5.7,3.0,18.8,68.0,False,1.024,0.591,82.0,401500.0,398986.0
2819,Hillcrest,1Story,8548.0,1964.0,503.0,,1910,1918,6,6,1,1,5,5,0,7.61,5.0,5.6,89.2,False,1.667,0.959,95.0,381400.0,384724.0
2820,Old Town,1Story,10338.0,1825.0,1406.0,612.0,1949,1972,1,8,3,1,4,7,2,7.68,,40.4,60.5,False,-0.598,0.914,48.0,329200.0,313576.0
2821,Hillcrest,1.5Story,13211.0,1151.0,1054.0,418.0,1928,1959,6,2,2,1,2,3,2,3.4,6.0,62.9,77.8,False,-0.492,0.38,84.0,333200.0,337271.0
2822,Suburbia,SplitLevel,8029.0,1884.0,1151.0,0.0,1923,1942,8,4,2,2,3,5,0,8.1,8.0,33.5,75.5,False,-0.215,0.438,8.0,332200.0,344370.0
2823,Downtown,1.5Story,18000.0,809.0,1053.0,0.0,1916,1919,4,2,2,2,2,4,1,0.43,7.0,35.5,66.4,False,-1.116,0.299,6.0,391600.0,304722.0
2824,Old Town,2Story,8790.0,1530.0,1088.0,378.0,1979,1981,3,4,2,0,2,6,0,1.49,8.0,34.9,73.8,False,0.538,0.742,70.0,314900.0,306526.0
2825,Old Town,1Story,5123.0,1540.0,753.0,0.0,1989,2010,6,10,2,0,5,9,1,6.09,6.0,40.1,52.3,False,0.675,0.569,97.0,253300.0,270097.0
2826,Suburbia,2Story,6656.0,2008.0,864.0,218.0,1993,1994,2,9,1,1,3,3,2,3.72,10.0,54.9,62.6,False,0.562,0.063,7.0,317300.0,323373.0
2827,Riverside,1.5Story,7112.0,2884.0,1439.0,561.0,1906,1906,8,5,2,0,6,8,1,19.74,9.0,73.4,44.8,False,0.149,0.919,14.0,434900.0,424401.0
2828,Lakeside,2Story,9969.0,2165.0,1544.0,347.0,2016,2026,10,1,3,2,3,5,1,21.35,10.0,45.0,60.1,False,1.006,0.785,97.0,449000.0,465851.0
2829,Suburbia,1Story,5817.0,2647.0,437.0,426.0,1963,1984,5,10,2,2,3,5,0,0.87,8.0,46.3,88.5,False,0.575,0.933,95.0,379400.0,392246.0
2830,Suburbia,1.5Story,7301.0,2205.0,863.0,0.0,1970,1989,1,2,3,1,4,7,0,7.18,3.0,30.2,75.6,False,-0.603,0.249,45.0,267200.0,288153.0
2831,Lakeside,1.5Story,7659.0,2469.0,1302.0,425.0,2010,2014,3,2,2,2,3,5,2,2.84,10.0,32.8,73.5,True,-2.95,0.753,4.0,452200.0,463232.0
2832,Hillcrest,2Story,6927.0,2871.0,1740.0,414.0,1934,1966,1,5,2,1,4,5,1,7.68,10.0,32.6,39.2,False,-0.331,0.634,38.0,407400.0,413895.0
2833,Riverside,1Story,10764.0,1447.0,1698.0,389.0,1963,1983,5,10,3,2,2,7,2,17.35,3.0,27.7,73.8,False,0.039,0.123,67.0,361000.0,363959.0
2834,Suburbia,1.5Story,10142.0,1412.0,616.0,369.0,1908,1917,4,8,1,2,2,5,1,6.81,9.0,37.6,66.9,True,0.047,0.26,31.0,307600.0,318986.0
2835,Suburbia,1Story,12189.0,2218.0,1486.0,671.0,1962,1992,8,4,2,0,6,10,1,0.82,6.0,47.5,77.7,False,-0.179,0.192,33.0,411800.0,416555.0
2836,Suburbia,2Story,7217.0,1848.0,975.0,464.0,1933,1942,9,5,2,2,3,5,2,1.63,8.0,36.3,92.9,True,-0.537,0.153,44.0,567200.0,428001.0
2837,Suburbia,SplitLevel,12343.0,1971.0,1389.0,440.0,1922,1942,5,1,1,1,2,4,0,3.47,4.0,29.4,60.6,False,-0.847,0.649,45.0,336900.0,332733.0
2838,Lakeside,1Story,5027.0,1713.0,1281.0,357.0,1977,1999,10,3,1,1,3,3,2,1.13,3.0,37.5,62.3,False,-1.033,0.866,78.0,443600.0,417217.0
2839,Hillcrest,1Story,4984.0,1522.0,419.0,395.0,1916,1927,5,7,1,0,4,6,0,0.7,5.0,15.8,84.5,False,0.435,0.988,49.0,335900.0,344270.0
2840,Downtown,2Story,5298.0,2741.0,1181.0,357.0,2022,2026,2,5,1,0,4,6,2,1.73,2.0,51.1,57.1,False,1.088,0.215,52.0,388600.0,394191.0
2841,Suburbia,1Story,8129.0,1245.0,1372.0,582.0,1929,1957,10,10,1,2,5,7,1,11.07,,26.7,69.6,False,-1.251,0.674,40.0,481600.0,359930.0
2842,Hillcrest,1Story,12343.0,2228.0,942.0,339.0,1909,1920,4,5,2,1,6,10,1,12.07,5.0,11.9,32.1,False,-0.061,0.078,64.0,341000.0,347378.0
2843,Hillcrest,2Story,6563.0,2138.0,847.0,120.0,1956,1962,9,9,1,0,3,3,1,7.2,10.0,44.2,62.5,True,0.789,0.239,69.0,427700.0,428028.0
2844,Lakeside,1Story,6858.0,982.0,290.0,469.0,1948,1961,8,8,2,1,3,5,2,0.79,1.0,45.2,91.5,False,-0.189,0.847,5.0,341000.0,364692.0
2845,Lakeside,1Story,7513.0,1393.0,1237.0,415.0,1982,2001,10,6,1,1,2,3,0,11.75,4.0,17.8,74.0,False,0.716,0.942,4.0,412700.0,417308.0
2846,Riverside,SplitLevel,9902.0,1486.0,1038.0,366.0,1984,2006,7,9,3,2,2,5,0,3.7,3.0,47.5,84.2,True,1.078,0.971,85.0,385800.0,374945.0
2847,Lakeside,SplitLevel,6856.0,2161.0,563.0,606.0,1974,1990,6,9,3,2,2,6,2,5.0,,47.7,85.2,False,0.394,0.464,4.0,455900.0,432329.0
2848,Downtown,2Story,6723.0,1648.0,813.0,120.0,1972,1973,3,4,1,1,2,4,1,15.79,1.0,74.5,92.3,False,-0.496,0.736,52.0,336400.0,318451.0
2849,Suburbia,2Story,5060.0,1803.0,1015.0,712.0,1997,2024,3,3,3,0,4,8,0,2.96,2.0,30.3,61.8,False,1.315,0.369,83.0,321800.0,320244.0
2850,Hillcrest,1.5Story,6634.0,1048.0,715.0,629.0,1982,1997,4,8,1,1,5,5,2,2.02,6.0,33.9,85.0,False,-0.267,0.701,52.0,346500.0,340552.0
2851,Hillcrest,SplitLevel,12236.0,3129.0,951.0,360.0,1917,1930,4,1,2,0,6,9,0,3.28,5.0,22.9,108.5,False,-0.267,0.152,8.0,457400.0,453273.0
2852,Hillcrest,SplitLevel,8365.0,1889.0,215.0,388.0,1958,1980,6,8,2,0,3,6,2,4.16,7.0,44.9,67.5,False,0.515,0.122,25.0,346100.0,352995.0
2853,Suburbia,2Story,6254.0,2124.0,1517.0,541.0,1986,2020,9,5,2,2,3,4,0,6.38,9.0,34.9,44.2,False,-0.301,0.984,15.0,388600.0,400423.0
2854,Hillcrest,2Story,12490.0,1553.0,957.0,545.0,1933,1933,1,8,3,0,5,9,1,6.77,2.0,54.8,57.3,True,-0.224,0.312,7.0,336400.0,333358.0
2855,Suburbia,2Story,6602.0,1491.0,488.0,359.0,2008,2026,7,2,3,0,5,9,0,4.17,4.0,26.3,76.4,False,-0.374,0.897,35.0,313000.0,314410.0
2856,Old Town,SplitLevel,13320.0,2902.0,0.0,201.0,1960,1986,8,6,2,1,5,9,0,3.65,9.0,44.4,38.1,True,-0.181,0.023,33.0,367700.0,357319.0
2857,Suburbia,1Story,13244.0,796.0,1382.0,798.0,1940,1962,5,6,1,1,2,3,0,1.97,3.0,30.2,54.3,False,0.197,0.831,65.0,264000.0,293437.0
2858,Hillcrest,1Story,8264.0,2003.0,1184.0,613.0,1948,1950,3,1,2,1,2,6,0,8.25,1.0,0.0,62.1,False,-1.973,0.937,81.0,352800.0,354927.0
2859,Suburbia,1Story,4796.0,1184.0,1038.0,485.0,1978,2007,5,6,2,0,4,7,0,3.74,3.0,47.6,70.0,False,-0.098,0.016,57.0,299000.0,284031.0
2860,Hillcrest,2Story,18058.0,1627.0,1313.0,488.0,1989,2018,9,7,1,2,4,7,2,21.29,4.0,0.0,100.3,False,-1.765,0.389,54.0,459800.0,452707.0
2861,Hillcrest,1Story,9279.0,1499.0,1312.0,559.0,1932,1954,10,5,3,0,3,5,2,4.12,3.0,31.8,80.4,True,-0.407,0.808,80.0,417200.0,429348.0
2862,Riverside,2Story,7235.0,1308.0,1032.0,579.0,1921,1953,7,7,2,2,6,7,0,2.31,6.0,32.1,48.0,True,0.338,0.004,26.0,349500.0,365653.0
2863,Hillcrest,1Story,11324.0,1869.0,843.0,,1911,1945,5,4,3,2,2,4,2,2.18,3.0,34.8,137.6,False,-0.327,0.305,47.0,404800.0,405344.0
2864,Downtown,1.5Story,10361.0,500.0,775.0,404.0,1962,1996,7,7,3,1,3,8,0,4.28,6.0,35.9,67.7,False,0.703,0.258,59.0,331300.0,321559.0
2865,Hillcrest,1.5Story,12821.0,1676.0,1127.0,387.0,2016,2026,7,3,1,0,5,7,0,8.04,9.0,35.7,37.8,False,0.348,0.134,80.0,358300.0,351942.0
2866,Downtown,1Story,6426.0,1800.0,1537.0,434.0,2020,2026,8,3,1,2,4,6,2,21.76,4.0,42.3,49.3,False,-2.156,0.088,35.0,379400.0,377952.0
2867,Hillcrest,SplitLevel,9059.0,1102.0,907.0,583.0,1970,1972,2,1,1,2,3,3,1,7.09,6.0,32.8,49.4,False,1.198,0.249,50.0,281400.0,273494.0
2868,Riverside,1.5Story,5351.0,2682.0,1570.0,174.0,1967,1990,1,1,2,1,4,6,0,10.83,8.0,87.3,43.7,False,0.25,0.2,22.0,327500.0,324321.0
2869,Old Town,2Story,10231.0,1523.0,1107.0,244.0,1963,1968,4,2,2,0,4,6,2,3.52,1.0,28.2,77.2,False,-0.569,0.974,31.0,298800.0,291392.0
2870,Downtown,2Story,8038.0,1719.0,1110.0,351.0,1929,1941,3,2,1,1,3,6,1,11.28,4.0,10.5,22.0,False,-0.47,0.022,73.0,330700.0,319065.0
2871,Suburbia,1Story,8941.0,1524.0,1960.0,485.0,1952,1979,7,8,2,1,5,6,0,22.0,7.0,6.8,85.7,False,-2.085,0.13,84.0,383800.0,389353.0
2872,Hillcrest,2Story,7698.0,1805.0,,593.0,2017,2026,6,3,1,1,5,8,0,10.75,3.0,48.2,82.7,False,0.218,0.807,16.0,387000.0,397971.0
2873,Downtown,2Story,7422.0,2569.0,1655.0,721.0,1977,2012,10,4,3,0,2,5,0,2.58,5.0,3.2,59.8,False,0.651,0.762,99.0,522300.0,513243.0
2874,Lakeside,2Story,5980.0,3210.0,615.0,414.0,1930,1933,8,2,3,1,2,7,0,4.64,5.0,10.8,84.5,False,-0.68,0.468,58.0,504200.0,510506.0
2875,Downtown,2Story,10686.0,2260.0,1871.0,0.0,1911,1950,2,5,3,2,6,9,2,9.98,10.0,7.9,48.3,False,-0.905,0.385,98.0,385300.0,409366.0
2876,Lakeside,1Story,13649.0,2448.0,915.0,574.0,1994,2022,9,3,2,1,3,4,0,13.32,2.0,,52.8,True,0.141,0.346,73.0,467400.0,449693.0
2877,Lakeside,1Story,6669.0,2794.0,854.0,547.0,2013,2026,8,4,3,1,2,6,0,4.44,7.0,61.6,77.9,False,1.195,0.973,12.0,478400.0,475263.0
2878,Hillcrest,2Story,9835.0,1987.0,43.0,456.0,1913,1914,4,1,1,2,4,4,0,1.79,10.0,16.1,64.2,False,1.091,0.867,6.0,356400.0,353763.0
2879,Riverside,1.5Story,9426.0,2714.0,1087.0,396.0,1947,1948,1,6,3,2,3,5,2,0.61,10.0,43.4,56.7,False,0.829,0.262,91.0,386700.0,388938.0
2880,Downtown,2Story,8126.0,2286.0,495.0,290.0,2007,2023,8,3,2,1,6,10,1,6.35,6.0,0.0,66.0,False,2.02,0.461,69.0,435100.0,424714.0
2881,Lakeside,1Story,4749.0,1929.0,1121.0,279.0,1931,1954,2,7,1,0,6,6,2,4.44,4.0,20.1,91.7,False,0.924,0.746,86.0,381100.0,396960.0
2882,Downtown,2Story,5138.0,2043.0,462.0,516.0,1922,1942,3,10,1,0,2,5,1,0.43,2.0,47.0,91.0,False,1.157,0.825,1.0,389200.0,389188.0
2883,Riverside,1.5Story,6165.0,848.0,1705.0,,1949,1961,5,5,1,2,2,3,2,1.49,3.0,28.8,75.7,False,0.087,0.122,15.0,331700.0,328179.0
2884,Hillcrest,SplitLevel,3833.0,2011.0,1182.0,0.0,1949,1975,1,6,2,1,5,7,1,7.72,8.0,54.9,61.6,False,-0.347,0.956,81.0,317700.0,310884.0
2885,Riverside,1Story,13264.0,1001.0,1908.0,566.0,1960,1985,4,9,1,1,3,4,1,4.52,1.0,0.0,77.4,False,1.135,0.819,84.0,337100.0,358233.0
2886,Lakeside,2Story,9216.0,956.0,520.0,428.0,2021,2026,3,4,3,2,2,5,2,9.13,8.0,20.3,52.5,False,-0.981,0.504,27.0,333000.0,325616.0
2887,Downtown,2Story,8019.0,1956.0,1601.0,314.0,2022,2026,1,2,2,1,4,8,1,0.61,10.0,44.1,89.0,False,0.424,0.501,98.0,398900.0,404126.0
2888,Old Town,2Story,3765.0,1237.0,193.0,417.0,1973,1991,10,8,1,0,5,7,1,7.39,5.0,43.8,85.1,False,-0.608,0.507,15.0,306500.0,314599.0
2889,Downtown,SplitLevel,4280.0,1846.0,1037.0,591.0,1909,1939,3,7,3,2,6,10,2,7.87,9.0,45.3,102.8,False,0.339,0.816,30.0,392300.0,411593.0
2890,Downtown,2Story,8096.0,1926.0,685.0,296.0,1933,1957,6,5,2,2,4,5,1,5.39,10.0,39.2,53.6,False,0.268,0.546,13.0,414100.0,386469.0
2891,Downtown,SplitLevel,16150.0,1951.0,,493.0,1922,1927,9,4,3,0,5,7,2,15.44,8.0,12.1,51.3,False,0.163,0.813,56.0,413600.0,415213.0
2892,Old Town,1Story,6345.0,1353.0,733.0,451.0,1900,1937,5,1,2,2,4,7,1,2.81,6.0,19.4,77.9,False,-0.018,0.864,43.0,291600.0,288558.0
2893,Suburbia,1Story,10964.0,2344.0,566.0,338.0,1948,1956,3,6,3,1,5,8,2,19.88,6.0,81.3,63.1,False,0.533,0.702,60.0,288800.0,301834.0
2894,Suburbia,SplitLevel,6850.0,1801.0,421.0,413.0,1900,1927,8,6,3,1,6,11,1,7.41,3.0,9.8,86.0,False,0.693,0.047,28.0,331100.0,350034.0
2895,Old Town,2Story,8261.0,2093.0,764.0,209.0,1972,1972,7,6,1,2,6,8,2,2.07,2.0,6.7,91.7,False,-1.399,0.448,52.0,379000.0,368890.0
2896,Downtown,1.5Story,12396.0,1192.0,,478.0,1934,1944,1,4,1,0,5,6,0,5.91,8.0,48.6,98.7,False,-0.045,0.256,46.0,325600.0,342261.0
2897,Old Town,2Story,7179.0,1752.0,1439.0,242.0,1991,2014,9,2,3,2,6,9,1,2.19,,13.8,69.1,False,-0.418,0.043,28.0,385000.0,368870.0
2898,Lakeside,SplitLevel,6364.0,2454.0,1074.0,632.0,1966,2000,2,6,2,0,2,5,2,2.61,10.0,70.8,83.8,False,0.194,0.649,84.0,457200.0,434971.0
2899,Suburbia,1Story,13311.0,2384.0,1440.0,445.0,2019,2026,8,7,1,2,5,6,0,1.92,8.0,89.7,58.7,False,-0.416,0.513,86.0,379700.0,389344.0
2900,Hillcrest,2Story,8233.0,1411.0,329.0,0.0,1961,1963,1,2,1,0,6,8,1,4.94,3.0,30.2,71.9,False,1.275,0.061,10.0,254300.0,259978.0
2901,Hillcrest,SplitLevel,11872.0,1550.0,768.0,646.0,1919,1958,1,2,3,0,6,11,0,1.02,10.0,41.2,67.0,False,-0.068,0.622,29.0,293500.0,325004.0
2902,Old Town,2Story,6375.0,1306.0,1249.0,295.0,2016,2026,2,5,1,1,3,4,1,3.86,1.0,0.0,66.1,False,0.987,0.19,26.0,250800.0,272358.0
2903,Downtown,2Story,13258.0,1489.0,1094.0,340.0,1938,1952,8,1,2,1,4,5,1,9.43,1.0,55.6,100.8,True,-0.952,0.937,27.0,416700.0,408876.0
2904,Old Town,1.5Story,8917.0,1081.0,588.0,167.0,1996,2000,5,2,1,2,5,6,1,16.93,7.0,0.0,43.8,False,-0.281,0.697,11.0,245300.0,229784.0
2905,Hillcrest,1Story,9435.0,1774.0,1342.0,670.0,1998,2026,7,7,2,2,2,3,0,10.05,7.0,8.2,67.9,False,-0.615,0.004,38.0,407500.0,417170.0
2906,Suburbia,SplitLevel,8485.0,2198.0,,760.0,2016,2026,3,3,3,2,5,9,2,2.49,8.0,37.4,69.0,False,0.394,0.871,63.0,344300.0,352069.0
2907,Old Town,1Story,6789.0,1418.0,,192.0,1980,1989,2,5,2,1,3,7,2,0.96,7.0,46.0,79.6,False,-1.185,0.065,37.0,237600.0,257151.0
2908,Downtown,1Story,8098.0,1800.0,1155.0,329.0,1964,1990,8,7,1,0,6,9,1,11.59,3.0,5.3,48.3,False,-1.709,0.012,62.0,371900.0,385921.0
2909,Old Town,2Story,6940.0,1729.0,953.0,,1948,1956,9,2,1,2,5,7,1,3.38,,24.1,62.6,False,-0.626,0.395,7.0,464700.0,336538.0
2910,Riverside,2Story,11337.0,2430.0,730.0,377.0,1956,1977,9,3,3,1,3,7,1,1.38,10.0,1.8,57.3,False,0.561,0.156,84.0,443700.0,439822.0
2911,Suburbia,SplitLevel,7547.0,1514.0,,,1998,2025,1,3,1,1,2,5,0,1.12,4.0,28.7,27.5,False,-0.81,0.818,51.0,204000.0,226217.0
2912,Downtown,2Story,4799.0,1534.0,501.0,0.0,1971,2004,10,5,2,1,5,9,1,1.44,2.0,19.0,88.9,True,0.266,0.945,72.0,410500.0,403515.0
2913,Riverside,1Story,4502.0,1385.0,784.0,525.0,1906,1934,6,6,3,2,4,9,1,17.79,,22.3,41.5,False,-0.647,0.783,48.0,322300.0,292979.0
2914,Suburbia,2Story,4428.0,1224.0,1412.0,306.0,1946,1969,2,1,3,1,5,7,2,10.13,,48.0,39.1,False,-1.753,0.368,69.0,251900.0,256756.0
2915,Hillcrest,2Story,10060.0,2141.0,1053.0,491.0,2015,2016,2,5,1,2,2,3,2,3.74,9.0,40.6,85.1,False,0.852,0.292,56.0,393100.0,401295.0
2916,Downtown,1Story,5415.0,1776.0,1353.0,281.0,1926,1935,6,7,1,1,4,7,0,12.55,9.0,46.2,62.0,False,0.649,0.343,16.0,387400.0,380230.0
2917,Lakeside,1.5Story,9000.0,1880.0,1167.0,394.0,1959,1982,7,9,2,2,5,6,1,1.72,9.0,32.4,62.6,True,-0.04,0.087,22.0,473400.0,460984.0
2918,Suburbia,1.5Story,8500.0,2551.0,693.0,182.0,2005,2026,1,6,2,2,6,9,2,15.24,2.0,49.3,62.9,False,0.043,0.904,81.0,308300.0,298163.0
2919,Downtown,SplitLevel,7922.0,2583.0,257.0,395.0,1936,1957,5,7,3,2,3,7,1,2.26,1.0,34.3,87.3,True,-0.208,0.244,34.0,419400.0,423316.0
2920,Suburbia,2Story,9447.0,945.0,561.0,368.0,1985,2015,3,9,3,1,3,6,2,3.4,6.0,25.2,58.1,False,-1.033,0.25,0.0,266600.0,271809.0
2921,Old Town,1Story,8565.0,2206.0,668.0,0.0,1998,2026,10,8,1,0,5,7,1,7.6,6.0,46.4,78.7,False,1.306,0.716,52.0,332100.0,353448.0
2922,Downtown,2Story,3139.0,1974.0,636.0,451.0,1941,1961,7,6,2,0,3,4,0,1.43,1.0,,47.5,False,-0.101,0.618,71.0,357900.0,373068.0
2923,Lakeside,1.5Story,7235.0,1596.0,1362.0,480.0,2012,2017,4,6,3,1,6,8,0,1.1,9.0,28.4,73.9,False,0.362,0.959,85.0,421100.0,416626.0
2924,Suburbia,1Story,9403.0,2030.0,1358.0,,1956,1974,5,10,2,1,5,7,0,3.14,7.0,56.4,84.2,False,-0.499,0.981,81.0,373200.0,379816.0
2925,Downtown,1Story,14387.0,900.0,1879.0,120.0,1937,1947,9,8,2,2,6,7,1,1.09,7.0,54.5,93.3,False,0.443,0.417,94.0,410400.0,407308.0
2926,Riverside,2Story,14622.0,2654.0,629.0,,1928,1949,7,3,3,0,2,5,2,5.63,6.0,29.1,40.1,False,1.145,0.921,22.0,381500.0,384487.0
2927,Suburbia,SplitLevel,5029.0,2133.0,1621.0,409.0,1933,1957,4,5,2,1,2,4,1,0.89,10.0,52.5,62.7,False,0.167,0.955,71.0,360000.0,359205.0
2928,Riverside,SplitLevel,7170.0,1374.0,1618.0,505.0,1970,1992,9,8,2,2,6,10,0,3.5,8.0,9.4,96.8,False,0.361,0.856,31.0,428900.0,428698.0
2929,Hillcrest,SplitLevel,4684.0,1528.0,852.0,422.0,1928,1951,7,6,2,2,3,5,1,1.93,6.0,29.2,84.6,False,0.878,0.933,87.0,383000.0,373789.0
2930,Suburbia,2Story,13794.0,913.0,1149.0,322.0,1945,1957,1,5,3,2,3,8,0,15.48,6.0,20.0,64.4,False,0.707,0.6,24.0,271900.0,261357.0
2931,Riverside,SplitLevel,11551.0,1677.0,1471.0,422.0,1989,1996,7,7,1,2,3,3,1,9.35,9.0,35.0,68.1,False,1.044,0.114,71.0,386600.0,386860.0
2932,Lakeside,2Story,9161.0,1584.0,925.0,408.0,2010,2026,10,4,1,0,4,4,0,17.25,4.0,49.7,73.3,False,0.321,0.86,81.0,404600.0,407078.0
2933,Riverside,1Story,8588.0,1121.0,893.0,585.0,1985,2001,9,7,3,2,6,9,0,1.21,9.0,46.1,61.3,False,0.32,0.308,59.0,356200.0,356638.0
2934,Old Town,2Story,13137.0,2277.0,687.0,0.0,1966,1974,1,8,2,1,5,7,0,2.8,2.0,43.4,77.8,False,0.239,0.925,42.0,287500.0,297233.0
2935,Suburbia,2Story,12382.0,2552.0,0.0,371.0,1987,2026,9,9,1,1,2,5,1,8.83,,37.7,76.8,False,0.865,0.519,46.0,396600.0,383183.0
2936,Riverside,1Story,12153.0,1835.0,980.0,452.0,1951,1952,10,10,2,2,6,8,1,3.03,1.0,31.8,47.9,False,-0.432,0.49,36.0,376600.0,383550.0
2937,Hillcrest,2Story,9508.0,1682.0,652.0,504.0,1934,1948,2,8,1,2,4,5,0,15.37,4.0,59.0,59.2,False,0.531,0.831,11.0,309500.0,311428.0
2938,Downtown,1Story,7171.0,2089.0,498.0,528.0,1994,2024,7,8,2,1,5,9,2,8.91,6.0,4.1,59.8,False,2.297,0.388,50.0,414300.0,412087.0
2939,Lakeside,1.5Story,10599.0,1839.0,1127.0,724.0,1917,1933,8,8,2,1,3,7,0,12.15,,21.7,63.4,False,0.359,0.106,60.0,463000.0,459143.0
2940,Downtown,SplitLevel,10782.0,1255.0,340.0,455.0,2014,2026,1,4,2,1,2,6,1,24.9,10.0,43.2,72.9,True,-1.197,0.784,73.0,308800.0,305504.0
2941,Old Town,1.5Story,7580.0,1491.0,1289.0,647.0,1954,1968,9,10,2,1,4,6,0,6.48,1.0,65.6,71.2,False,-0.29,0.291,5.0,338800.0,340521.0
2942,Lakeside,1Story,7166.0,1687.0,1153.0,274.0,2002,2026,4,6,3,2,3,5,0,1.93,8.0,28.1,55.0,False,0.621,0.846,66.0,400800.0,380424.0
2943,Suburbia,2Story,12048.0,1987.0,782.0,358.0,1912,1929,3,9,1,2,2,3,0,6.35,3.0,29.8,92.1,False,-0.671,0.916,28.0,352300.0,351383.0
2944,Lakeside,SplitLevel,14508.0,1855.0,923.0,0.0,1962,1981,3,3,3,0,5,7,1,2.75,4.0,9.2,68.1,False,-0.978,0.392,70.0,360400.0,363551.0
2945,Hillcrest,2Story,6234.0,1966.0,450.0,0.0,1953,1973,6,4,2,2,6,10,0,16.21,9.0,24.2,94.3,False,-1.379,0.67,49.0,393800.0,371511.0
2946,Hillcrest,2Story,7390.0,1011.0,1265.0,564.0,1944,1983,8,7,1,1,6,6,0,2.22,10.0,49.2,93.9,False,-0.208,0.018,94.0,390100.0,399736.0
2947,Hillcrest,2Story,9162.0,2216.0,1029.0,120.0,1964,1995,9,6,3,1,3,6,1,2.47,8.0,66.6,48.9,False,1.612,0.794,10.0,421400.0,399223.0
2948,Suburbia,1.5Story,9608.0,1852.0,1060.0,490.0,1983,1998,3,5,1,0,5,7,1,13.6,2.0,29.1,59.2,False,-0.531,0.459,25.0,277600.0,302330.0
2949,Old Town,1Story,6749.0,3254.0,1161.0,557.0,2018,2026,9,3,2,1,4,7,2,3.86,1.0,19.0,60.5,False,0.876,0.264,72.0,423400.0,428339.0
2950,Suburbia,1.5Story,15666.0,1637.0,680.0,548.0,2002,2018,9,3,1,0,4,4,1,0.62,10.0,36.4,73.6,False,-0.279,0.875,20.0,352100.0,372733.0
2951,Downtown,1Story,9393.0,2028.0,312.0,269.0,1929,1959,1,8,3,0,5,9,0,0.7,3.0,2.7,81.1,False,-0.387,0.409,25.0,339200.0,356013.0
2952,Suburbia,1Story,9759.0,3406.0,1352.0,584.0,2023,2026,4,1,1,2,3,3,2,3.6,3.0,59.7,70.6,False,0.517,0.823,64.0,419100.0,413498.0
2953,Downtown,1Story,14997.0,1957.0,1239.0,461.0,1962,1983,1,2,1,0,3,4,2,2.31,6.0,10.4,58.1,False,-1.534,0.421,51.0,588300.0,368025.0
2954,Old Town,2Story,6925.0,1813.0,725.0,555.0,1957,1974,10,10,2,2,4,8,2,5.67,2.0,41.3,97.7,False,1.669,0.95,14.0,386600.0,394090.0
2955,Riverside,1Story,7856.0,1307.0,1122.0,440.0,1901,1917,5,10,3,2,5,8,2,14.88,7.0,41.0,60.1,False,0.537,0.67,32.0,352400.0,332216.0
2956,Hillcrest,1Story,5226.0,2691.0,1478.0,521.0,1984,2006,3,1,2,1,4,6,2,6.69,9.0,47.6,81.4,False,1.051,0.667,64.0,436500.0,422497.0
2957,Downtown,1Story,7629.0,1212.0,1428.0,637.0,2011,2026,9,2,1,2,3,3,2,3.44,4.0,40.1,67.3,False,-0.258,0.124,6.0,388400.0,389042.0
2958,Downtown,2Story,4812.0,2085.0,713.0,427.0,1936,1975,7,4,2,0,2,6,1,0.9,5.0,,66.8,False,0.496,0.748,95.0,383300.0,405633.0
2959,Lakeside,1.5Story,10528.0,1590.0,325.0,505.0,2009,2011,10,6,3,0,4,8,1,9.75,9.0,43.6,80.1,False,0.933,0.52,39.0,439400.0,427532.0
2960,Old Town,1Story,9386.0,1746.0,397.0,0.0,1911,1920,9,2,3,2,2,7,1,1.18,9.0,51.7,95.8,False,-0.091,0.718,45.0,321600.0,327539.0
2961,Suburbia,2Story,7354.0,1067.0,819.0,439.0,2021,2026,10,10,1,0,4,5,1,1.41,1.0,70.9,73.5,False,-0.873,0.867,65.0,325700.0,322043.0
2962,Old Town,2Story,7823.0,2589.0,1564.0,280.0,1931,1937,3,5,3,0,5,8,1,2.88,8.0,12.9,59.2,False,-0.943,0.703,21.0,389500.0,379602.0
2963,Downtown,1Story,10578.0,1697.0,644.0,568.0,1960,1985,3,6,3,2,4,7,0,19.7,1.0,0.0,94.6,False,-0.423,0.499,56.0,365300.0,370284.0
2964,Riverside,1Story,5445.0,1182.0,700.0,690.0,1901,1918,1,2,2,1,4,5,2,3.1,,4.1,76.9,False,0.227,0.852,99.0,305200.0,289410.0
2965,Lakeside,1.5Story,8703.0,2539.0,691.0,0.0,2013,2020,4,4,1,0,3,6,0,5.8,7.0,0.0,71.1,False,-0.163,0.738,95.0,408300.0,413012.0
2966,Riverside,2Story,10351.0,1573.0,727.0,0.0,1964,1984,6,8,2,0,3,6,2,1.7,2.0,11.0,86.5,False,-0.489,0.765,38.0,361200.0,354517.0
2967,Hillcrest,1.5Story,4342.0,2034.0,945.0,120.0,2022,2026,6,7,3,2,6,9,2,4.84,2.0,8.5,73.8,False,0.678,0.912,99.0,389900.0,380584.0
2968,Hillcrest,2Story,10298.0,2313.0,412.0,0.0,1947,1976,7,3,1,1,6,8,2,6.09,5.0,26.7,112.2,False,-0.461,0.138,11.0,424300.0,413027.0
2969,Riverside,1Story,4510.0,2111.0,1405.0,366.0,1907,1940,8,5,2,2,2,3,1,5.66,5.0,52.1,68.0,False,-0.598,0.499,89.0,412400.0,390823.0
2970,Lakeside,1.5Story,7776.0,642.0,889.0,467.0,1985,2024,9,2,2,1,3,5,1,16.99,6.0,47.5,88.7,True,0.939,0.124,41.0,364800.0,374962.0
2971,Riverside,1Story,5393.0,2232.0,1991.0,730.0,1920,1938,6,5,1,1,3,4,1,4.08,10.0,22.6,76.0,False,0.551,0.75,31.0,440800.0,454784.0
2972,Suburbia,2Story,13372.0,1795.0,457.0,0.0,1977,2005,3,3,2,1,5,9,2,3.06,,24.3,75.9,False,-1.225,0.432,8.0,293100.0,297120.0
2973,Downtown,1Story,5405.0,1669.0,1618.0,0.0,1904,1936,5,10,1,0,2,5,1,11.74,4.0,75.2,61.5,False,-1.331,0.72,61.0,380200.0,342525.0
2974,Old Town,SplitLevel,4548.0,1790.0,1534.0,399.0,1921,1961,9,3,1,1,5,8,1,1.6,3.0,46.9,61.6,False,-1.108,0.122,8.0,350700.0,334009.0
2975,Riverside,SplitLevel,8490.0,964.0,777.0,337.0,1980,2006,9,5,2,2,2,4,0,15.55,9.0,,76.9,True,-0.031,0.62,72.0,334700.0,341543.0
2976,Suburbia,2Story,7011.0,1956.0,784.0,595.0,1984,1994,10,7,3,1,6,10,0,3.43,3.0,37.4,52.4,False,1.178,0.113,4.0,370100.0,374420.0
2977,Suburbia,1.5Story,4786.0,1100.0,563.0,0.0,1919,1933,6,1,3,2,2,7,0,2.88,1.0,29.2,57.6,False,1.447,0.353,52.0,230500.0,230650.0
2978,Suburbia,1Story,9740.0,1693.0,568.0,0.0,1923,1931,8,3,2,2,6,7,2,8.05,6.0,75.1,68.3,False,0.75,0.536,45.0,295700.0,292351.0
2979,Suburbia,2Story,4036.0,1936.0,950.0,337.0,2008,2016,5,10,3,1,6,10,2,3.89,8.0,31.2,90.3,True,1.913,0.692,98.0,409300.0,401347.0
2980,Suburbia,1.5Story,5638.0,2441.0,959.0,540.0,1900,1912,1,7,1,1,5,6,2,0.47,,38.0,69.4,False,0.202,0.501,45.0,344200.0,335777.0
2981,Suburbia,1Story,6625.0,1399.0,277.0,295.0,1928,1948,8,3,2,0,6,9,1,9.57,7.0,2.0,69.2,False,1.109,0.731,31.0,320700.0,305932.0
2982,Lakeside,1Story,10730.0,2648.0,1913.0,332.0,2022,2026,1,5,2,2,4,6,2,3.04,5.0,22.3,48.9,False,-0.571,0.174,73.0,456400.0,431628.0
2983,Downtown,SplitLevel,12752.0,2371.0,841.0,445.0,1968,1979,7,9,1,0,5,7,0,4.35,8.0,24.0,98.5,False,-1.556,0.642,86.0,466100.0,467776.0
2984,Suburbia,1Story,11920.0,1614.0,978.0,329.0,1903,1910,10,2,2,0,5,7,2,5.08,1.0,44.7,87.9,False,-0.309,0.386,54.0,348500.0,351105.0
2985,Downtown,1.5Story,7680.0,1240.0,,628.0,2012,2017,1,3,3,2,2,7,2,1.25,9.0,19.5,90.0,False,-0.125,0.154,75.0,350700.0,355206.0
2986,Lakeside,1Story,3465.0,1056.0,838.0,367.0,1943,1951,8,3,1,0,6,9,1,2.23,9.0,36.0,41.9,True,2.585,0.853,86.0,355500.0,358930.0
2987,Downtown,2Story,9291.0,1999.0,800.0,425.0,1990,2007,9,7,2,1,5,8,0,17.33,7.0,22.9,74.3,False,-0.0,0.976,45.0,439200.0,434672.0
2988,Riverside,1Story,13558.0,1444.0,949.0,319.0,1980,1996,7,6,1,0,4,5,2,6.31,7.0,13.0,51.1,False,-1.018,0.24,87.0,351900.0,344052.0
2989,Lakeside,SplitLevel,12479.0,2510.0,944.0,626.0,1946,1962,7,6,2,2,3,4,0,5.25,8.0,12.2,81.9,False,0.965,0.158,80.0,513200.0,491889.0
2990,Suburbia,1Story,9528.0,1476.0,,353.0,1946,1959,10,4,1,0,5,5,1,3.17,2.0,31.5,73.8,False,-0.76,0.764,17.0,341000.0,349764.0
2991,Suburbia,2Story,5344.0,1355.0,1045.0,643.0,1969,1987,8,4,2,0,6,8,0,5.95,9.0,37.1,77.3,False,0.144,0.991,43.0,364700.0,360312.0
2992,Suburbia,1.5Story,6742.0,1978.0,1246.0,631.0,1948,1974,1,6,2,1,2,6,1,1.83,8.0,31.1,55.1,False,0.877,0.419,4.0,322300.0,332748.0
2993,Hillcrest,SplitLevel,15944.0,1473.0,946.0,389.0,1921,1922,8,8,3,1,6,11,2,2.66,8.0,18.3,49.3,False,-0.932,0.791,76.0,385700.0,380675.0
2994,Riverside,SplitLevel,4935.0,1855.0,1047.0,465.0,1991,2026,8,9,2,0,4,7,0,16.77,5.0,32.2,56.5,False,1.517,0.147,70.0,394900.0,361814.0
2995,Riverside,1Story,5422.0,2392.0,849.0,0.0,1984,1996,3,8,1,0,5,8,0,1.33,2.0,28.5,73.5,False,1.127,0.228,3.0,338300.0,339989.0
2996,Riverside,1Story,11270.0,1914.0,1371.0,547.0,1975,1980,7,1,1,0,2,3,1,1.67,6.0,14.2,63.6,False,0.353,0.141,0.0,421400.0,391025.0
2997,Suburbia,1Story,6968.0,1917.0,1086.0,0.0,1993,2000,9,5,2,0,2,5,2,1.14,6.0,36.7,72.6,False,1.752,0.666,60.0,345900.0,356241.0
2998,Lakeside,SplitLevel,5358.0,1963.0,884.0,393.0,1965,1987,9,4,3,0,5,9,0,1.04,3.0,71.2,49.6,False,-0.382,0.588,39.0,378600.0,384318.0
2999,Old Town,SplitLevel,13833.0,919.0,871.0,0.0,2016,2026,9,10,3,0,3,5,0,0.9,10.0,32.0,67.9,False,0.794,0.662,4.0,296100.0,300383.0
3000,Downtown,SplitLevel,9522.0,2066.0,904.0,207.0,2011,2014,8,5,3,1,3,7,2,3.79,4.0,5.8,93.1,False,0.279,0.169,5.0,437500.0,435316.0
